Time_Minutes,Power_PerUnit
0,0.0
1,0.0
2,0.0
3,0.0
4,0.0
5,0.0
6,0.0
7,0.0
8,0.0
9,0.0
10,0.0
11,0.0
12,0.0
13,0.0
14,0.0
15,0.0
16,0.0
17,0.0
18,0.0
19,0.0
20,0.0
21,0.0
22,0.0
23,0.0
24,0.0
25,0.0
26,0.0
27,0.0
28,0.0
29,0.0
30,0.0
31,0.0
32,0.0
33,0.0
34,0.0
35,0.0
36,0.0
37,0.0
38,0.0
39,0.0
40,0.0
41,0.0
42,0.0
43,0.0
44,0.0
45,0.0
46,0.0
47,0.0
48,0.0
49,0.0
50,0.0
51,0.0
52,0.0
53,0.0
54,0.0
55,0.0
56,0.0
57,0.0
58,0.0
59,0.0
60,0.0
61,0.0
62,0.0
63,0.0
64,0.0
65,0.0
66,0.0
67,0.0
68,0.0
69,0.0
70,0.0
71,0.0
72,0.0
73,0.0
74,0.0
75,0.0
76,0.0
77,0.0
78,0.0
79,0.0
80,0.0
81,0.0
82,0.0
83,0.0
84,0.0
85,0.0
86,0.0
87,0.0
88,0.0
89,0.0
90,0.0
91,0.0
92,0.0
93,0.0
94,0.0
95,0.0
96,0.0
97,0.0
98,0.0
99,0.0
100,0.0
101,0.0
102,0.0
103,0.0
104,0.0
105,0.0
106,0.0
107,0.0
108,0.0
109,0.0
110,0.0
111,0.0
112,0.0
113,0.0
114,0.0
115,0.0
116,0.0
117,0.0
118,0.0
119,0.0
120,0.0
121,0.0
122,0.0
123,0.0
124,0.0
125,0.0
126,0.0
127,0.0
128,0.0
129,0.0
130,0.0
131,0.0
132,0.0
133,0.0
134,0.0
135,0.0
136,0.0
137,0.0
138,0.0
139,0.0
140,0.0
141,0.0
142,0.0
143,0.0
144,0.0
145,0.0
146,0.0
147,0.0
148,0.0
149,0.0
150,0.0
151,0.0
152,0.0
153,0.0
154,0.0
155,0.0
156,0.0
157,0.0
158,0.0
159,0.0
160,0.0
161,0.0
162,0.0
163,0.0
164,0.0
165,0.0
166,0.0
167,0.0
168,0.0
169,0.0
170,0.0
171,0.0
172,0.0
173,0.0
174,0.0
175,0.0
176,0.0
177,0.0
178,0.0
179,0.0
180,0.0
181,0.0
182,0.0
183,0.0
184,0.0
185,0.0
186,0.0
187,0.0
188,0.0
189,0.0
190,0.0
191,0.0
192,0.0
193,0.0
194,0.0
195,0.0
196,0.0
197,0.0
198,0.0
199,0.0
200,0.0
201,0.0
202,0.0
203,0.0
204,0.0
205,0.0
206,0.0
207,0.0
208,0.0
209,0.0
210,0.0
211,0.0
212,0.0
213,0.0
214,0.0
215,0.0
216,0.0
217,0.0
218,0.0
219,0.0
220,0.0
221,0.0
222,0.0
223,0.0
224,0.0
225,0.0
226,0.0
227,0.0
228,0.0
229,0.0
230,0.0
231,0.0
232,0.0
233,0.0
234,0.0
235,0.0
236,0.0
237,0.0
238,0.0
239,0.0
240,0.0
241,0.0
242,0.0
243,0.0
244,0.0
245,0.0
246,0.0
247,0.0
248,0.0
249,0.0
250,0.0
251,0.0
252,0.0
253,0.0
254,0.0
255,0.0
256,0.0
257,0.0
258,0.0
259,0.0
260,0.0
261,0.0
262,0.0
263,0.0
264,0.0
265,0.0
266,0.0
267,0.0
268,0.0
269,0.0
270,0.0
271,0.0
272,0.0
273,0.0
274,0.0
275,0.0
276,0.0
277,0.0
278,0.0
279,0.0
280,0.0
281,0.0
282,0.0
283,0.0
284,0.0
285,0.0
286,0.0
287,0.0
288,0.0
289,0.0
290,0.0
291,0.0
292,0.0
293,0.0
294,0.0
295,0.0
296,0.0
297,0.0
298,0.0
299,0.0
300,0.0
301,0.0
302,0.0
303,0.0
304,0.0
305,0.0
306,0.0
307,0.0
308,0.0
309,0.0
310,0.0
311,0.0
312,0.0
313,0.0
314,0.0
315,0.0
316,0.0
317,0.0
318,0.0
319,0.0
320,0.0
321,0.0
322,0.0
323,0.0
324,0.0
325,0.0
326,0.0
327,0.0
328,0.0
329,0.0
330,0.0
331,0.0
332,0.0
333,0.0
334,0.0
335,0.0
336,0.0
337,0.0
338,0.0
339,0.0
340,0.0
341,0.0
342,0.0
343,0.0
344,0.0
345,0.0
346,0.0
347,0.0
348,0.0
349,0.0
350,0.0
351,0.0
352,0.0
353,0.0
354,0.0
355,0.0
356,0.0
357,0.0
358,0.0
359,0.0
360,0.0
361,0.0
362,0.0
363,0.0
364,0.0
365,0.0
366,0.0
367,0.0
368,0.0
369,0.0
370,0.0
371,0.0
372,0.0
373,0.0
374,0.0
375,0.0
376,0.0
377,0.0
378,0.0
379,0.0
380,0.0
381,0.0
382,0.0
383,0.0
384,0.0
385,0.0
386,0.0
387,0.0
388,0.0
389,0.0
390,0.0
391,0.0
392,0.0
393,0.0
394,0.0
395,0.0
396,0.0
397,0.0
398,0.0
399,0.0
400,0.0
401,0.0
402,0.0
403,0.0
404,0.0
405,0.0
406,0.0
407,0.0
408,0.0
409,0.0
410,0.0
411,0.0
412,0.0
413,0.0
414,0.0
415,0.0
416,0.0
417,0.0
418,0.0
419,0.0
420,0.0
421,0.0
422,0.0
423,0.0
424,0.0
425,0.0
426,0.0
427,0.0
428,0.0
429,0.0
430,0.0
431,0.0
432,0.0
433,0.0
434,0.0
435,0.0
436,0.0
437,0.0
438,0.0
439,0.0
440,0.0
441,0.0
442,0.0
443,0.0
444,0.0
445,0.0
446,0.0
447,0.0
448,0.0
449,0.0
450,0.0
451,0.0
452,0.0
453,0.0
454,0.0
455,0.0
456,0.0
457,0.0
458,0.0
459,0.0
460,0.0
461,0.0
462,0.0
463,0.0
464,0.0
465,0.0
466,0.0
467,0.0
468,0.0
469,0.0
470,0.0
471,0.0
472,0.0
473,0.0
474,0.0
475,0.0
476,0.0
477,0.0
478,0.0
479,0.0
480,0.0
481,0.0033
482,0.0065
483,0.0098
484,0.0131
485,0.0164
486,0.0196
487,0.0229
488,0.0262
489,0.0294
490,0.0327
491,0.036
492,0.0392
493,0.0425
494,0.0458
495,0.049
496,0.0523
497,0.0555
498,0.0588
499,0.062
500,0.0653
501,0.0685
502,0.0717
503,0.075
504,0.0782
505,0.0814
506,0.0847
507,0.0879
508,0.0911
509,0.0943
510,0.0975
511,0.1008
512,0.104
513,0.1072
514,0.1103
515,0.1135
516,0.1167
517,0.1199
518,0.1231
519,0.1262
520,0.1294
521,0.1326
522,0.1357
523,0.1389
524,0.142
525,0.1451
526,0.1483
527,0.1514
528,0.1545
529,0.1576
530,0.1607
531,0.1638
532,0.1669
533,0.17
534,0.1731
535,0.1761
536,0.1792
537,0.1822
538,0.1853
539,0.1883
540,0.1913
541,0.1944
542,0.1974
543,0.2004
544,0.2034
545,0.2064
546,0.2093
547,0.2123
548,0.2153
549,0.2182
550,0.2211
551,0.2241
552,0.227
553,0.2299
554,0.2328
555,0.2357
556,0.2386
557,0.2415
558,0.2443
559,0.2472
560,0.25
561,0.2528
562,0.2556
563,0.2585
564,0.2612
565,0.264
566,0.2668
567,0.2696
568,0.2723
569,0.2751
570,0.2778
571,0.2805
572,0.2832
573,0.2859
574,0.2886
575,0.2912
576,0.2939
577,0.2965
578,0.2992
579,0.3018
580,0.3044
581,0.307
582,0.3095
583,0.3121
584,0.3147
585,0.3172
586,0.3197
587,0.3222
588,0.3247
589,0.3272
590,0.3297
591,0.3321
592,0.3346
593,0.337
594,0.3394
595,0.3418
596,0.3442
597,0.3465
598,0.3489
599,0.3512
600,0.3536
601,0.3559
602,0.3582
603,0.3604
604,0.3627
605,0.3649
606,0.3672
607,0.3694
608,0.3716
609,0.3738
610,0.3759
611,0.3781
612,0.3802
613,0.3823
614,0.3844
615,0.3865
616,0.3886
617,0.3906
618,0.3927
619,0.3947
620,0.3967
621,0.3987
622,0.4006
623,0.4026
624,0.4045
625,0.4064
626,0.4083
627,0.4102
628,0.4121
629,0.4139
630,0.4157
631,0.4175
632,0.4193
633,0.4211
634,0.4229
635,0.4246
636,0.4263
637,0.428
638,0.4297
639,0.4314
640,0.433
641,0.4346
642,0.4362
643,0.4378
644,0.4394
645,0.441
646,0.4425
647,0.444
648,0.4455
649,0.447
650,0.4484
651,0.4499
652,0.4513
653,0.4527
654,0.4541
655,0.4554
656,0.4568
657,0.4581
658,0.4594
659,0.4607
660,0.4619
661,0.4632
662,0.4644
663,0.4656
664,0.4668
665,0.468
666,0.4691
667,0.4702
668,0.4713
669,0.4724
670,0.4735
671,0.4745
672,0.4755
673,0.4765
674,0.4775
675,0.4785
676,0.4794
677,0.4803
678,0.4812
679,0.4821
680,0.483
681,0.4838
682,0.4846
683,0.4854
684,0.4862
685,0.4869
686,0.4877
687,0.4884
688,0.4891
689,0.4897
690,0.4904
691,0.491
692,0.4916
693,0.4922
694,0.4928
695,0.4933
696,0.4938
697,0.4943
698,0.4948
699,0.4953
700,0.4957
701,0.4961
702,0.4965
703,0.4969
704,0.4973
705,0.4976
706,0.4979
707,0.4982
708,0.4985
709,0.4987
710,0.4989
711,0.4991
712,0.4993
713,0.4995
714,0.4996
715,0.4997
716,0.4998
717,0.4999
718,0.5
719,0.5
720,0.5
721,0.5
722,0.5
723,0.4999
724,0.4998
725,0.4997
726,0.4996
727,0.4995
728,0.4993
729,0.4991
730,0.4989
731,0.4987
732,0.4985
733,0.4982
734,0.4979
735,0.4976
736,0.4973
737,0.4969
738,0.4965
739,0.4961
740,0.4957
741,0.4953
742,0.4948
743,0.4943
744,0.4938
745,0.4933
746,0.4928
747,0.4922
748,0.4916
749,0.491
750,0.4904
751,0.4897
752,0.4891
753,0.4884
754,0.4877
755,0.4869
756,0.4862
757,0.4854
758,0.4846
759,0.4838
760,0.483
761,0.4821
762,0.4812
763,0.4803
764,0.4794
765,0.4785
766,0.4775
767,0.4765
768,0.4755
769,0.4745
770,0.4735
771,0.4724
772,0.4713
773,0.4702
774,0.4691
775,0.468
776,0.4668
777,0.4656
778,0.4644
779,0.4632
780,0.4619
781,0.4607
782,0.4594
783,0.4581
784,0.4568
785,0.4554
786,0.4541
787,0.4527
788,0.4513
789,0.4499
790,0.4484
791,0.447
792,0.4455
793,0.444
794,0.4425
795,0.441
796,0.4394
797,0.4378
798,0.4362
799,0.4346
800,0.433
801,0.4314
802,0.4297
803,0.428
804,0.4263
805,0.4246
806,0.4229
807,0.4211
808,0.4193
809,0.4175
810,0.4157
811,0.4139
812,0.4121
813,0.4102
814,0.4083
815,0.4064
816,0.4045
817,0.4026
818,0.4006
819,0.3987
820,0.3967
821,0.3947
822,0.3927
823,0.3906
824,0.3886
825,0.3865
826,0.3844
827,0.3823
828,0.3802
829,0.3781
830,0.3759
831,0.3738
832,0.3716
833,0.3694
834,0.3672
835,0.3649
836,0.3627
837,0.3604
838,0.3582
839,0.3559
840,0.3536
841,0.3512
842,0.3489
843,0.3465
844,0.3442
845,0.3418
846,0.3394
847,0.337
848,0.3346
849,0.3321
850,0.3297
851,0.3272
852,0.3247
853,0.3222
854,0.3197
855,0.3172
856,0.3147
857,0.3121
858,0.3095
859,0.307
860,0.3044
861,0.3018
862,0.2992
863,0.2965
864,0.2939
865,0.2912
866,0.2886
867,0.2859
868,0.2832
869,0.2805
870,0.2778
871,0.2751
872,0.2723
873,0.2696
874,0.2668
875,0.264
876,0.2612
877,0.2585
878,0.2556
879,0.2528
880,0.25
881,0.2472
882,0.2443
883,0.2415
884,0.2386
885,0.2357
886,0.2328
887,0.2299
888,0.227
889,0.2241
890,0.2211
891,0.2182
892,0.2153
893,0.2123
894,0.2093
895,0.2064
896,0.2034
897,0.2004
898,0.1974
899,0.1944
900,0.1913
901,0.1883
902,0.1853
903,0.1822
904,0.1792
905,0.1761
906,0.1731
907,0.17
908,0.1669
909,0.1638
910,0.1607
911,0.1576
912,0.1545
913,0.1514
914,0.1483
915,0.1451
916,0.142
917,0.1389
918,0.1357
919,0.1326
920,0.1294
921,0.1262
922,0.1231
923,0.1199
924,0.1167
925,0.1135
926,0.1103
927,0.1072
928,0.104
929,0.1008
930,0.0975
931,0.0943
932,0.0911
933,0.0879
934,0.0847
935,0.0814
936,0.0782
937,0.075
938,0.0717
939,0.0685
940,0.0653
941,0.062
942,0.0588
943,0.0555
944,0.0523
945,0.049
946,0.0458
947,0.0425
948,0.0392
949,0.036
950,0.0327
951,0.0294
952,0.0262
953,0.0229
954,0.0196
955,0.0164
956,0.0131
957,0.0098
958,0.0065
959,0.0033
960,0.0
961,0.0
962,0.0
963,0.0
964,0.0
965,0.0
966,0.0
967,0.0
968,0.0
969,0.0
970,0.0
971,0.0
972,0.0
973,0.0
974,0.0
975,0.0
976,0.0
977,0.0
978,0.0
979,0.0
980,0.0
981,0.0
982,0.0
983,0.0
984,0.0
985,0.0
986,0.0
987,0.0
988,0.0
989,0.0
990,0.0
991,0.0
992,0.0
993,0.0
994,0.0
995,0.0
996,0.0
997,0.0
998,0.0
999,0.0
1000,0.0
1001,0.0
1002,0.0
1003,0.0
1004,0.0
1005,0.0
1006,0.0
1007,0.0
1008,0.0
1009,0.0
1010,0.0
1011,0.0
1012,0.0
1013,0.0
1014,0.0
1015,0.0
1016,0.0
1017,0.0
1018,0.0
1019,0.0
1020,0.0
1021,0.0
1022,0.0
1023,0.0
1024,0.0
1025,0.0
1026,0.0
1027,0.0
1028,0.0
1029,0.0
1030,0.0
1031,0.0
1032,0.0
1033,0.0
1034,0.0
1035,0.0
1036,0.0
1037,0.0
1038,0.0
1039,0.0
1040,0.0
1041,0.0
1042,0.0
1043,0.0
1044,0.0
1045,0.0
1046,0.0
1047,0.0
1048,0.0
1049,0.0
1050,0.0
1051,0.0
1052,0.0
1053,0.0
1054,0.0
1055,0.0
1056,0.0
1057,0.0
1058,0.0
1059,0.0
1060,0.0
1061,0.0
1062,0.0
1063,0.0
1064,0.0
1065,0.0
1066,0.0
1067,0.0
1068,0.0
1069,0.0
1070,0.0
1071,0.0
1072,0.0
1073,0.0
1074,0.0
1075,0.0
1076,0.0
1077,0.0
1078,0.0
1079,0.0
1080,-0.4
1081,-0.4
1082,-0.4
1083,-0.4
1084,-0.4
1085,-0.4
1086,-0.4
1087,-0.4
1088,-0.4
1089,-0.4
1090,-0.4
1091,-0.4
1092,-0.4
1093,-0.4
1094,-0.4
1095,-0.4
1096,-0.4
1097,-0.4
1098,-0.4
1099,-0.4
1100,-0.4
1101,-0.4
1102,-0.4
1103,-0.4
1104,-0.4
1105,-0.4
1106,-0.4
1107,-0.4
1108,-0.4
1109,-0.4
1110,-0.4
1111,-0.4
1112,-0.4
1113,-0.4
1114,-0.4
1115,-0.4
1116,-0.4
1117,-0.4
1118,-0.4
1119,-0.4
1120,-0.4
1121,-0.4
1122,-0.4
1123,-0.4
1124,-0.4
1125,-0.4
1126,-0.4
1127,-0.4
1128,-0.4
1129,-0.4
1130,-0.4
1131,-0.4
1132,-0.4
1133,-0.4
1134,-0.4
1135,-0.4
1136,-0.4
1137,-0.4
1138,-0.4
1139,-0.4
1140,-0.4
1141,-0.4
1142,-0.4
1143,-0.4
1144,-0.4
1145,-0.4
1146,-0.4
1147,-0.4
1148,-0.4
1149,-0.4
1150,-0.4
1151,-0.4
1152,-0.4
1153,-0.4
1154,-0.4
1155,-0.4
1156,-0.4
1157,-0.4
1158,-0.4
1159,-0.4
1160,-0.4
1161,-0.4
1162,-0.4
1163,-0.4
1164,-0.4
1165,-0.4
1166,-0.4
1167,-0.4
1168,-0.4
1169,-0.4
1170,-0.4
1171,-0.4
1172,-0.4
1173,-0.4
1174,-0.4
1175,-0.4
1176,-0.4
1177,-0.4
1178,-0.4
1179,-0.4
1180,-0.4
1181,-0.4
1182,-0.4
1183,-0.4
1184,-0.4
1185,-0.4
1186,-0.4
1187,-0.4
1188,-0.4
1189,-0.4
1190,-0.4
1191,-0.4
1192,-0.4
1193,-0.4
1194,-0.4
1195,-0.4
1196,-0.4
1197,-0.4
1198,-0.4
1199,-0.4
1200,-0.4
1201,-0.4
1202,-0.4
1203,-0.4
1204,-0.4
1205,-0.4
1206,-0.4
1207,-0.4
1208,-0.4
1209,-0.4
1210,-0.4
1211,-0.4
1212,-0.4
1213,-0.4
1214,-0.4
1215,-0.4
1216,-0.4
1217,-0.4
1218,-0.4
1219,-0.4
1220,-0.4
1221,-0.4
1222,-0.4
1223,-0.4
1224,-0.4
1225,-0.4
1226,-0.4
1227,-0.4
1228,-0.4
1229,-0.4
1230,-0.4
1231,-0.4
1232,-0.4
1233,-0.4
1234,-0.4
1235,-0.4
1236,-0.4
1237,-0.4
1238,-0.4
1239,-0.4
1240,-0.4
1241,-0.4
1242,-0.4
1243,-0.4
1244,-0.4
1245,-0.4
1246,-0.4
1247,-0.4
1248,-0.4
1249,-0.4
1250,-0.4
1251,-0.4
1252,-0.4
1253,-0.4
1254,-0.4
1255,-0.4
1256,-0.4
1257,-0.4
1258,-0.4
1259,-0.4
1260,-0.4
1261,-0.4
1262,-0.4
1263,-0.4
1264,-0.4
1265,-0.4
1266,-0.4
1267,-0.4
1268,-0.4
1269,-0.4
1270,-0.4
1271,-0.4
1272,-0.4
1273,-0.4
1274,-0.4
1275,-0.4
1276,-0.4
1277,-0.4
1278,-0.4
1279,-0.4
1280,-0.4
1281,-0.4
1282,-0.4
1283,-0.4
1284,-0.4
1285,-0.4
1286,-0.4
1287,-0.4
1288,-0.4
1289,-0.4
1290,-0.4
1291,-0.4
1292,-0.4
1293,-0.4
1294,-0.4
1295,-0.4
1296,-0.4
1297,-0.4
1298,-0.4
1299,-0.4
1300,-0.4
1301,-0.4
1302,-0.4
1303,-0.4
1304,-0.4
1305,-0.4
1306,-0.4
1307,-0.4
1308,-0.4
1309,-0.4
1310,-0.4
1311,-0.4
1312,-0.4
1313,-0.4
1314,-0.4
1315,-0.4
1316,-0.4
1317,-0.4
1318,-0.4
1319,-0.4
1320,0.0
1321,0.0
1322,0.0
1323,0.0
1324,0.0
1325,0.0
1326,0.0
1327,0.0
1328,0.0
1329,0.0
1330,0.0
1331,0.0
1332,0.0
1333,0.0
1334,0.0
1335,0.0
1336,0.0
1337,0.0
1338,0.0
1339,0.0
1340,0.0
1341,0.0
1342,0.0
1343,0.0
1344,0.0
1345,0.0
1346,0.0
1347,0.0
1348,0.0
1349,0.0
1350,0.0
1351,0.0
1352,0.0
1353,0.0
1354,0.0
1355,0.0
1356,0.0
1357,0.0
1358,0.0
1359,0.0
1360,0.0
1361,0.0
1362,0.0
1363,0.0
1364,0.0
1365,0.0
1366,0.0
1367,0.0
1368,0.0
1369,0.0
1370,0.0
1371,0.0
1372,0.0
1373,0.0
1374,0.0
1375,0.0
1376,0.0
1377,0.0
1378,0.0
1379,0.0
1380,0.0
1381,0.0
1382,0.0
1383,0.0
1384,0.0
1385,0.0
1386,0.0
1387,0.0
1388,0.0
1389,0.0
1390,0.0
1391,0.0
1392,0.0
1393,0.0
1394,0.0
1395,0.0
1396,0.0
1397,0.0
1398,0.0
1399,0.0
1400,0.0
1401,0.0
1402,0.0
1403,0.0
1404,0.0
1405,0.0
1406,0.0
1407,0.0
1408,0.0
1409,0.0
1410,0.0
1411,0.0
1412,0.0
1413,0.0
1414,0.0
1415,0.0
1416,0.0
1417,0.0
1418,0.0
1419,0.0
1420,0.0
1421,0.0
1422,0.0
1423,0.0
1424,0.0
1425,0.0
1426,0.0
1427,0.0
1428,0.0
1429,0.0
1430,0.0
1431,0.0
1432,0.0
1433,0.0
1434,0.0
1435,0.0
1436,0.0
1437,0.0
1438,0.0
1439,0.0
1440,0.0
1441,0.0
1442,0.0
1443,0.0
1444,0.0
1445,0.0
1446,0.0
1447,0.0
1448,0.0
1449,0.0
1450,0.0
1451,0.0
1452,0.0
1453,0.0
1454,0.0
1455,0.0
1456,0.0
1457,0.0
1458,0.0
1459,0.0
1460,0.0
1461,0.0
1462,0.0
1463,0.0
1464,0.0
1465,0.0
1466,0.0
1467,0.0
1468,0.0
1469,0.0
1470,0.0
1471,0.0
1472,0.0
1473,0.0
1474,0.0
1475,0.0
1476,0.0
1477,0.0
1478,0.0
1479,0.0
1480,0.0
1481,0.0
1482,0.0
1483,0.0
1484,0.0
1485,0.0
1486,0.0
1487,0.0
1488,0.0
1489,0.0
1490,0.0
1491,0.0
1492,0.0
1493,0.0
1494,0.0
1495,0.0
1496,0.0
1497,0.0
1498,0.0
1499,0.0
1500,0.0
1501,0.0
1502,0.0
1503,0.0
1504,0.0
1505,0.0
1506,0.0
1507,0.0
1508,0.0
1509,0.0
1510,0.0
1511,0.0
1512,0.0
1513,0.0
1514,0.0
1515,0.0
1516,0.0
1517,0.0
1518,0.0
1519,0.0
1520,0.0
1521,0.0
1522,0.0
1523,0.0
1524,0.0
1525,0.0
1526,0.0
1527,0.0
1528,0.0
1529,0.0
1530,0.0
1531,0.0
1532,0.0
1533,0.0
1534,0.0
1535,0.0
1536,0.0
1537,0.0
1538,0.0
1539,0.0
1540,0.0
1541,0.0
1542,0.0
1543,0.0
1544,0.0
1545,0.0
1546,0.0
1547,0.0
1548,0.0
1549,0.0
1550,0.0
1551,0.0
1552,0.0
1553,0.0
1554,0.0
1555,0.0
1556,0.0
1557,0.0
1558,0.0
1559,0.0
1560,0.0
1561,0.0
1562,0.0
1563,0.0
1564,0.0
1565,0.0
1566,0.0
1567,0.0
1568,0.0
1569,0.0
1570,0.0
1571,0.0
1572,0.0
1573,0.0
1574,0.0
1575,0.0
1576,0.0
1577,0.0
1578,0.0
1579,0.0
1580,0.0
1581,0.0
1582,0.0
1583,0.0
1584,0.0
1585,0.0
1586,0.0
1587,0.0
1588,0.0
1589,0.0
1590,0.0
1591,0.0
1592,0.0
1593,0.0
1594,0.0
1595,0.0
1596,0.0
1597,0.0
1598,0.0
1599,0.0
1600,0.0
1601,0.0
1602,0.0
1603,0.0
1604,0.0
1605,0.0
1606,0.0
1607,0.0
1608,0.0
1609,0.0
1610,0.0
1611,0.0
1612,0.0
1613,0.0
1614,0.0
1615,0.0
1616,0.0
1617,0.0
1618,0.0
1619,0.0
1620,0.0
1621,0.0
1622,0.0
1623,0.0
1624,0.0
1625,0.0
1626,0.0
1627,0.0
1628,0.0
1629,0.0
1630,0.0
1631,0.0
1632,0.0
1633,0.0
1634,0.0
1635,0.0
1636,0.0
1637,0.0
1638,0.0
1639,0.0
1640,0.0
1641,0.0
1642,0.0
1643,0.0
1644,0.0
1645,0.0
1646,0.0
1647,0.0
1648,0.0
1649,0.0
1650,0.0
1651,0.0
1652,0.0
1653,0.0
1654,0.0
1655,0.0
1656,0.0
1657,0.0
1658,0.0
1659,0.0
1660,0.0
1661,0.0
1662,0.0
1663,0.0
1664,0.0
1665,0.0
1666,0.0
1667,0.0
1668,0.0
1669,0.0
1670,0.0
1671,0.0
1672,0.0
1673,0.0
1674,0.0
1675,0.0
1676,0.0
1677,0.0
1678,0.0
1679,0.0
1680,0.0
1681,0.0
1682,0.0
1683,0.0
1684,0.0
1685,0.0
1686,0.0
1687,0.0
1688,0.0
1689,0.0
1690,0.0
1691,0.0
1692,0.0
1693,0.0
1694,0.0
1695,0.0
1696,0.0
1697,0.0
1698,0.0
1699,0.0
1700,0.0
1701,0.0
1702,0.0
1703,0.0
1704,0.0
1705,0.0
1706,0.0
1707,0.0
1708,0.0
1709,0.0
1710,0.0
1711,0.0
1712,0.0
1713,0.0
1714,0.0
1715,0.0
1716,0.0
1717,0.0
1718,0.0
1719,0.0
1720,0.0
1721,0.0
1722,0.0
1723,0.0
1724,0.0
1725,0.0
1726,0.0
1727,0.0
1728,0.0
1729,0.0
1730,0.0
1731,0.0
1732,0.0
1733,0.0
1734,0.0
1735,0.0
1736,0.0
1737,0.0
1738,0.0
1739,0.0
1740,0.0
1741,0.0
1742,0.0
1743,0.0
1744,0.0
1745,0.0
1746,0.0
1747,0.0
1748,0.0
1749,0.0
1750,0.0
1751,0.0
1752,0.0
1753,0.0
1754,0.0
1755,0.0
1756,0.0
1757,0.0
1758,0.0
1759,0.0
1760,0.0
1761,0.0
1762,0.0
1763,0.0
1764,0.0
1765,0.0
1766,0.0
1767,0.0
1768,0.0
1769,0.0
1770,0.0
1771,0.0
1772,0.0
1773,0.0
1774,0.0
1775,0.0
1776,0.0
1777,0.0
1778,0.0
1779,0.0
1780,0.0
1781,0.0
1782,0.0
1783,0.0
1784,0.0
1785,0.0
1786,0.0
1787,0.0
1788,0.0
1789,0.0
1790,0.0
1791,0.0
1792,0.0
1793,0.0
1794,0.0
1795,0.0
1796,0.0
1797,0.0
1798,0.0
1799,0.0
1800,0.0
1801,0.0
1802,0.0
1803,0.0
1804,0.0
1805,0.0
1806,0.0
1807,0.0
1808,0.0
1809,0.0
1810,0.0
1811,0.0
1812,0.0
1813,0.0
1814,0.0
1815,0.0
1816,0.0
1817,0.0
1818,0.0
1819,0.0
1820,0.0
1821,0.0
1822,0.0
1823,0.0
1824,0.0
1825,0.0
1826,0.0
1827,0.0
1828,0.0
1829,0.0
1830,0.0
1831,0.0
1832,0.0
1833,0.0
1834,0.0
1835,0.0
1836,0.0
1837,0.0
1838,0.0
1839,0.0
1840,0.0
1841,0.0
1842,0.0
1843,0.0
1844,0.0
1845,0.0
1846,0.0
1847,0.0
1848,0.0
1849,0.0
1850,0.0
1851,0.0
1852,0.0
1853,0.0
1854,0.0
1855,0.0
1856,0.0
1857,0.0
1858,0.0
1859,0.0
1860,0.0
1861,0.0
1862,0.0
1863,0.0
1864,0.0
1865,0.0
1866,0.0
1867,0.0
1868,0.0
1869,0.0
1870,0.0
1871,0.0
1872,0.0
1873,0.0
1874,0.0
1875,0.0
1876,0.0
1877,0.0
1878,0.0
1879,0.0
1880,0.0
1881,0.0
1882,0.0
1883,0.0
1884,0.0
1885,0.0
1886,0.0
1887,0.0
1888,0.0
1889,0.0
1890,0.0
1891,0.0
1892,0.0
1893,0.0
1894,0.0
1895,0.0
1896,0.0
1897,0.0
1898,0.0
1899,0.0
1900,0.0
1901,0.0
1902,0.0
1903,0.0
1904,0.0
1905,0.0
1906,0.0
1907,0.0
1908,0.0
1909,0.0
1910,0.0
1911,0.0
1912,0.0
1913,0.0
1914,0.0
1915,0.0
1916,0.0
1917,0.0
1918,0.0
1919,0.0
1920,0.0
1921,0.0033
1922,0.0065
1923,0.0098
1924,0.0131
1925,0.0164
1926,0.0196
1927,0.0229
1928,0.0262
1929,0.0294
1930,0.0327
1931,0.036
1932,0.0392
1933,0.0425
1934,0.0458
1935,0.049
1936,0.0523
1937,0.0555
1938,0.0588
1939,0.062
1940,0.0653
1941,0.0685
1942,0.0717
1943,0.075
1944,0.0782
1945,0.0814
1946,0.0847
1947,0.0879
1948,0.0911
1949,0.0943
1950,0.0975
1951,0.1008
1952,0.104
1953,0.1072
1954,0.1103
1955,0.1135
1956,0.1167
1957,0.1199
1958,0.1231
1959,0.1262
1960,0.1294
1961,0.1326
1962,0.1357
1963,0.1389
1964,0.142
1965,0.1451
1966,0.1483
1967,0.1514
1968,0.1545
1969,0.1576
1970,0.1607
1971,0.1638
1972,0.1669
1973,0.17
1974,0.1731
1975,0.1761
1976,0.1792
1977,0.1822
1978,0.1853
1979,0.1883
1980,0.1913
1981,0.1944
1982,0.1974
1983,0.2004
1984,0.2034
1985,0.2064
1986,0.2093
1987,0.2123
1988,0.2153
1989,0.2182
1990,0.2211
1991,0.2241
1992,0.227
1993,0.2299
1994,0.2328
1995,0.2357
1996,0.2386
1997,0.2415
1998,0.2443
1999,0.2472
2000,0.25
2001,0.2528
2002,0.2556
2003,0.2585
2004,0.2612
2005,0.264
2006,0.2668
2007,0.2696
2008,0.2723
2009,0.2751
2010,0.2778
2011,0.2805
2012,0.2832
2013,0.2859
2014,0.2886
2015,0.2912
2016,0.2939
2017,0.2965
2018,0.2992
2019,0.3018
2020,0.3044
2021,0.307
2022,0.3095
2023,0.3121
2024,0.3147
2025,0.3172
2026,0.3197
2027,0.3222
2028,0.3247
2029,0.3272
2030,0.3297
2031,0.3321
2032,0.3346
2033,0.337
2034,0.3394
2035,0.3418
2036,0.3442
2037,0.3465
2038,0.3489
2039,0.3512
2040,0.3536
2041,0.3559
2042,0.3582
2043,0.3604
2044,0.3627
2045,0.3649
2046,0.3672
2047,0.3694
2048,0.3716
2049,0.3738
2050,0.3759
2051,0.3781
2052,0.3802
2053,0.3823
2054,0.3844
2055,0.3865
2056,0.3886
2057,0.3906
2058,0.3927
2059,0.3947
2060,0.3967
2061,0.3987
2062,0.4006
2063,0.4026
2064,0.4045
2065,0.4064
2066,0.4083
2067,0.4102
2068,0.4121
2069,0.4139
2070,0.4157
2071,0.4175
2072,0.4193
2073,0.4211
2074,0.4229
2075,0.4246
2076,0.4263
2077,0.428
2078,0.4297
2079,0.4314
2080,0.433
2081,0.4346
2082,0.4362
2083,0.4378
2084,0.4394
2085,0.441
2086,0.4425
2087,0.444
2088,0.4455
2089,0.447
2090,0.4484
2091,0.4499
2092,0.4513
2093,0.4527
2094,0.4541
2095,0.4554
2096,0.4568
2097,0.4581
2098,0.4594
2099,0.4607
2100,0.4619
2101,0.4632
2102,0.4644
2103,0.4656
2104,0.4668
2105,0.468
2106,0.4691
2107,0.4702
2108,0.4713
2109,0.4724
2110,0.4735
2111,0.4745
2112,0.4755
2113,0.4765
2114,0.4775
2115,0.4785
2116,0.4794
2117,0.4803
2118,0.4812
2119,0.4821
2120,0.483
2121,0.4838
2122,0.4846
2123,0.4854
2124,0.4862
2125,0.4869
2126,0.4877
2127,0.4884
2128,0.4891
2129,0.4897
2130,0.4904
2131,0.491
2132,0.4916
2133,0.4922
2134,0.4928
2135,0.4933
2136,0.4938
2137,0.4943
2138,0.4948
2139,0.4953
2140,0.4957
2141,0.4961
2142,0.4965
2143,0.4969
2144,0.4973
2145,0.4976
2146,0.4979
2147,0.4982
2148,0.4985
2149,0.4987
2150,0.4989
2151,0.4991
2152,0.4993
2153,0.4995
2154,0.4996
2155,0.4997
2156,0.4998
2157,0.4999
2158,0.5
2159,0.5
2160,0.5
2161,0.5
2162,0.5
2163,0.4999
2164,0.4998
2165,0.4997
2166,0.4996
2167,0.4995
2168,0.4993
2169,0.4991
2170,0.4989
2171,0.4987
2172,0.4985
2173,0.4982
2174,0.4979
2175,0.4976
2176,0.4973
2177,0.4969
2178,0.4965
2179,0.4961
2180,0.4957
2181,0.4953
2182,0.4948
2183,0.4943
2184,0.4938
2185,0.4933
2186,0.4928
2187,0.4922
2188,0.4916
2189,0.491
2190,0.4904
2191,0.4897
2192,0.4891
2193,0.4884
2194,0.4877
2195,0.4869
2196,0.4862
2197,0.4854
2198,0.4846
2199,0.4838
2200,0.483
2201,0.4821
2202,0.4812
2203,0.4803
2204,0.4794
2205,0.4785
2206,0.4775
2207,0.4765
2208,0.4755
2209,0.4745
2210,0.4735
2211,0.4724
2212,0.4713
2213,0.4702
2214,0.4691
2215,0.468
2216,0.4668
2217,0.4656
2218,0.4644
2219,0.4632
2220,0.4619
2221,0.4607
2222,0.4594
2223,0.4581
2224,0.4568
2225,0.4554
2226,0.4541
2227,0.4527
2228,0.4513
2229,0.4499
2230,0.4484
2231,0.447
2232,0.4455
2233,0.444
2234,0.4425
2235,0.441
2236,0.4394
2237,0.4378
2238,0.4362
2239,0.4346
2240,0.433
2241,0.4314
2242,0.4297
2243,0.428
2244,0.4263
2245,0.4246
2246,0.4229
2247,0.4211
2248,0.4193
2249,0.4175
2250,0.4157
2251,0.4139
2252,0.4121
2253,0.4102
2254,0.4083
2255,0.4064
2256,0.4045
2257,0.4026
2258,0.4006
2259,0.3987
2260,0.3967
2261,0.3947
2262,0.3927
2263,0.3906
2264,0.3886
2265,0.3865
2266,0.3844
2267,0.3823
2268,0.3802
2269,0.3781
2270,0.3759
2271,0.3738
2272,0.3716
2273,0.3694
2274,0.3672
2275,0.3649
2276,0.3627
2277,0.3604
2278,0.3582
2279,0.3559
2280,0.3536
2281,0.3512
2282,0.3489
2283,0.3465
2284,0.3442
2285,0.3418
2286,0.3394
2287,0.337
2288,0.3346
2289,0.3321
2290,0.3297
2291,0.3272
2292,0.3247
2293,0.3222
2294,0.3197
2295,0.3172
2296,0.3147
2297,0.3121
2298,0.3095
2299,0.307
2300,0.3044
2301,0.3018
2302,0.2992
2303,0.2965
2304,0.2939
2305,0.2912
2306,0.2886
2307,0.2859
2308,0.2832
2309,0.2805
2310,0.2778
2311,0.2751
2312,0.2723
2313,0.2696
2314,0.2668
2315,0.264
2316,0.2612
2317,0.2585
2318,0.2556
2319,0.2528
2320,0.25
2321,0.2472
2322,0.2443
2323,0.2415
2324,0.2386
2325,0.2357
2326,0.2328
2327,0.2299
2328,0.227
2329,0.2241
2330,0.2211
2331,0.2182
2332,0.2153
2333,0.2123
2334,0.2093
2335,0.2064
2336,0.2034
2337,0.2004
2338,0.1974
2339,0.1944
2340,0.1913
2341,0.1883
2342,0.1853
2343,0.1822
2344,0.1792
2345,0.1761
2346,0.1731
2347,0.17
2348,0.1669
2349,0.1638
2350,0.1607
2351,0.1576
2352,0.1545
2353,0.1514
2354,0.1483
2355,0.1451
2356,0.142
2357,0.1389
2358,0.1357
2359,0.1326
2360,0.1294
2361,0.1262
2362,0.1231
2363,0.1199
2364,0.1167
2365,0.1135
2366,0.1103
2367,0.1072
2368,0.104
2369,0.1008
2370,0.0975
2371,0.0943
2372,0.0911
2373,0.0879
2374,0.0847
2375,0.0814
2376,0.0782
2377,0.075
2378,0.0717
2379,0.0685
2380,0.0653
2381,0.062
2382,0.0588
2383,0.0555
2384,0.0523
2385,0.049
2386,0.0458
2387,0.0425
2388,0.0392
2389,0.036
2390,0.0327
2391,0.0294
2392,0.0262
2393,0.0229
2394,0.0196
2395,0.0164
2396,0.0131
2397,0.0098
2398,0.0065
2399,0.0033
2400,0.0
2401,0.0
2402,0.0
2403,0.0
2404,0.0
2405,0.0
2406,0.0
2407,0.0
2408,0.0
2409,0.0
2410,0.0
2411,0.0
2412,0.0
2413,0.0
2414,0.0
2415,0.0
2416,0.0
2417,0.0
2418,0.0
2419,0.0
2420,0.0
2421,0.0
2422,0.0
2423,0.0
2424,0.0
2425,0.0
2426,0.0
2427,0.0
2428,0.0
2429,0.0
2430,0.0
2431,0.0
2432,0.0
2433,0.0
2434,0.0
2435,0.0
2436,0.0
2437,0.0
2438,0.0
2439,0.0
2440,0.0
2441,0.0
2442,0.0
2443,0.0
2444,0.0
2445,0.0
2446,0.0
2447,0.0
2448,0.0
2449,0.0
2450,0.0
2451,0.0
2452,0.0
2453,0.0
2454,0.0
2455,0.0
2456,0.0
2457,0.0
2458,0.0
2459,0.0
2460,0.0
2461,0.0
2462,0.0
2463,0.0
2464,0.0
2465,0.0
2466,0.0
2467,0.0
2468,0.0
2469,0.0
2470,0.0
2471,0.0
2472,0.0
2473,0.0
2474,0.0
2475,0.0
2476,0.0
2477,0.0
2478,0.0
2479,0.0
2480,0.0
2481,0.0
2482,0.0
2483,0.0
2484,0.0
2485,0.0
2486,0.0
2487,0.0
2488,0.0
2489,0.0
2490,0.0
2491,0.0
2492,0.0
2493,0.0
2494,0.0
2495,0.0
2496,0.0
2497,0.0
2498,0.0
2499,0.0
2500,0.0
2501,0.0
2502,0.0
2503,0.0
2504,0.0
2505,0.0
2506,0.0
2507,0.0
2508,0.0
2509,0.0
2510,0.0
2511,0.0
2512,0.0
2513,0.0
2514,0.0
2515,0.0
2516,0.0
2517,0.0
2518,0.0
2519,0.0
2520,-0.4
2521,-0.4
2522,-0.4
2523,-0.4
2524,-0.4
2525,-0.4
2526,-0.4
2527,-0.4
2528,-0.4
2529,-0.4
2530,-0.4
2531,-0.4
2532,-0.4
2533,-0.4
2534,-0.4
2535,-0.4
2536,-0.4
2537,-0.4
2538,-0.4
2539,-0.4
2540,-0.4
2541,-0.4
2542,-0.4
2543,-0.4
2544,-0.4
2545,-0.4
2546,-0.4
2547,-0.4
2548,-0.4
2549,-0.4
2550,-0.4
2551,-0.4
2552,-0.4
2553,-0.4
2554,-0.4
2555,-0.4
2556,-0.4
2557,-0.4
2558,-0.4
2559,-0.4
2560,-0.4
2561,-0.4
2562,-0.4
2563,-0.4
2564,-0.4
2565,-0.4
2566,-0.4
2567,-0.4
2568,-0.4
2569,-0.4
2570,-0.4
2571,-0.4
2572,-0.4
2573,-0.4
2574,-0.4
2575,-0.4
2576,-0.4
2577,-0.4
2578,-0.4
2579,-0.4
2580,-0.4
2581,-0.4
2582,-0.4
2583,-0.4
2584,-0.4
2585,-0.4
2586,-0.4
2587,-0.4
2588,-0.4
2589,-0.4
2590,-0.4
2591,-0.4
2592,-0.4
2593,-0.4
2594,-0.4
2595,-0.4
2596,-0.4
2597,-0.4
2598,-0.4
2599,-0.4
2600,-0.4
2601,-0.4
2602,-0.4
2603,-0.4
2604,-0.4
2605,-0.4
2606,-0.4
2607,-0.4
2608,-0.4
2609,-0.4
2610,-0.4
2611,-0.4
2612,-0.4
2613,-0.4
2614,-0.4
2615,-0.4
2616,-0.4
2617,-0.4
2618,-0.4
2619,-0.4
2620,-0.4
2621,-0.4
2622,-0.4
2623,-0.4
2624,-0.4
2625,-0.4
2626,-0.4
2627,-0.4
2628,-0.4
2629,-0.4
2630,-0.4
2631,-0.4
2632,-0.4
2633,-0.4
2634,-0.4
2635,-0.4
2636,-0.4
2637,-0.4
2638,-0.4
2639,-0.4
2640,-0.4
2641,-0.4
2642,-0.4
2643,-0.4
2644,-0.4
2645,-0.4
2646,-0.4
2647,-0.4
2648,-0.4
2649,-0.4
2650,-0.4
2651,-0.4
2652,-0.4
2653,-0.4
2654,-0.4
2655,-0.4
2656,-0.4
2657,-0.4
2658,-0.4
2659,-0.4
2660,-0.4
2661,-0.4
2662,-0.4
2663,-0.4
2664,-0.4
2665,-0.4
2666,-0.4
2667,-0.4
2668,-0.4
2669,-0.4
2670,-0.4
2671,-0.4
2672,-0.4
2673,-0.4
2674,-0.4
2675,-0.4
2676,-0.4
2677,-0.4
2678,-0.4
2679,-0.4
2680,-0.4
2681,-0.4
2682,-0.4
2683,-0.4
2684,-0.4
2685,-0.4
2686,-0.4
2687,-0.4
2688,-0.4
2689,-0.4
2690,-0.4
2691,-0.4
2692,-0.4
2693,-0.4
2694,-0.4
2695,-0.4
2696,-0.4
2697,-0.4
2698,-0.4
2699,-0.4
2700,-0.4
2701,-0.4
2702,-0.4
2703,-0.4
2704,-0.4
2705,-0.4
2706,-0.4
2707,-0.4
2708,-0.4
2709,-0.4
2710,-0.4
2711,-0.4
2712,-0.4
2713,-0.4
2714,-0.4
2715,-0.4
2716,-0.4
2717,-0.4
2718,-0.4
2719,-0.4
2720,-0.4
2721,-0.4
2722,-0.4
2723,-0.4
2724,-0.4
2725,-0.4
2726,-0.4
2727,-0.4
2728,-0.4
2729,-0.4
2730,-0.4
2731,-0.4
2732,-0.4
2733,-0.4
2734,-0.4
2735,-0.4
2736,-0.4
2737,-0.4
2738,-0.4
2739,-0.4
2740,-0.4
2741,-0.4
2742,-0.4
2743,-0.4
2744,-0.4
2745,-0.4
2746,-0.4
2747,-0.4
2748,-0.4
2749,-0.4
2750,-0.4
2751,-0.4
2752,-0.4
2753,-0.4
2754,-0.4
2755,-0.4
2756,-0.4
2757,-0.4
2758,-0.4
2759,-0.4
2760,0.0
2761,0.0
2762,0.0
2763,0.0
2764,0.0
2765,0.0
2766,0.0
2767,0.0
2768,0.0
2769,0.0
2770,0.0
2771,0.0
2772,0.0
2773,0.0
2774,0.0
2775,0.0
2776,0.0
2777,0.0
2778,0.0
2779,0.0
2780,0.0
2781,0.0
2782,0.0
2783,0.0
2784,0.0
2785,0.0
2786,0.0
2787,0.0
2788,0.0
2789,0.0
2790,0.0
2791,0.0
2792,0.0
2793,0.0
2794,0.0
2795,0.0
2796,0.0
2797,0.0
2798,0.0
2799,0.0
2800,0.0
2801,0.0
2802,0.0
2803,0.0
2804,0.0
2805,0.0
2806,0.0
2807,0.0
2808,0.0
2809,0.0
2810,0.0
2811,0.0
2812,0.0
2813,0.0
2814,0.0
2815,0.0
2816,0.0
2817,0.0
2818,0.0
2819,0.0
2820,0.0
2821,0.0
2822,0.0
2823,0.0
2824,0.0
2825,0.0
2826,0.0
2827,0.0
2828,0.0
2829,0.0
2830,0.0
2831,0.0
2832,0.0
2833,0.0
2834,0.0
2835,0.0
2836,0.0
2837,0.0
2838,0.0
2839,0.0
2840,0.0
2841,0.0
2842,0.0
2843,0.0
2844,0.0
2845,0.0
2846,0.0
2847,0.0
2848,0.0
2849,0.0
2850,0.0
2851,0.0
2852,0.0
2853,0.0
2854,0.0
2855,0.0
2856,0.0
2857,0.0
2858,0.0
2859,0.0
2860,0.0
2861,0.0
2862,0.0
2863,0.0
2864,0.0
2865,0.0
2866,0.0
2867,0.0
2868,0.0
2869,0.0
2870,0.0
2871,0.0
2872,0.0
2873,0.0
2874,0.0
2875,0.0
2876,0.0
2877,0.0
2878,0.0
2879,0.0
2880,0.0
2881,0.0
2882,0.0
2883,0.0
2884,0.0
2885,0.0
2886,0.0
2887,0.0
2888,0.0
2889,0.0
2890,0.0
2891,0.0
2892,0.0
2893,0.0
2894,0.0
2895,0.0
2896,0.0
2897,0.0
2898,0.0
2899,0.0
2900,0.0
2901,0.0
2902,0.0
2903,0.0
2904,0.0
2905,0.0
2906,0.0
2907,0.0
2908,0.0
2909,0.0
2910,0.0
2911,0.0
2912,0.0
2913,0.0
2914,0.0
2915,0.0
2916,0.0
2917,0.0
2918,0.0
2919,0.0
2920,0.0
2921,0.0
2922,0.0
2923,0.0
2924,0.0
2925,0.0
2926,0.0
2927,0.0
2928,0.0
2929,0.0
2930,0.0
2931,0.0
2932,0.0
2933,0.0
2934,0.0
2935,0.0
2936,0.0
2937,0.0
2938,0.0
2939,0.0
2940,0.0
2941,0.0
2942,0.0
2943,0.0
2944,0.0
2945,0.0
2946,0.0
2947,0.0
2948,0.0
2949,0.0
2950,0.0
2951,0.0
2952,0.0
2953,0.0
2954,0.0
2955,0.0
2956,0.0
2957,0.0
2958,0.0
2959,0.0
2960,0.0
2961,0.0
2962,0.0
2963,0.0
2964,0.0
2965,0.0
2966,0.0
2967,0.0
2968,0.0
2969,0.0
2970,0.0
2971,0.0
2972,0.0
2973,0.0
2974,0.0
2975,0.0
2976,0.0
2977,0.0
2978,0.0
2979,0.0
2980,0.0
2981,0.0
2982,0.0
2983,0.0
2984,0.0
2985,0.0
2986,0.0
2987,0.0
2988,0.0
2989,0.0
2990,0.0
2991,0.0
2992,0.0
2993,0.0
2994,0.0
2995,0.0
2996,0.0
2997,0.0
2998,0.0
2999,0.0
3000,0.0
3001,0.0
3002,0.0
3003,0.0
3004,0.0
3005,0.0
3006,0.0
3007,0.0
3008,0.0
3009,0.0
3010,0.0
3011,0.0
3012,0.0
3013,0.0
3014,0.0
3015,0.0
3016,0.0
3017,0.0
3018,0.0
3019,0.0
3020,0.0
3021,0.0
3022,0.0
3023,0.0
3024,0.0
3025,0.0
3026,0.0
3027,0.0
3028,0.0
3029,0.0
3030,0.0
3031,0.0
3032,0.0
3033,0.0
3034,0.0
3035,0.0
3036,0.0
3037,0.0
3038,0.0
3039,0.0
3040,0.0
3041,0.0
3042,0.0
3043,0.0
3044,0.0
3045,0.0
3046,0.0
3047,0.0
3048,0.0
3049,0.0
3050,0.0
3051,0.0
3052,0.0
3053,0.0
3054,0.0
3055,0.0
3056,0.0
3057,0.0
3058,0.0
3059,0.0
3060,0.0
3061,0.0
3062,0.0
3063,0.0
3064,0.0
3065,0.0
3066,0.0
3067,0.0
3068,0.0
3069,0.0
3070,0.0
3071,0.0
3072,0.0
3073,0.0
3074,0.0
3075,0.0
3076,0.0
3077,0.0
3078,0.0
3079,0.0
3080,0.0
3081,0.0
3082,0.0
3083,0.0
3084,0.0
3085,0.0
3086,0.0
3087,0.0
3088,0.0
3089,0.0
3090,0.0
3091,0.0
3092,0.0
3093,0.0
3094,0.0
3095,0.0
3096,0.0
3097,0.0
3098,0.0
3099,0.0
3100,0.0
3101,0.0
3102,0.0
3103,0.0
3104,0.0
3105,0.0
3106,0.0
3107,0.0
3108,0.0
3109,0.0
3110,0.0
3111,0.0
3112,0.0
3113,0.0
3114,0.0
3115,0.0
3116,0.0
3117,0.0
3118,0.0
3119,0.0
3120,0.0
3121,0.0
3122,0.0
3123,0.0
3124,0.0
3125,0.0
3126,0.0
3127,0.0
3128,0.0
3129,0.0
3130,0.0
3131,0.0
3132,0.0
3133,0.0
3134,0.0
3135,0.0
3136,0.0
3137,0.0
3138,0.0
3139,0.0
3140,0.0
3141,0.0
3142,0.0
3143,0.0
3144,0.0
3145,0.0
3146,0.0
3147,0.0
3148,0.0
3149,0.0
3150,0.0
3151,0.0
3152,0.0
3153,0.0
3154,0.0
3155,0.0
3156,0.0
3157,0.0
3158,0.0
3159,0.0
3160,0.0
3161,0.0
3162,0.0
3163,0.0
3164,0.0
3165,0.0
3166,0.0
3167,0.0
3168,0.0
3169,0.0
3170,0.0
3171,0.0
3172,0.0
3173,0.0
3174,0.0
3175,0.0
3176,0.0
3177,0.0
3178,0.0
3179,0.0
3180,0.0
3181,0.0
3182,0.0
3183,0.0
3184,0.0
3185,0.0
3186,0.0
3187,0.0
3188,0.0
3189,0.0
3190,0.0
3191,0.0
3192,0.0
3193,0.0
3194,0.0
3195,0.0
3196,0.0
3197,0.0
3198,0.0
3199,0.0
3200,0.0
3201,0.0
3202,0.0
3203,0.0
3204,0.0
3205,0.0
3206,0.0
3207,0.0
3208,0.0
3209,0.0
3210,0.0
3211,0.0
3212,0.0
3213,0.0
3214,0.0
3215,0.0
3216,0.0
3217,0.0
3218,0.0
3219,0.0
3220,0.0
3221,0.0
3222,0.0
3223,0.0
3224,0.0
3225,0.0
3226,0.0
3227,0.0
3228,0.0
3229,0.0
3230,0.0
3231,0.0
3232,0.0
3233,0.0
3234,0.0
3235,0.0
3236,0.0
3237,0.0
3238,0.0
3239,0.0
3240,0.0
3241,0.0
3242,0.0
3243,0.0
3244,0.0
3245,0.0
3246,0.0
3247,0.0
3248,0.0
3249,0.0
3250,0.0
3251,0.0
3252,0.0
3253,0.0
3254,0.0
3255,0.0
3256,0.0
3257,0.0
3258,0.0
3259,0.0
3260,0.0
3261,0.0
3262,0.0
3263,0.0
3264,0.0
3265,0.0
3266,0.0
3267,0.0
3268,0.0
3269,0.0
3270,0.0
3271,0.0
3272,0.0
3273,0.0
3274,0.0
3275,0.0
3276,0.0
3277,0.0
3278,0.0
3279,0.0
3280,0.0
3281,0.0
3282,0.0
3283,0.0
3284,0.0
3285,0.0
3286,0.0
3287,0.0
3288,0.0
3289,0.0
3290,0.0
3291,0.0
3292,0.0
3293,0.0
3294,0.0
3295,0.0
3296,0.0
3297,0.0
3298,0.0
3299,0.0
3300,0.0
3301,0.0
3302,0.0
3303,0.0
3304,0.0
3305,0.0
3306,0.0
3307,0.0
3308,0.0
3309,0.0
3310,0.0
3311,0.0
3312,0.0
3313,0.0
3314,0.0
3315,0.0
3316,0.0
3317,0.0
3318,0.0
3319,0.0
3320,0.0
3321,0.0
3322,0.0
3323,0.0
3324,0.0
3325,0.0
3326,0.0
3327,0.0
3328,0.0
3329,0.0
3330,0.0
3331,0.0
3332,0.0
3333,0.0
3334,0.0
3335,0.0
3336,0.0
3337,0.0
3338,0.0
3339,0.0
3340,0.0
3341,0.0
3342,0.0
3343,0.0
3344,0.0
3345,0.0
3346,0.0
3347,0.0
3348,0.0
3349,0.0
3350,0.0
3351,0.0
3352,0.0
3353,0.0
3354,0.0
3355,0.0
3356,0.0
3357,0.0
3358,0.0
3359,0.0
3360,0.0
3361,0.0033
3362,0.0065
3363,0.0098
3364,0.0131
3365,0.0164
3366,0.0196
3367,0.0229
3368,0.0262
3369,0.0294
3370,0.0327
3371,0.036
3372,0.0392
3373,0.0425
3374,0.0458
3375,0.049
3376,0.0523
3377,0.0555
3378,0.0588
3379,0.062
3380,0.0653
3381,0.0685
3382,0.0717
3383,0.075
3384,0.0782
3385,0.0814
3386,0.0847
3387,0.0879
3388,0.0911
3389,0.0943
3390,0.0975
3391,0.1008
3392,0.104
3393,0.1072
3394,0.1103
3395,0.1135
3396,0.1167
3397,0.1199
3398,0.1231
3399,0.1262
3400,0.1294
3401,0.1326
3402,0.1357
3403,0.1389
3404,0.142
3405,0.1451
3406,0.1483
3407,0.1514
3408,0.1545
3409,0.1576
3410,0.1607
3411,0.1638
3412,0.1669
3413,0.17
3414,0.1731
3415,0.1761
3416,0.1792
3417,0.1822
3418,0.1853
3419,0.1883
3420,0.1913
3421,0.1944
3422,0.1974
3423,0.2004
3424,0.2034
3425,0.2064
3426,0.2093
3427,0.2123
3428,0.2153
3429,0.2182
3430,0.2211
3431,0.2241
3432,0.227
3433,0.2299
3434,0.2328
3435,0.2357
3436,0.2386
3437,0.2415
3438,0.2443
3439,0.2472
3440,0.25
3441,0.2528
3442,0.2556
3443,0.2585
3444,0.2612
3445,0.264
3446,0.2668
3447,0.2696
3448,0.2723
3449,0.2751
3450,0.2778
3451,0.2805
3452,0.2832
3453,0.2859
3454,0.2886
3455,0.2912
3456,0.2939
3457,0.2965
3458,0.2992
3459,0.3018
3460,0.3044
3461,0.307
3462,0.3095
3463,0.3121
3464,0.3147
3465,0.3172
3466,0.3197
3467,0.3222
3468,0.3247
3469,0.3272
3470,0.3297
3471,0.3321
3472,0.3346
3473,0.337
3474,0.3394
3475,0.3418
3476,0.3442
3477,0.3465
3478,0.3489
3479,0.3512
3480,0.3536
3481,0.3559
3482,0.3582
3483,0.3604
3484,0.3627
3485,0.3649
3486,0.3672
3487,0.3694
3488,0.3716
3489,0.3738
3490,0.3759
3491,0.3781
3492,0.3802
3493,0.3823
3494,0.3844
3495,0.3865
3496,0.3886
3497,0.3906
3498,0.3927
3499,0.3947
3500,0.3967
3501,0.3987
3502,0.4006
3503,0.4026
3504,0.4045
3505,0.4064
3506,0.4083
3507,0.4102
3508,0.4121
3509,0.4139
3510,0.4157
3511,0.4175
3512,0.4193
3513,0.4211
3514,0.4229
3515,0.4246
3516,0.4263
3517,0.428
3518,0.4297
3519,0.4314
3520,0.433
3521,0.4346
3522,0.4362
3523,0.4378
3524,0.4394
3525,0.441
3526,0.4425
3527,0.444
3528,0.4455
3529,0.447
3530,0.4484
3531,0.4499
3532,0.4513
3533,0.4527
3534,0.4541
3535,0.4554
3536,0.4568
3537,0.4581
3538,0.4594
3539,0.4607
3540,0.4619
3541,0.4632
3542,0.4644
3543,0.4656
3544,0.4668
3545,0.468
3546,0.4691
3547,0.4702
3548,0.4713
3549,0.4724
3550,0.4735
3551,0.4745
3552,0.4755
3553,0.4765
3554,0.4775
3555,0.4785
3556,0.4794
3557,0.4803
3558,0.4812
3559,0.4821
3560,0.483
3561,0.4838
3562,0.4846
3563,0.4854
3564,0.4862
3565,0.4869
3566,0.4877
3567,0.4884
3568,0.4891
3569,0.4897
3570,0.4904
3571,0.491
3572,0.4916
3573,0.4922
3574,0.4928
3575,0.4933
3576,0.4938
3577,0.4943
3578,0.4948
3579,0.4953
3580,0.4957
3581,0.4961
3582,0.4965
3583,0.4969
3584,0.4973
3585,0.4976
3586,0.4979
3587,0.4982
3588,0.4985
3589,0.4987
3590,0.4989
3591,0.4991
3592,0.4993
3593,0.4995
3594,0.4996
3595,0.4997
3596,0.4998
3597,0.4999
3598,0.5
3599,0.5
3600,0.5
3601,0.5
3602,0.5
3603,0.4999
3604,0.4998
3605,0.4997
3606,0.4996
3607,0.4995
3608,0.4993
3609,0.4991
3610,0.4989
3611,0.4987
3612,0.4985
3613,0.4982
3614,0.4979
3615,0.4976
3616,0.4973
3617,0.4969
3618,0.4965
3619,0.4961
3620,0.4957
3621,0.4953
3622,0.4948
3623,0.4943
3624,0.4938
3625,0.4933
3626,0.4928
3627,0.4922
3628,0.4916
3629,0.491
3630,0.4904
3631,0.4897
3632,0.4891
3633,0.4884
3634,0.4877
3635,0.4869
3636,0.4862
3637,0.4854
3638,0.4846
3639,0.4838
3640,0.483
3641,0.4821
3642,0.4812
3643,0.4803
3644,0.4794
3645,0.4785
3646,0.4775
3647,0.4765
3648,0.4755
3649,0.4745
3650,0.4735
3651,0.4724
3652,0.4713
3653,0.4702
3654,0.4691
3655,0.468
3656,0.4668
3657,0.4656
3658,0.4644
3659,0.4632
3660,0.4619
3661,0.4607
3662,0.4594
3663,0.4581
3664,0.4568
3665,0.4554
3666,0.4541
3667,0.4527
3668,0.4513
3669,0.4499
3670,0.4484
3671,0.447
3672,0.4455
3673,0.444
3674,0.4425
3675,0.441
3676,0.4394
3677,0.4378
3678,0.4362
3679,0.4346
3680,0.433
3681,0.4314
3682,0.4297
3683,0.428
3684,0.4263
3685,0.4246
3686,0.4229
3687,0.4211
3688,0.4193
3689,0.4175
3690,0.4157
3691,0.4139
3692,0.4121
3693,0.4102
3694,0.4083
3695,0.4064
3696,0.4045
3697,0.4026
3698,0.4006
3699,0.3987
3700,0.3967
3701,0.3947
3702,0.3927
3703,0.3906
3704,0.3886
3705,0.3865
3706,0.3844
3707,0.3823
3708,0.3802
3709,0.3781
3710,0.3759
3711,0.3738
3712,0.3716
3713,0.3694
3714,0.3672
3715,0.3649
3716,0.3627
3717,0.3604
3718,0.3582
3719,0.3559
3720,0.3536
3721,0.3512
3722,0.3489
3723,0.3465
3724,0.3442
3725,0.3418
3726,0.3394
3727,0.337
3728,0.3346
3729,0.3321
3730,0.3297
3731,0.3272
3732,0.3247
3733,0.3222
3734,0.3197
3735,0.3172
3736,0.3147
3737,0.3121
3738,0.3095
3739,0.307
3740,0.3044
3741,0.3018
3742,0.2992
3743,0.2965
3744,0.2939
3745,0.2912
3746,0.2886
3747,0.2859
3748,0.2832
3749,0.2805
3750,0.2778
3751,0.2751
3752,0.2723
3753,0.2696
3754,0.2668
3755,0.264
3756,0.2612
3757,0.2585
3758,0.2556
3759,0.2528
3760,0.25
3761,0.2472
3762,0.2443
3763,0.2415
3764,0.2386
3765,0.2357
3766,0.2328
3767,0.2299
3768,0.227
3769,0.2241
3770,0.2211
3771,0.2182
3772,0.2153
3773,0.2123
3774,0.2093
3775,0.2064
3776,0.2034
3777,0.2004
3778,0.1974
3779,0.1944
3780,0.1913
3781,0.1883
3782,0.1853
3783,0.1822
3784,0.1792
3785,0.1761
3786,0.1731
3787,0.17
3788,0.1669
3789,0.1638
3790,0.1607
3791,0.1576
3792,0.1545
3793,0.1514
3794,0.1483
3795,0.1451
3796,0.142
3797,0.1389
3798,0.1357
3799,0.1326
3800,0.1294
3801,0.1262
3802,0.1231
3803,0.1199
3804,0.1167
3805,0.1135
3806,0.1103
3807,0.1072
3808,0.104
3809,0.1008
3810,0.0975
3811,0.0943
3812,0.0911
3813,0.0879
3814,0.0847
3815,0.0814
3816,0.0782
3817,0.075
3818,0.0717
3819,0.0685
3820,0.0653
3821,0.062
3822,0.0588
3823,0.0555
3824,0.0523
3825,0.049
3826,0.0458
3827,0.0425
3828,0.0392
3829,0.036
3830,0.0327
3831,0.0294
3832,0.0262
3833,0.0229
3834,0.0196
3835,0.0164
3836,0.0131
3837,0.0098
3838,0.0065
3839,0.0033
3840,0.0
3841,0.0
3842,0.0
3843,0.0
3844,0.0
3845,0.0
3846,0.0
3847,0.0
3848,0.0
3849,0.0
3850,0.0
3851,0.0
3852,0.0
3853,0.0
3854,0.0
3855,0.0
3856,0.0
3857,0.0
3858,0.0
3859,0.0
3860,0.0
3861,0.0
3862,0.0
3863,0.0
3864,0.0
3865,0.0
3866,0.0
3867,0.0
3868,0.0
3869,0.0
3870,0.0
3871,0.0
3872,0.0
3873,0.0
3874,0.0
3875,0.0
3876,0.0
3877,0.0
3878,0.0
3879,0.0
3880,0.0
3881,0.0
3882,0.0
3883,0.0
3884,0.0
3885,0.0
3886,0.0
3887,0.0
3888,0.0
3889,0.0
3890,0.0
3891,0.0
3892,0.0
3893,0.0
3894,0.0
3895,0.0
3896,0.0
3897,0.0
3898,0.0
3899,0.0
3900,0.0
3901,0.0
3902,0.0
3903,0.0
3904,0.0
3905,0.0
3906,0.0
3907,0.0
3908,0.0
3909,0.0
3910,0.0
3911,0.0
3912,0.0
3913,0.0
3914,0.0
3915,0.0
3916,0.0
3917,0.0
3918,0.0
3919,0.0
3920,0.0
3921,0.0
3922,0.0
3923,0.0
3924,0.0
3925,0.0
3926,0.0
3927,0.0
3928,0.0
3929,0.0
3930,0.0
3931,0.0
3932,0.0
3933,0.0
3934,0.0
3935,0.0
3936,0.0
3937,0.0
3938,0.0
3939,0.0
3940,0.0
3941,0.0
3942,0.0
3943,0.0
3944,0.0
3945,0.0
3946,0.0
3947,0.0
3948,0.0
3949,0.0
3950,0.0
3951,0.0
3952,0.0
3953,0.0
3954,0.0
3955,0.0
3956,0.0
3957,0.0
3958,0.0
3959,0.0
3960,-0.4
3961,-0.4
3962,-0.4
3963,-0.4
3964,-0.4
3965,-0.4
3966,-0.4
3967,-0.4
3968,-0.4
3969,-0.4
3970,-0.4
3971,-0.4
3972,-0.4
3973,-0.4
3974,-0.4
3975,-0.4
3976,-0.4
3977,-0.4
3978,-0.4
3979,-0.4
3980,-0.4
3981,-0.4
3982,-0.4
3983,-0.4
3984,-0.4
3985,-0.4
3986,-0.4
3987,-0.4
3988,-0.4
3989,-0.4
3990,-0.4
3991,-0.4
3992,-0.4
3993,-0.4
3994,-0.4
3995,-0.4
3996,-0.4
3997,-0.4
3998,-0.4
3999,-0.4
4000,-0.4
4001,-0.4
4002,-0.4
4003,-0.4
4004,-0.4
4005,-0.4
4006,-0.4
4007,-0.4
4008,-0.4
4009,-0.4
4010,-0.4
4011,-0.4
4012,-0.4
4013,-0.4
4014,-0.4
4015,-0.4
4016,-0.4
4017,-0.4
4018,-0.4
4019,-0.4
4020,-0.4
4021,-0.4
4022,-0.4
4023,-0.4
4024,-0.4
4025,-0.4
4026,-0.4
4027,-0.4
4028,-0.4
4029,-0.4
4030,-0.4
4031,-0.4
4032,-0.4
4033,-0.4
4034,-0.4
4035,-0.4
4036,-0.4
4037,-0.4
4038,-0.4
4039,-0.4
4040,-0.4
4041,-0.4
4042,-0.4
4043,-0.4
4044,-0.4
4045,-0.4
4046,-0.4
4047,-0.4
4048,-0.4
4049,-0.4
4050,-0.4
4051,-0.4
4052,-0.4
4053,-0.4
4054,-0.4
4055,-0.4
4056,-0.4
4057,-0.4
4058,-0.4
4059,-0.4
4060,-0.4
4061,-0.4
4062,-0.4
4063,-0.4
4064,-0.4
4065,-0.4
4066,-0.4
4067,-0.4
4068,-0.4
4069,-0.4
4070,-0.4
4071,-0.4
4072,-0.4
4073,-0.4
4074,-0.4
4075,-0.4
4076,-0.4
4077,-0.4
4078,-0.4
4079,-0.4
4080,-0.4
4081,-0.4
4082,-0.4
4083,-0.4
4084,-0.4
4085,-0.4
4086,-0.4
4087,-0.4
4088,-0.4
4089,-0.4
4090,-0.4
4091,-0.4
4092,-0.4
4093,-0.4
4094,-0.4
4095,-0.4
4096,-0.4
4097,-0.4
4098,-0.4
4099,-0.4
4100,-0.4
4101,-0.4
4102,-0.4
4103,-0.4
4104,-0.4
4105,-0.4
4106,-0.4
4107,-0.4
4108,-0.4
4109,-0.4
4110,-0.4
4111,-0.4
4112,-0.4
4113,-0.4
4114,-0.4
4115,-0.4
4116,-0.4
4117,-0.4
4118,-0.4
4119,-0.4
4120,-0.4
4121,-0.4
4122,-0.4
4123,-0.4
4124,-0.4
4125,-0.4
4126,-0.4
4127,-0.4
4128,-0.4
4129,-0.4
4130,-0.4
4131,-0.4
4132,-0.4
4133,-0.4
4134,-0.4
4135,-0.4
4136,-0.4
4137,-0.4
4138,-0.4
4139,-0.4
4140,-0.4
4141,-0.4
4142,-0.4
4143,-0.4
4144,-0.4
4145,-0.4
4146,-0.4
4147,-0.4
4148,-0.4
4149,-0.4
4150,-0.4
4151,-0.4
4152,-0.4
4153,-0.4
4154,-0.4
4155,-0.4
4156,-0.4
4157,-0.4
4158,-0.4
4159,-0.4
4160,-0.4
4161,-0.4
4162,-0.4
4163,-0.4
4164,-0.4
4165,-0.4
4166,-0.4
4167,-0.4
4168,-0.4
4169,-0.4
4170,-0.4
4171,-0.4
4172,-0.4
4173,-0.4
4174,-0.4
4175,-0.4
4176,-0.4
4177,-0.4
4178,-0.4
4179,-0.4
4180,-0.4
4181,-0.4
4182,-0.4
4183,-0.4
4184,-0.4
4185,-0.4
4186,-0.4
4187,-0.4
4188,-0.4
4189,-0.4
4190,-0.4
4191,-0.4
4192,-0.4
4193,-0.4
4194,-0.4
4195,-0.4
4196,-0.4
4197,-0.4
4198,-0.4
4199,-0.4
4200,0.0
4201,0.0
4202,0.0
4203,0.0
4204,0.0
4205,0.0
4206,0.0
4207,0.0
4208,0.0
4209,0.0
4210,0.0
4211,0.0
4212,0.0
4213,0.0
4214,0.0
4215,0.0
4216,0.0
4217,0.0
4218,0.0
4219,0.0
4220,0.0
4221,0.0
4222,0.0
4223,0.0
4224,0.0
4225,0.0
4226,0.0
4227,0.0
4228,0.0
4229,0.0
4230,0.0
4231,0.0
4232,0.0
4233,0.0
4234,0.0
4235,0.0
4236,0.0
4237,0.0
4238,0.0
4239,0.0
4240,0.0
4241,0.0
4242,0.0
4243,0.0
4244,0.0
4245,0.0
4246,0.0
4247,0.0
4248,0.0
4249,0.0
4250,0.0
4251,0.0
4252,0.0
4253,0.0
4254,0.0
4255,0.0
4256,0.0
4257,0.0
4258,0.0
4259,0.0
4260,0.0
4261,0.0
4262,0.0
4263,0.0
4264,0.0
4265,0.0
4266,0.0
4267,0.0
4268,0.0
4269,0.0
4270,0.0
4271,0.0
4272,0.0
4273,0.0
4274,0.0
4275,0.0
4276,0.0
4277,0.0
4278,0.0
4279,0.0
4280,0.0
4281,0.0
4282,0.0
4283,0.0
4284,0.0
4285,0.0
4286,0.0
4287,0.0
4288,0.0
4289,0.0
4290,0.0
4291,0.0
4292,0.0
4293,0.0
4294,0.0
4295,0.0
4296,0.0
4297,0.0
4298,0.0
4299,0.0
4300,0.0
4301,0.0
4302,0.0
4303,0.0
4304,0.0
4305,0.0
4306,0.0
4307,0.0
4308,0.0
4309,0.0
4310,0.0
4311,0.0
4312,0.0
4313,0.0
4314,0.0
4315,0.0
4316,0.0
4317,0.0
4318,0.0
4319,0.0
4320,0.0
4321,0.0
4322,0.0
4323,0.0
4324,0.0
4325,0.0
4326,0.0
4327,0.0
4328,0.0
4329,0.0
4330,0.0
4331,0.0
4332,0.0
4333,0.0
4334,0.0
4335,0.0
4336,0.0
4337,0.0
4338,0.0
4339,0.0
4340,0.0
4341,0.0
4342,0.0
4343,0.0
4344,0.0
4345,0.0
4346,0.0
4347,0.0
4348,0.0
4349,0.0
4350,0.0
4351,0.0
4352,0.0
4353,0.0
4354,0.0
4355,0.0
4356,0.0
4357,0.0
4358,0.0
4359,0.0
4360,0.0
4361,0.0
4362,0.0
4363,0.0
4364,0.0
4365,0.0
4366,0.0
4367,0.0
4368,0.0
4369,0.0
4370,0.0
4371,0.0
4372,0.0
4373,0.0
4374,0.0
4375,0.0
4376,0.0
4377,0.0
4378,0.0
4379,0.0
4380,0.0
4381,0.0
4382,0.0
4383,0.0
4384,0.0
4385,0.0
4386,0.0
4387,0.0
4388,0.0
4389,0.0
4390,0.0
4391,0.0
4392,0.0
4393,0.0
4394,0.0
4395,0.0
4396,0.0
4397,0.0
4398,0.0
4399,0.0
4400,0.0
4401,0.0
4402,0.0
4403,0.0
4404,0.0
4405,0.0
4406,0.0
4407,0.0
4408,0.0
4409,0.0
4410,0.0
4411,0.0
4412,0.0
4413,0.0
4414,0.0
4415,0.0
4416,0.0
4417,0.0
4418,0.0
4419,0.0
4420,0.0
4421,0.0
4422,0.0
4423,0.0
4424,0.0
4425,0.0
4426,0.0
4427,0.0
4428,0.0
4429,0.0
4430,0.0
4431,0.0
4432,0.0
4433,0.0
4434,0.0
4435,0.0
4436,0.0
4437,0.0
4438,0.0
4439,0.0
4440,0.0
4441,0.0
4442,0.0
4443,0.0
4444,0.0
4445,0.0
4446,0.0
4447,0.0
4448,0.0
4449,0.0
4450,0.0
4451,0.0
4452,0.0
4453,0.0
4454,0.0
4455,0.0
4456,0.0
4457,0.0
4458,0.0
4459,0.0
4460,0.0
4461,0.0
4462,0.0
4463,0.0
4464,0.0
4465,0.0
4466,0.0
4467,0.0
4468,0.0
4469,0.0
4470,0.0
4471,0.0
4472,0.0
4473,0.0
4474,0.0
4475,0.0
4476,0.0
4477,0.0
4478,0.0
4479,0.0
4480,0.0
4481,0.0
4482,0.0
4483,0.0
4484,0.0
4485,0.0
4486,0.0
4487,0.0
4488,0.0
4489,0.0
4490,0.0
4491,0.0
4492,0.0
4493,0.0
4494,0.0
4495,0.0
4496,0.0
4497,0.0
4498,0.0
4499,0.0
4500,0.0
4501,0.0
4502,0.0
4503,0.0
4504,0.0
4505,0.0
4506,0.0
4507,0.0
4508,0.0
4509,0.0
4510,0.0
4511,0.0
4512,0.0
4513,0.0
4514,0.0
4515,0.0
4516,0.0
4517,0.0
4518,0.0
4519,0.0
4520,0.0
4521,0.0
4522,0.0
4523,0.0
4524,0.0
4525,0.0
4526,0.0
4527,0.0
4528,0.0
4529,0.0
4530,0.0
4531,0.0
4532,0.0
4533,0.0
4534,0.0
4535,0.0
4536,0.0
4537,0.0
4538,0.0
4539,0.0
4540,0.0
4541,0.0
4542,0.0
4543,0.0
4544,0.0
4545,0.0
4546,0.0
4547,0.0
4548,0.0
4549,0.0
4550,0.0
4551,0.0
4552,0.0
4553,0.0
4554,0.0
4555,0.0
4556,0.0
4557,0.0
4558,0.0
4559,0.0
4560,0.0
4561,0.0
4562,0.0
4563,0.0
4564,0.0
4565,0.0
4566,0.0
4567,0.0
4568,0.0
4569,0.0
4570,0.0
4571,0.0
4572,0.0
4573,0.0
4574,0.0
4575,0.0
4576,0.0
4577,0.0
4578,0.0
4579,0.0
4580,0.0
4581,0.0
4582,0.0
4583,0.0
4584,0.0
4585,0.0
4586,0.0
4587,0.0
4588,0.0
4589,0.0
4590,0.0
4591,0.0
4592,0.0
4593,0.0
4594,0.0
4595,0.0
4596,0.0
4597,0.0
4598,0.0
4599,0.0
4600,0.0
4601,0.0
4602,0.0
4603,0.0
4604,0.0
4605,0.0
4606,0.0
4607,0.0
4608,0.0
4609,0.0
4610,0.0
4611,0.0
4612,0.0
4613,0.0
4614,0.0
4615,0.0
4616,0.0
4617,0.0
4618,0.0
4619,0.0
4620,0.0
4621,0.0
4622,0.0
4623,0.0
4624,0.0
4625,0.0
4626,0.0
4627,0.0
4628,0.0
4629,0.0
4630,0.0
4631,0.0
4632,0.0
4633,0.0
4634,0.0
4635,0.0
4636,0.0
4637,0.0
4638,0.0
4639,0.0
4640,0.0
4641,0.0
4642,0.0
4643,0.0
4644,0.0
4645,0.0
4646,0.0
4647,0.0
4648,0.0
4649,0.0
4650,0.0
4651,0.0
4652,0.0
4653,0.0
4654,0.0
4655,0.0
4656,0.0
4657,0.0
4658,0.0
4659,0.0
4660,0.0
4661,0.0
4662,0.0
4663,0.0
4664,0.0
4665,0.0
4666,0.0
4667,0.0
4668,0.0
4669,0.0
4670,0.0
4671,0.0
4672,0.0
4673,0.0
4674,0.0
4675,0.0
4676,0.0
4677,0.0
4678,0.0
4679,0.0
4680,0.0
4681,0.0
4682,0.0
4683,0.0
4684,0.0
4685,0.0
4686,0.0
4687,0.0
4688,0.0
4689,0.0
4690,0.0
4691,0.0
4692,0.0
4693,0.0
4694,0.0
4695,0.0
4696,0.0
4697,0.0
4698,0.0
4699,0.0
4700,0.0
4701,0.0
4702,0.0
4703,0.0
4704,0.0
4705,0.0
4706,0.0
4707,0.0
4708,0.0
4709,0.0
4710,0.0
4711,0.0
4712,0.0
4713,0.0
4714,0.0
4715,0.0
4716,0.0
4717,0.0
4718,0.0
4719,0.0
4720,0.0
4721,0.0
4722,0.0
4723,0.0
4724,0.0
4725,0.0
4726,0.0
4727,0.0
4728,0.0
4729,0.0
4730,0.0
4731,0.0
4732,0.0
4733,0.0
4734,0.0
4735,0.0
4736,0.0
4737,0.0
4738,0.0
4739,0.0
4740,0.0
4741,0.0
4742,0.0
4743,0.0
4744,0.0
4745,0.0
4746,0.0
4747,0.0
4748,0.0
4749,0.0
4750,0.0
4751,0.0
4752,0.0
4753,0.0
4754,0.0
4755,0.0
4756,0.0
4757,0.0
4758,0.0
4759,0.0
4760,0.0
4761,0.0
4762,0.0
4763,0.0
4764,0.0
4765,0.0
4766,0.0
4767,0.0
4768,0.0
4769,0.0
4770,0.0
4771,0.0
4772,0.0
4773,0.0
4774,0.0
4775,0.0
4776,0.0
4777,0.0
4778,0.0
4779,0.0
4780,0.0
4781,0.0
4782,0.0
4783,0.0
4784,0.0
4785,0.0
4786,0.0
4787,0.0
4788,0.0
4789,0.0
4790,0.0
4791,0.0
4792,0.0
4793,0.0
4794,0.0
4795,0.0
4796,0.0
4797,0.0
4798,0.0
4799,0.0
4800,0.0
4801,0.0033
4802,0.0065
4803,0.0098
4804,0.0131
4805,0.0164
4806,0.0196
4807,0.0229
4808,0.0262
4809,0.0294
4810,0.0327
4811,0.036
4812,0.0392
4813,0.0425
4814,0.0458
4815,0.049
4816,0.0523
4817,0.0555
4818,0.0588
4819,0.062
4820,0.0653
4821,0.0685
4822,0.0717
4823,0.075
4824,0.0782
4825,0.0814
4826,0.0847
4827,0.0879
4828,0.0911
4829,0.0943
4830,0.0975
4831,0.1008
4832,0.104
4833,0.1072
4834,0.1103
4835,0.1135
4836,0.1167
4837,0.1199
4838,0.1231
4839,0.1262
4840,0.1294
4841,0.1326
4842,0.1357
4843,0.1389
4844,0.142
4845,0.1451
4846,0.1483
4847,0.1514
4848,0.1545
4849,0.1576
4850,0.1607
4851,0.1638
4852,0.1669
4853,0.17
4854,0.1731
4855,0.1761
4856,0.1792
4857,0.1822
4858,0.1853
4859,0.1883
4860,0.1913
4861,0.1944
4862,0.1974
4863,0.2004
4864,0.2034
4865,0.2064
4866,0.2093
4867,0.2123
4868,0.2153
4869,0.2182
4870,0.2211
4871,0.2241
4872,0.227
4873,0.2299
4874,0.2328
4875,0.2357
4876,0.2386
4877,0.2415
4878,0.2443
4879,0.2472
4880,0.25
4881,0.2528
4882,0.2556
4883,0.2585
4884,0.2612
4885,0.264
4886,0.2668
4887,0.2696
4888,0.2723
4889,0.2751
4890,0.2778
4891,0.2805
4892,0.2832
4893,0.2859
4894,0.2886
4895,0.2912
4896,0.2939
4897,0.2965
4898,0.2992
4899,0.3018
4900,0.3044
4901,0.307
4902,0.3095
4903,0.3121
4904,0.3147
4905,0.3172
4906,0.3197
4907,0.3222
4908,0.3247
4909,0.3272
4910,0.3297
4911,0.3321
4912,0.3346
4913,0.337
4914,0.3394
4915,0.3418
4916,0.3442
4917,0.3465
4918,0.3489
4919,0.3512
4920,0.3536
4921,0.3559
4922,0.3582
4923,0.3604
4924,0.3627
4925,0.3649
4926,0.3672
4927,0.3694
4928,0.3716
4929,0.3738
4930,0.3759
4931,0.3781
4932,0.3802
4933,0.3823
4934,0.3844
4935,0.3865
4936,0.3886
4937,0.3906
4938,0.3927
4939,0.3947
4940,0.3967
4941,0.3987
4942,0.4006
4943,0.4026
4944,0.4045
4945,0.4064
4946,0.4083
4947,0.4102
4948,0.4121
4949,0.4139
4950,0.4157
4951,0.4175
4952,0.4193
4953,0.4211
4954,0.4229
4955,0.4246
4956,0.4263
4957,0.428
4958,0.4297
4959,0.4314
4960,0.433
4961,0.4346
4962,0.4362
4963,0.4378
4964,0.4394
4965,0.441
4966,0.4425
4967,0.444
4968,0.4455
4969,0.447
4970,0.4484
4971,0.4499
4972,0.4513
4973,0.4527
4974,0.4541
4975,0.4554
4976,0.4568
4977,0.4581
4978,0.4594
4979,0.4607
4980,0.4619
4981,0.4632
4982,0.4644
4983,0.4656
4984,0.4668
4985,0.468
4986,0.4691
4987,0.4702
4988,0.4713
4989,0.4724
4990,0.4735
4991,0.4745
4992,0.4755
4993,0.4765
4994,0.4775
4995,0.4785
4996,0.4794
4997,0.4803
4998,0.4812
4999,0.4821
5000,0.483
5001,0.4838
5002,0.4846
5003,0.4854
5004,0.4862
5005,0.4869
5006,0.4877
5007,0.4884
5008,0.4891
5009,0.4897
5010,0.4904
5011,0.491
5012,0.4916
5013,0.4922
5014,0.4928
5015,0.4933
5016,0.4938
5017,0.4943
5018,0.4948
5019,0.4953
5020,0.4957
5021,0.4961
5022,0.4965
5023,0.4969
5024,0.4973
5025,0.4976
5026,0.4979
5027,0.4982
5028,0.4985
5029,0.4987
5030,0.4989
5031,0.4991
5032,0.4993
5033,0.4995
5034,0.4996
5035,0.4997
5036,0.4998
5037,0.4999
5038,0.5
5039,0.5
5040,0.5
5041,0.5
5042,0.5
5043,0.4999
5044,0.4998
5045,0.4997
5046,0.4996
5047,0.4995
5048,0.4993
5049,0.4991
5050,0.4989
5051,0.4987
5052,0.4985
5053,0.4982
5054,0.4979
5055,0.4976
5056,0.4973
5057,0.4969
5058,0.4965
5059,0.4961
5060,0.4957
5061,0.4953
5062,0.4948
5063,0.4943
5064,0.4938
5065,0.4933
5066,0.4928
5067,0.4922
5068,0.4916
5069,0.491
5070,0.4904
5071,0.4897
5072,0.4891
5073,0.4884
5074,0.4877
5075,0.4869
5076,0.4862
5077,0.4854
5078,0.4846
5079,0.4838
5080,0.483
5081,0.4821
5082,0.4812
5083,0.4803
5084,0.4794
5085,0.4785
5086,0.4775
5087,0.4765
5088,0.4755
5089,0.4745
5090,0.4735
5091,0.4724
5092,0.4713
5093,0.4702
5094,0.4691
5095,0.468
5096,0.4668
5097,0.4656
5098,0.4644
5099,0.4632
5100,0.4619
5101,0.4607
5102,0.4594
5103,0.4581
5104,0.4568
5105,0.4554
5106,0.4541
5107,0.4527
5108,0.4513
5109,0.4499
5110,0.4484
5111,0.447
5112,0.4455
5113,0.444
5114,0.4425
5115,0.441
5116,0.4394
5117,0.4378
5118,0.4362
5119,0.4346
5120,0.433
5121,0.4314
5122,0.4297
5123,0.428
5124,0.4263
5125,0.4246
5126,0.4229
5127,0.4211
5128,0.4193
5129,0.4175
5130,0.4157
5131,0.4139
5132,0.4121
5133,0.4102
5134,0.4083
5135,0.4064
5136,0.4045
5137,0.4026
5138,0.4006
5139,0.3987
5140,0.3967
5141,0.3947
5142,0.3927
5143,0.3906
5144,0.3886
5145,0.3865
5146,0.3844
5147,0.3823
5148,0.3802
5149,0.3781
5150,0.3759
5151,0.3738
5152,0.3716
5153,0.3694
5154,0.3672
5155,0.3649
5156,0.3627
5157,0.3604
5158,0.3582
5159,0.3559
5160,0.3536
5161,0.3512
5162,0.3489
5163,0.3465
5164,0.3442
5165,0.3418
5166,0.3394
5167,0.337
5168,0.3346
5169,0.3321
5170,0.3297
5171,0.3272
5172,0.3247
5173,0.3222
5174,0.3197
5175,0.3172
5176,0.3147
5177,0.3121
5178,0.3095
5179,0.307
5180,0.3044
5181,0.3018
5182,0.2992
5183,0.2965
5184,0.2939
5185,0.2912
5186,0.2886
5187,0.2859
5188,0.2832
5189,0.2805
5190,0.2778
5191,0.2751
5192,0.2723
5193,0.2696
5194,0.2668
5195,0.264
5196,0.2612
5197,0.2585
5198,0.2556
5199,0.2528
5200,0.25
5201,0.2472
5202,0.2443
5203,0.2415
5204,0.2386
5205,0.2357
5206,0.2328
5207,0.2299
5208,0.227
5209,0.2241
5210,0.2211
5211,0.2182
5212,0.2153
5213,0.2123
5214,0.2093
5215,0.2064
5216,0.2034
5217,0.2004
5218,0.1974
5219,0.1944
5220,0.1913
5221,0.1883
5222,0.1853
5223,0.1822
5224,0.1792
5225,0.1761
5226,0.1731
5227,0.17
5228,0.1669
5229,0.1638
5230,0.1607
5231,0.1576
5232,0.1545
5233,0.1514
5234,0.1483
5235,0.1451
5236,0.142
5237,0.1389
5238,0.1357
5239,0.1326
5240,0.1294
5241,0.1262
5242,0.1231
5243,0.1199
5244,0.1167
5245,0.1135
5246,0.1103
5247,0.1072
5248,0.104
5249,0.1008
5250,0.0975
5251,0.0943
5252,0.0911
5253,0.0879
5254,0.0847
5255,0.0814
5256,0.0782
5257,0.075
5258,0.0717
5259,0.0685
5260,0.0653
5261,0.062
5262,0.0588
5263,0.0555
5264,0.0523
5265,0.049
5266,0.0458
5267,0.0425
5268,0.0392
5269,0.036
5270,0.0327
5271,0.0294
5272,0.0262
5273,0.0229
5274,0.0196
5275,0.0164
5276,0.0131
5277,0.0098
5278,0.0065
5279,0.0033
5280,0.0
5281,0.0
5282,0.0
5283,0.0
5284,0.0
5285,0.0
5286,0.0
5287,0.0
5288,0.0
5289,0.0
5290,0.0
5291,0.0
5292,0.0
5293,0.0
5294,0.0
5295,0.0
5296,0.0
5297,0.0
5298,0.0
5299,0.0
5300,0.0
5301,0.0
5302,0.0
5303,0.0
5304,0.0
5305,0.0
5306,0.0
5307,0.0
5308,0.0
5309,0.0
5310,0.0
5311,0.0
5312,0.0
5313,0.0
5314,0.0
5315,0.0
5316,0.0
5317,0.0
5318,0.0
5319,0.0
5320,0.0
5321,0.0
5322,0.0
5323,0.0
5324,0.0
5325,0.0
5326,0.0
5327,0.0
5328,0.0
5329,0.0
5330,0.0
5331,0.0
5332,0.0
5333,0.0
5334,0.0
5335,0.0
5336,0.0
5337,0.0
5338,0.0
5339,0.0
5340,0.0
5341,0.0
5342,0.0
5343,0.0
5344,0.0
5345,0.0
5346,0.0
5347,0.0
5348,0.0
5349,0.0
5350,0.0
5351,0.0
5352,0.0
5353,0.0
5354,0.0
5355,0.0
5356,0.0
5357,0.0
5358,0.0
5359,0.0
5360,0.0
5361,0.0
5362,0.0
5363,0.0
5364,0.0
5365,0.0
5366,0.0
5367,0.0
5368,0.0
5369,0.0
5370,0.0
5371,0.0
5372,0.0
5373,0.0
5374,0.0
5375,0.0
5376,0.0
5377,0.0
5378,0.0
5379,0.0
5380,0.0
5381,0.0
5382,0.0
5383,0.0
5384,0.0
5385,0.0
5386,0.0
5387,0.0
5388,0.0
5389,0.0
5390,0.0
5391,0.0
5392,0.0
5393,0.0
5394,0.0
5395,0.0
5396,0.0
5397,0.0
5398,0.0
5399,0.0
5400,-0.4
5401,-0.4
5402,-0.4
5403,-0.4
5404,-0.4
5405,-0.4
5406,-0.4
5407,-0.4
5408,-0.4
5409,-0.4
5410,-0.4
5411,-0.4
5412,-0.4
5413,-0.4
5414,-0.4
5415,-0.4
5416,-0.4
5417,-0.4
5418,-0.4
5419,-0.4
5420,-0.4
5421,-0.4
5422,-0.4
5423,-0.4
5424,-0.4
5425,-0.4
5426,-0.4
5427,-0.4
5428,-0.4
5429,-0.4
5430,-0.4
5431,-0.4
5432,-0.4
5433,-0.4
5434,-0.4
5435,-0.4
5436,-0.4
5437,-0.4
5438,-0.4
5439,-0.4
5440,-0.4
5441,-0.4
5442,-0.4
5443,-0.4
5444,-0.4
5445,-0.4
5446,-0.4
5447,-0.4
5448,-0.4
5449,-0.4
5450,-0.4
5451,-0.4
5452,-0.4
5453,-0.4
5454,-0.4
5455,-0.4
5456,-0.4
5457,-0.4
5458,-0.4
5459,-0.4
5460,-0.4
5461,-0.4
5462,-0.4
5463,-0.4
5464,-0.4
5465,-0.4
5466,-0.4
5467,-0.4
5468,-0.4
5469,-0.4
5470,-0.4
5471,-0.4
5472,-0.4
5473,-0.4
5474,-0.4
5475,-0.4
5476,-0.4
5477,-0.4
5478,-0.4
5479,-0.4
5480,-0.4
5481,-0.4
5482,-0.4
5483,-0.4
5484,-0.4
5485,-0.4
5486,-0.4
5487,-0.4
5488,-0.4
5489,-0.4
5490,-0.4
5491,-0.4
5492,-0.4
5493,-0.4
5494,-0.4
5495,-0.4
5496,-0.4
5497,-0.4
5498,-0.4
5499,-0.4
5500,-0.4
5501,-0.4
5502,-0.4
5503,-0.4
5504,-0.4
5505,-0.4
5506,-0.4
5507,-0.4
5508,-0.4
5509,-0.4
5510,-0.4
5511,-0.4
5512,-0.4
5513,-0.4
5514,-0.4
5515,-0.4
5516,-0.4
5517,-0.4
5518,-0.4
5519,-0.4
5520,-0.4
5521,-0.4
5522,-0.4
5523,-0.4
5524,-0.4
5525,-0.4
5526,-0.4
5527,-0.4
5528,-0.4
5529,-0.4
5530,-0.4
5531,-0.4
5532,-0.4
5533,-0.4
5534,-0.4
5535,-0.4
5536,-0.4
5537,-0.4
5538,-0.4
5539,-0.4
5540,-0.4
5541,-0.4
5542,-0.4
5543,-0.4
5544,-0.4
5545,-0.4
5546,-0.4
5547,-0.4
5548,-0.4
5549,-0.4
5550,-0.4
5551,-0.4
5552,-0.4
5553,-0.4
5554,-0.4
5555,-0.4
5556,-0.4
5557,-0.4
5558,-0.4
5559,-0.4
5560,-0.4
5561,-0.4
5562,-0.4
5563,-0.4
5564,-0.4
5565,-0.4
5566,-0.4
5567,-0.4
5568,-0.4
5569,-0.4
5570,-0.4
5571,-0.4
5572,-0.4
5573,-0.4
5574,-0.4
5575,-0.4
5576,-0.4
5577,-0.4
5578,-0.4
5579,-0.4
5580,-0.4
5581,-0.4
5582,-0.4
5583,-0.4
5584,-0.4
5585,-0.4
5586,-0.4
5587,-0.4
5588,-0.4
5589,-0.4
5590,-0.4
5591,-0.4
5592,-0.4
5593,-0.4
5594,-0.4
5595,-0.4
5596,-0.4
5597,-0.4
5598,-0.4
5599,-0.4
5600,-0.4
5601,-0.4
5602,-0.4
5603,-0.4
5604,-0.4
5605,-0.4
5606,-0.4
5607,-0.4
5608,-0.4
5609,-0.4
5610,-0.4
5611,-0.4
5612,-0.4
5613,-0.4
5614,-0.4
5615,-0.4
5616,-0.4
5617,-0.4
5618,-0.4
5619,-0.4
5620,-0.4
5621,-0.4
5622,-0.4
5623,-0.4
5624,-0.4
5625,-0.4
5626,-0.4
5627,-0.4
5628,-0.4
5629,-0.4
5630,-0.4
5631,-0.4
5632,-0.4
5633,-0.4
5634,-0.4
5635,-0.4
5636,-0.4
5637,-0.4
5638,-0.4
5639,-0.4
5640,0.0
5641,0.0
5642,0.0
5643,0.0
5644,0.0
5645,0.0
5646,0.0
5647,0.0
5648,0.0
5649,0.0
5650,0.0
5651,0.0
5652,0.0
5653,0.0
5654,0.0
5655,0.0
5656,0.0
5657,0.0
5658,0.0
5659,0.0
5660,0.0
5661,0.0
5662,0.0
5663,0.0
5664,0.0
5665,0.0
5666,0.0
5667,0.0
5668,0.0
5669,0.0
5670,0.0
5671,0.0
5672,0.0
5673,0.0
5674,0.0
5675,0.0
5676,0.0
5677,0.0
5678,0.0
5679,0.0
5680,0.0
5681,0.0
5682,0.0
5683,0.0
5684,0.0
5685,0.0
5686,0.0
5687,0.0
5688,0.0
5689,0.0
5690,0.0
5691,0.0
5692,0.0
5693,0.0
5694,0.0
5695,0.0
5696,0.0
5697,0.0
5698,0.0
5699,0.0
5700,0.0
5701,0.0
5702,0.0
5703,0.0
5704,0.0
5705,0.0
5706,0.0
5707,0.0
5708,0.0
5709,0.0
5710,0.0
5711,0.0
5712,0.0
5713,0.0
5714,0.0
5715,0.0
5716,0.0
5717,0.0
5718,0.0
5719,0.0
5720,0.0
5721,0.0
5722,0.0
5723,0.0
5724,0.0
5725,0.0
5726,0.0
5727,0.0
5728,0.0
5729,0.0
5730,0.0
5731,0.0
5732,0.0
5733,0.0
5734,0.0
5735,0.0
5736,0.0
5737,0.0
5738,0.0
5739,0.0
5740,0.0
5741,0.0
5742,0.0
5743,0.0
5744,0.0
5745,0.0
5746,0.0
5747,0.0
5748,0.0
5749,0.0
5750,0.0
5751,0.0
5752,0.0
5753,0.0
5754,0.0
5755,0.0
5756,0.0
5757,0.0
5758,0.0
5759,0.0
5760,0.0
5761,0.0
5762,0.0
5763,0.0
5764,0.0
5765,0.0
5766,0.0
5767,0.0
5768,0.0
5769,0.0
5770,0.0
5771,0.0
5772,0.0
5773,0.0
5774,0.0
5775,0.0
5776,0.0
5777,0.0
5778,0.0
5779,0.0
5780,0.0
5781,0.0
5782,0.0
5783,0.0
5784,0.0
5785,0.0
5786,0.0
5787,0.0
5788,0.0
5789,0.0
5790,0.0
5791,0.0
5792,0.0
5793,0.0
5794,0.0
5795,0.0
5796,0.0
5797,0.0
5798,0.0
5799,0.0
5800,0.0
5801,0.0
5802,0.0
5803,0.0
5804,0.0
5805,0.0
5806,0.0
5807,0.0
5808,0.0
5809,0.0
5810,0.0
5811,0.0
5812,0.0
5813,0.0
5814,0.0
5815,0.0
5816,0.0
5817,0.0
5818,0.0
5819,0.0
5820,0.0
5821,0.0
5822,0.0
5823,0.0
5824,0.0
5825,0.0
5826,0.0
5827,0.0
5828,0.0
5829,0.0
5830,0.0
5831,0.0
5832,0.0
5833,0.0
5834,0.0
5835,0.0
5836,0.0
5837,0.0
5838,0.0
5839,0.0
5840,0.0
5841,0.0
5842,0.0
5843,0.0
5844,0.0
5845,0.0
5846,0.0
5847,0.0
5848,0.0
5849,0.0
5850,0.0
5851,0.0
5852,0.0
5853,0.0
5854,0.0
5855,0.0
5856,0.0
5857,0.0
5858,0.0
5859,0.0
5860,0.0
5861,0.0
5862,0.0
5863,0.0
5864,0.0
5865,0.0
5866,0.0
5867,0.0
5868,0.0
5869,0.0
5870,0.0
5871,0.0
5872,0.0
5873,0.0
5874,0.0
5875,0.0
5876,0.0
5877,0.0
5878,0.0
5879,0.0
5880,0.0
5881,0.0
5882,0.0
5883,0.0
5884,0.0
5885,0.0
5886,0.0
5887,0.0
5888,0.0
5889,0.0
5890,0.0
5891,0.0
5892,0.0
5893,0.0
5894,0.0
5895,0.0
5896,0.0
5897,0.0
5898,0.0
5899,0.0
5900,0.0
5901,0.0
5902,0.0
5903,0.0
5904,0.0
5905,0.0
5906,0.0
5907,0.0
5908,0.0
5909,0.0
5910,0.0
5911,0.0
5912,0.0
5913,0.0
5914,0.0
5915,0.0
5916,0.0
5917,0.0
5918,0.0
5919,0.0
5920,0.0
5921,0.0
5922,0.0
5923,0.0
5924,0.0
5925,0.0
5926,0.0
5927,0.0
5928,0.0
5929,0.0
5930,0.0
5931,0.0
5932,0.0
5933,0.0
5934,0.0
5935,0.0
5936,0.0
5937,0.0
5938,0.0
5939,0.0
5940,0.0
5941,0.0
5942,0.0
5943,0.0
5944,0.0
5945,0.0
5946,0.0
5947,0.0
5948,0.0
5949,0.0
5950,0.0
5951,0.0
5952,0.0
5953,0.0
5954,0.0
5955,0.0
5956,0.0
5957,0.0
5958,0.0
5959,0.0
5960,0.0
5961,0.0
5962,0.0
5963,0.0
5964,0.0
5965,0.0
5966,0.0
5967,0.0
5968,0.0
5969,0.0
5970,0.0
5971,0.0
5972,0.0
5973,0.0
5974,0.0
5975,0.0
5976,0.0
5977,0.0
5978,0.0
5979,0.0
5980,0.0
5981,0.0
5982,0.0
5983,0.0
5984,0.0
5985,0.0
5986,0.0
5987,0.0
5988,0.0
5989,0.0
5990,0.0
5991,0.0
5992,0.0
5993,0.0
5994,0.0
5995,0.0
5996,0.0
5997,0.0
5998,0.0
5999,0.0
6000,0.0
6001,0.0
6002,0.0
6003,0.0
6004,0.0
6005,0.0
6006,0.0
6007,0.0
6008,0.0
6009,0.0
6010,0.0
6011,0.0
6012,0.0
6013,0.0
6014,0.0
6015,0.0
6016,0.0
6017,0.0
6018,0.0
6019,0.0
6020,0.0
6021,0.0
6022,0.0
6023,0.0
6024,0.0
6025,0.0
6026,0.0
6027,0.0
6028,0.0
6029,0.0
6030,0.0
6031,0.0
6032,0.0
6033,0.0
6034,0.0
6035,0.0
6036,0.0
6037,0.0
6038,0.0
6039,0.0
6040,0.0
6041,0.0
6042,0.0
6043,0.0
6044,0.0
6045,0.0
6046,0.0
6047,0.0
6048,0.0
6049,0.0
6050,0.0
6051,0.0
6052,0.0
6053,0.0
6054,0.0
6055,0.0
6056,0.0
6057,0.0
6058,0.0
6059,0.0
6060,0.0
6061,0.0
6062,0.0
6063,0.0
6064,0.0
6065,0.0
6066,0.0
6067,0.0
6068,0.0
6069,0.0
6070,0.0
6071,0.0
6072,0.0
6073,0.0
6074,0.0
6075,0.0
6076,0.0
6077,0.0
6078,0.0
6079,0.0
6080,0.0
6081,0.0
6082,0.0
6083,0.0
6084,0.0
6085,0.0
6086,0.0
6087,0.0
6088,0.0
6089,0.0
6090,0.0
6091,0.0
6092,0.0
6093,0.0
6094,0.0
6095,0.0
6096,0.0
6097,0.0
6098,0.0
6099,0.0
6100,0.0
6101,0.0
6102,0.0
6103,0.0
6104,0.0
6105,0.0
6106,0.0
6107,0.0
6108,0.0
6109,0.0
6110,0.0
6111,0.0
6112,0.0
6113,0.0
6114,0.0
6115,0.0
6116,0.0
6117,0.0
6118,0.0
6119,0.0
6120,0.0
6121,0.0
6122,0.0
6123,0.0
6124,0.0
6125,0.0
6126,0.0
6127,0.0
6128,0.0
6129,0.0
6130,0.0
6131,0.0
6132,0.0
6133,0.0
6134,0.0
6135,0.0
6136,0.0
6137,0.0
6138,0.0
6139,0.0
6140,0.0
6141,0.0
6142,0.0
6143,0.0
6144,0.0
6145,0.0
6146,0.0
6147,0.0
6148,0.0
6149,0.0
6150,0.0
6151,0.0
6152,0.0
6153,0.0
6154,0.0
6155,0.0
6156,0.0
6157,0.0
6158,0.0
6159,0.0
6160,0.0
6161,0.0
6162,0.0
6163,0.0
6164,0.0
6165,0.0
6166,0.0
6167,0.0
6168,0.0
6169,0.0
6170,0.0
6171,0.0
6172,0.0
6173,0.0
6174,0.0
6175,0.0
6176,0.0
6177,0.0
6178,0.0
6179,0.0
6180,0.0
6181,0.0
6182,0.0
6183,0.0
6184,0.0
6185,0.0
6186,0.0
6187,0.0
6188,0.0
6189,0.0
6190,0.0
6191,0.0
6192,0.0
6193,0.0
6194,0.0
6195,0.0
6196,0.0
6197,0.0
6198,0.0
6199,0.0
6200,0.0
6201,0.0
6202,0.0
6203,0.0
6204,0.0
6205,0.0
6206,0.0
6207,0.0
6208,0.0
6209,0.0
6210,0.0
6211,0.0
6212,0.0
6213,0.0
6214,0.0
6215,0.0
6216,0.0
6217,0.0
6218,0.0
6219,0.0
6220,0.0
6221,0.0
6222,0.0
6223,0.0
6224,0.0
6225,0.0
6226,0.0
6227,0.0
6228,0.0
6229,0.0
6230,0.0
6231,0.0
6232,0.0
6233,0.0
6234,0.0
6235,0.0
6236,0.0
6237,0.0
6238,0.0
6239,0.0
6240,0.0
6241,0.0033
6242,0.0065
6243,0.0098
6244,0.0131
6245,0.0164
6246,0.0196
6247,0.0229
6248,0.0262
6249,0.0294
6250,0.0327
6251,0.036
6252,0.0392
6253,0.0425
6254,0.0458
6255,0.049
6256,0.0523
6257,0.0555
6258,0.0588
6259,0.062
6260,0.0653
6261,0.0685
6262,0.0717
6263,0.075
6264,0.0782
6265,0.0814
6266,0.0847
6267,0.0879
6268,0.0911
6269,0.0943
6270,0.0975
6271,0.1008
6272,0.104
6273,0.1072
6274,0.1103
6275,0.1135
6276,0.1167
6277,0.1199
6278,0.1231
6279,0.1262
6280,0.1294
6281,0.1326
6282,0.1357
6283,0.1389
6284,0.142
6285,0.1451
6286,0.1483
6287,0.1514
6288,0.1545
6289,0.1576
6290,0.1607
6291,0.1638
6292,0.1669
6293,0.17
6294,0.1731
6295,0.1761
6296,0.1792
6297,0.1822
6298,0.1853
6299,0.1883
6300,0.1913
6301,0.1944
6302,0.1974
6303,0.2004
6304,0.2034
6305,0.2064
6306,0.2093
6307,0.2123
6308,0.2153
6309,0.2182
6310,0.2211
6311,0.2241
6312,0.227
6313,0.2299
6314,0.2328
6315,0.2357
6316,0.2386
6317,0.2415
6318,0.2443
6319,0.2472
6320,0.25
6321,0.2528
6322,0.2556
6323,0.2585
6324,0.2612
6325,0.264
6326,0.2668
6327,0.2696
6328,0.2723
6329,0.2751
6330,0.2778
6331,0.2805
6332,0.2832
6333,0.2859
6334,0.2886
6335,0.2912
6336,0.2939
6337,0.2965
6338,0.2992
6339,0.3018
6340,0.3044
6341,0.307
6342,0.3095
6343,0.3121
6344,0.3147
6345,0.3172
6346,0.3197
6347,0.3222
6348,0.3247
6349,0.3272
6350,0.3297
6351,0.3321
6352,0.3346
6353,0.337
6354,0.3394
6355,0.3418
6356,0.3442
6357,0.3465
6358,0.3489
6359,0.3512
6360,0.3536
6361,0.3559
6362,0.3582
6363,0.3604
6364,0.3627
6365,0.3649
6366,0.3672
6367,0.3694
6368,0.3716
6369,0.3738
6370,0.3759
6371,0.3781
6372,0.3802
6373,0.3823
6374,0.3844
6375,0.3865
6376,0.3886
6377,0.3906
6378,0.3927
6379,0.3947
6380,0.3967
6381,0.3987
6382,0.4006
6383,0.4026
6384,0.4045
6385,0.4064
6386,0.4083
6387,0.4102
6388,0.4121
6389,0.4139
6390,0.4157
6391,0.4175
6392,0.4193
6393,0.4211
6394,0.4229
6395,0.4246
6396,0.4263
6397,0.428
6398,0.4297
6399,0.4314
6400,0.433
6401,0.4346
6402,0.4362
6403,0.4378
6404,0.4394
6405,0.441
6406,0.4425
6407,0.444
6408,0.4455
6409,0.447
6410,0.4484
6411,0.4499
6412,0.4513
6413,0.4527
6414,0.4541
6415,0.4554
6416,0.4568
6417,0.4581
6418,0.4594
6419,0.4607
6420,0.4619
6421,0.4632
6422,0.4644
6423,0.4656
6424,0.4668
6425,0.468
6426,0.4691
6427,0.4702
6428,0.4713
6429,0.4724
6430,0.4735
6431,0.4745
6432,0.4755
6433,0.4765
6434,0.4775
6435,0.4785
6436,0.4794
6437,0.4803
6438,0.4812
6439,0.4821
6440,0.483
6441,0.4838
6442,0.4846
6443,0.4854
6444,0.4862
6445,0.4869
6446,0.4877
6447,0.4884
6448,0.4891
6449,0.4897
6450,0.4904
6451,0.491
6452,0.4916
6453,0.4922
6454,0.4928
6455,0.4933
6456,0.4938
6457,0.4943
6458,0.4948
6459,0.4953
6460,0.4957
6461,0.4961
6462,0.4965
6463,0.4969
6464,0.4973
6465,0.4976
6466,0.4979
6467,0.4982
6468,0.4985
6469,0.4987
6470,0.4989
6471,0.4991
6472,0.4993
6473,0.4995
6474,0.4996
6475,0.4997
6476,0.4998
6477,0.4999
6478,0.5
6479,0.5
6480,0.5
6481,0.5
6482,0.5
6483,0.4999
6484,0.4998
6485,0.4997
6486,0.4996
6487,0.4995
6488,0.4993
6489,0.4991
6490,0.4989
6491,0.4987
6492,0.4985
6493,0.4982
6494,0.4979
6495,0.4976
6496,0.4973
6497,0.4969
6498,0.4965
6499,0.4961
6500,0.4957
6501,0.4953
6502,0.4948
6503,0.4943
6504,0.4938
6505,0.4933
6506,0.4928
6507,0.4922
6508,0.4916
6509,0.491
6510,0.4904
6511,0.4897
6512,0.4891
6513,0.4884
6514,0.4877
6515,0.4869
6516,0.4862
6517,0.4854
6518,0.4846
6519,0.4838
6520,0.483
6521,0.4821
6522,0.4812
6523,0.4803
6524,0.4794
6525,0.4785
6526,0.4775
6527,0.4765
6528,0.4755
6529,0.4745
6530,0.4735
6531,0.4724
6532,0.4713
6533,0.4702
6534,0.4691
6535,0.468
6536,0.4668
6537,0.4656
6538,0.4644
6539,0.4632
6540,0.4619
6541,0.4607
6542,0.4594
6543,0.4581
6544,0.4568
6545,0.4554
6546,0.4541
6547,0.4527
6548,0.4513
6549,0.4499
6550,0.4484
6551,0.447
6552,0.4455
6553,0.444
6554,0.4425
6555,0.441
6556,0.4394
6557,0.4378
6558,0.4362
6559,0.4346
6560,0.433
6561,0.4314
6562,0.4297
6563,0.428
6564,0.4263
6565,0.4246
6566,0.4229
6567,0.4211
6568,0.4193
6569,0.4175
6570,0.4157
6571,0.4139
6572,0.4121
6573,0.4102
6574,0.4083
6575,0.4064
6576,0.4045
6577,0.4026
6578,0.4006
6579,0.3987
6580,0.3967
6581,0.3947
6582,0.3927
6583,0.3906
6584,0.3886
6585,0.3865
6586,0.3844
6587,0.3823
6588,0.3802
6589,0.3781
6590,0.3759
6591,0.3738
6592,0.3716
6593,0.3694
6594,0.3672
6595,0.3649
6596,0.3627
6597,0.3604
6598,0.3582
6599,0.3559
6600,0.3536
6601,0.3512
6602,0.3489
6603,0.3465
6604,0.3442
6605,0.3418
6606,0.3394
6607,0.337
6608,0.3346
6609,0.3321
6610,0.3297
6611,0.3272
6612,0.3247
6613,0.3222
6614,0.3197
6615,0.3172
6616,0.3147
6617,0.3121
6618,0.3095
6619,0.307
6620,0.3044
6621,0.3018
6622,0.2992
6623,0.2965
6624,0.2939
6625,0.2912
6626,0.2886
6627,0.2859
6628,0.2832
6629,0.2805
6630,0.2778
6631,0.2751
6632,0.2723
6633,0.2696
6634,0.2668
6635,0.264
6636,0.2612
6637,0.2585
6638,0.2556
6639,0.2528
6640,0.25
6641,0.2472
6642,0.2443
6643,0.2415
6644,0.2386
6645,0.2357
6646,0.2328
6647,0.2299
6648,0.227
6649,0.2241
6650,0.2211
6651,0.2182
6652,0.2153
6653,0.2123
6654,0.2093
6655,0.2064
6656,0.2034
6657,0.2004
6658,0.1974
6659,0.1944
6660,0.1913
6661,0.1883
6662,0.1853
6663,0.1822
6664,0.1792
6665,0.1761
6666,0.1731
6667,0.17
6668,0.1669
6669,0.1638
6670,0.1607
6671,0.1576
6672,0.1545
6673,0.1514
6674,0.1483
6675,0.1451
6676,0.142
6677,0.1389
6678,0.1357
6679,0.1326
6680,0.1294
6681,0.1262
6682,0.1231
6683,0.1199
6684,0.1167
6685,0.1135
6686,0.1103
6687,0.1072
6688,0.104
6689,0.1008
6690,0.0975
6691,0.0943
6692,0.0911
6693,0.0879
6694,0.0847
6695,0.0814
6696,0.0782
6697,0.075
6698,0.0717
6699,0.0685
6700,0.0653
6701,0.062
6702,0.0588
6703,0.0555
6704,0.0523
6705,0.049
6706,0.0458
6707,0.0425
6708,0.0392
6709,0.036
6710,0.0327
6711,0.0294
6712,0.0262
6713,0.0229
6714,0.0196
6715,0.0164
6716,0.0131
6717,0.0098
6718,0.0065
6719,0.0033
6720,0.0
6721,0.0
6722,0.0
6723,0.0
6724,0.0
6725,0.0
6726,0.0
6727,0.0
6728,0.0
6729,0.0
6730,0.0
6731,0.0
6732,0.0
6733,0.0
6734,0.0
6735,0.0
6736,0.0
6737,0.0
6738,0.0
6739,0.0
6740,0.0
6741,0.0
6742,0.0
6743,0.0
6744,0.0
6745,0.0
6746,0.0
6747,0.0
6748,0.0
6749,0.0
6750,0.0
6751,0.0
6752,0.0
6753,0.0
6754,0.0
6755,0.0
6756,0.0
6757,0.0
6758,0.0
6759,0.0
6760,0.0
6761,0.0
6762,0.0
6763,0.0
6764,0.0
6765,0.0
6766,0.0
6767,0.0
6768,0.0
6769,0.0
6770,0.0
6771,0.0
6772,0.0
6773,0.0
6774,0.0
6775,0.0
6776,0.0
6777,0.0
6778,0.0
6779,0.0
6780,0.0
6781,0.0
6782,0.0
6783,0.0
6784,0.0
6785,0.0
6786,0.0
6787,0.0
6788,0.0
6789,0.0
6790,0.0
6791,0.0
6792,0.0
6793,0.0
6794,0.0
6795,0.0
6796,0.0
6797,0.0
6798,0.0
6799,0.0
6800,0.0
6801,0.0
6802,0.0
6803,0.0
6804,0.0
6805,0.0
6806,0.0
6807,0.0
6808,0.0
6809,0.0
6810,0.0
6811,0.0
6812,0.0
6813,0.0
6814,0.0
6815,0.0
6816,0.0
6817,0.0
6818,0.0
6819,0.0
6820,0.0
6821,0.0
6822,0.0
6823,0.0
6824,0.0
6825,0.0
6826,0.0
6827,0.0
6828,0.0
6829,0.0
6830,0.0
6831,0.0
6832,0.0
6833,0.0
6834,0.0
6835,0.0
6836,0.0
6837,0.0
6838,0.0
6839,0.0
6840,-0.4
6841,-0.4
6842,-0.4
6843,-0.4
6844,-0.4
6845,-0.4
6846,-0.4
6847,-0.4
6848,-0.4
6849,-0.4
6850,-0.4
6851,-0.4
6852,-0.4
6853,-0.4
6854,-0.4
6855,-0.4
6856,-0.4
6857,-0.4
6858,-0.4
6859,-0.4
6860,-0.4
6861,-0.4
6862,-0.4
6863,-0.4
6864,-0.4
6865,-0.4
6866,-0.4
6867,-0.4
6868,-0.4
6869,-0.4
6870,-0.4
6871,-0.4
6872,-0.4
6873,-0.4
6874,-0.4
6875,-0.4
6876,-0.4
6877,-0.4
6878,-0.4
6879,-0.4
6880,-0.4
6881,-0.4
6882,-0.4
6883,-0.4
6884,-0.4
6885,-0.4
6886,-0.4
6887,-0.4
6888,-0.4
6889,-0.4
6890,-0.4
6891,-0.4
6892,-0.4
6893,-0.4
6894,-0.4
6895,-0.4
6896,-0.4
6897,-0.4
6898,-0.4
6899,-0.4
6900,-0.4
6901,-0.4
6902,-0.4
6903,-0.4
6904,-0.4
6905,-0.4
6906,-0.4
6907,-0.4
6908,-0.4
6909,-0.4
6910,-0.4
6911,-0.4
6912,-0.4
6913,-0.4
6914,-0.4
6915,-0.4
6916,-0.4
6917,-0.4
6918,-0.4
6919,-0.4
6920,-0.4
6921,-0.4
6922,-0.4
6923,-0.4
6924,-0.4
6925,-0.4
6926,-0.4
6927,-0.4
6928,-0.4
6929,-0.4
6930,-0.4
6931,-0.4
6932,-0.4
6933,-0.4
6934,-0.4
6935,-0.4
6936,-0.4
6937,-0.4
6938,-0.4
6939,-0.4
6940,-0.4
6941,-0.4
6942,-0.4
6943,-0.4
6944,-0.4
6945,-0.4
6946,-0.4
6947,-0.4
6948,-0.4
6949,-0.4
6950,-0.4
6951,-0.4
6952,-0.4
6953,-0.4
6954,-0.4
6955,-0.4
6956,-0.4
6957,-0.4
6958,-0.4
6959,-0.4
6960,-0.4
6961,-0.4
6962,-0.4
6963,-0.4
6964,-0.4
6965,-0.4
6966,-0.4
6967,-0.4
6968,-0.4
6969,-0.4
6970,-0.4
6971,-0.4
6972,-0.4
6973,-0.4
6974,-0.4
6975,-0.4
6976,-0.4
6977,-0.4
6978,-0.4
6979,-0.4
6980,-0.4
6981,-0.4
6982,-0.4
6983,-0.4
6984,-0.4
6985,-0.4
6986,-0.4
6987,-0.4
6988,-0.4
6989,-0.4
6990,-0.4
6991,-0.4
6992,-0.4
6993,-0.4
6994,-0.4
6995,-0.4
6996,-0.4
6997,-0.4
6998,-0.4
6999,-0.4
7000,-0.4
7001,-0.4
7002,-0.4
7003,-0.4
7004,-0.4
7005,-0.4
7006,-0.4
7007,-0.4
7008,-0.4
7009,-0.4
7010,-0.4
7011,-0.4
7012,-0.4
7013,-0.4
7014,-0.4
7015,-0.4
7016,-0.4
7017,-0.4
7018,-0.4
7019,-0.4
7020,-0.4
7021,-0.4
7022,-0.4
7023,-0.4
7024,-0.4
7025,-0.4
7026,-0.4
7027,-0.4
7028,-0.4
7029,-0.4
7030,-0.4
7031,-0.4
7032,-0.4
7033,-0.4
7034,-0.4
7035,-0.4
7036,-0.4
7037,-0.4
7038,-0.4
7039,-0.4
7040,-0.4
7041,-0.4
7042,-0.4
7043,-0.4
7044,-0.4
7045,-0.4
7046,-0.4
7047,-0.4
7048,-0.4
7049,-0.4
7050,-0.4
7051,-0.4
7052,-0.4
7053,-0.4
7054,-0.4
7055,-0.4
7056,-0.4
7057,-0.4
7058,-0.4
7059,-0.4
7060,-0.4
7061,-0.4
7062,-0.4
7063,-0.4
7064,-0.4
7065,-0.4
7066,-0.4
7067,-0.4
7068,-0.4
7069,-0.4
7070,-0.4
7071,-0.4
7072,-0.4
7073,-0.4
7074,-0.4
7075,-0.4
7076,-0.4
7077,-0.4
7078,-0.4
7079,-0.4
7080,0.0
7081,0.0
7082,0.0
7083,0.0
7084,0.0
7085,0.0
7086,0.0
7087,0.0
7088,0.0
7089,0.0
7090,0.0
7091,0.0
7092,0.0
7093,0.0
7094,0.0
7095,0.0
7096,0.0
7097,0.0
7098,0.0
7099,0.0
7100,0.0
7101,0.0
7102,0.0
7103,0.0
7104,0.0
7105,0.0
7106,0.0
7107,0.0
7108,0.0
7109,0.0
7110,0.0
7111,0.0
7112,0.0
7113,0.0
7114,0.0
7115,0.0
7116,0.0
7117,0.0
7118,0.0
7119,0.0
7120,0.0
7121,0.0
7122,0.0
7123,0.0
7124,0.0
7125,0.0
7126,0.0
7127,0.0
7128,0.0
7129,0.0
7130,0.0
7131,0.0
7132,0.0
7133,0.0
7134,0.0
7135,0.0
7136,0.0
7137,0.0
7138,0.0
7139,0.0
7140,0.0
7141,0.0
7142,0.0
7143,0.0
7144,0.0
7145,0.0
7146,0.0
7147,0.0
7148,0.0
7149,0.0
7150,0.0
7151,0.0
7152,0.0
7153,0.0
7154,0.0
7155,0.0
7156,0.0
7157,0.0
7158,0.0
7159,0.0
7160,0.0
7161,0.0
7162,0.0
7163,0.0
7164,0.0
7165,0.0
7166,0.0
7167,0.0
7168,0.0
7169,0.0
7170,0.0
7171,0.0
7172,0.0
7173,0.0
7174,0.0
7175,0.0
7176,0.0
7177,0.0
7178,0.0
7179,0.0
7180,0.0
7181,0.0
7182,0.0
7183,0.0
7184,0.0
7185,0.0
7186,0.0
7187,0.0
7188,0.0
7189,0.0
7190,0.0
7191,0.0
7192,0.0
7193,0.0
7194,0.0
7195,0.0
7196,0.0
7197,0.0
7198,0.0
7199,0.0
7200,0.0
7201,0.0
7202,0.0
7203,0.0
7204,0.0
7205,0.0
7206,0.0
7207,0.0
7208,0.0
7209,0.0
7210,0.0
7211,0.0
7212,0.0
7213,0.0
7214,0.0
7215,0.0
7216,0.0
7217,0.0
7218,0.0
7219,0.0
7220,0.0
7221,0.0
7222,0.0
7223,0.0
7224,0.0
7225,0.0
7226,0.0
7227,0.0
7228,0.0
7229,0.0
7230,0.0
7231,0.0
7232,0.0
7233,0.0
7234,0.0
7235,0.0
7236,0.0
7237,0.0
7238,0.0
7239,0.0
7240,0.0
7241,0.0
7242,0.0
7243,0.0
7244,0.0
7245,0.0
7246,0.0
7247,0.0
7248,0.0
7249,0.0
7250,0.0
7251,0.0
7252,0.0
7253,0.0
7254,0.0
7255,0.0
7256,0.0
7257,0.0
7258,0.0
7259,0.0
7260,0.0
7261,0.0
7262,0.0
7263,0.0
7264,0.0
7265,0.0
7266,0.0
7267,0.0
7268,0.0
7269,0.0
7270,0.0
7271,0.0
7272,0.0
7273,0.0
7274,0.0
7275,0.0
7276,0.0
7277,0.0
7278,0.0
7279,0.0
7280,0.0
7281,0.0
7282,0.0
7283,0.0
7284,0.0
7285,0.0
7286,0.0
7287,0.0
7288,0.0
7289,0.0
7290,0.0
7291,0.0
7292,0.0
7293,0.0
7294,0.0
7295,0.0
7296,0.0
7297,0.0
7298,0.0
7299,0.0
7300,0.0
7301,0.0
7302,0.0
7303,0.0
7304,0.0
7305,0.0
7306,0.0
7307,0.0
7308,0.0
7309,0.0
7310,0.0
7311,0.0
7312,0.0
7313,0.0
7314,0.0
7315,0.0
7316,0.0
7317,0.0
7318,0.0
7319,0.0
7320,0.0
7321,0.0
7322,0.0
7323,0.0
7324,0.0
7325,0.0
7326,0.0
7327,0.0
7328,0.0
7329,0.0
7330,0.0
7331,0.0
7332,0.0
7333,0.0
7334,0.0
7335,0.0
7336,0.0
7337,0.0
7338,0.0
7339,0.0
7340,0.0
7341,0.0
7342,0.0
7343,0.0
7344,0.0
7345,0.0
7346,0.0
7347,0.0
7348,0.0
7349,0.0
7350,0.0
7351,0.0
7352,0.0
7353,0.0
7354,0.0
7355,0.0
7356,0.0
7357,0.0
7358,0.0
7359,0.0
7360,0.0
7361,0.0
7362,0.0
7363,0.0
7364,0.0
7365,0.0
7366,0.0
7367,0.0
7368,0.0
7369,0.0
7370,0.0
7371,0.0
7372,0.0
7373,0.0
7374,0.0
7375,0.0
7376,0.0
7377,0.0
7378,0.0
7379,0.0
7380,0.0
7381,0.0
7382,0.0
7383,0.0
7384,0.0
7385,0.0
7386,0.0
7387,0.0
7388,0.0
7389,0.0
7390,0.0
7391,0.0
7392,0.0
7393,0.0
7394,0.0
7395,0.0
7396,0.0
7397,0.0
7398,0.0
7399,0.0
7400,0.0
7401,0.0
7402,0.0
7403,0.0
7404,0.0
7405,0.0
7406,0.0
7407,0.0
7408,0.0
7409,0.0
7410,0.0
7411,0.0
7412,0.0
7413,0.0
7414,0.0
7415,0.0
7416,0.0
7417,0.0
7418,0.0
7419,0.0
7420,0.0
7421,0.0
7422,0.0
7423,0.0
7424,0.0
7425,0.0
7426,0.0
7427,0.0
7428,0.0
7429,0.0
7430,0.0
7431,0.0
7432,0.0
7433,0.0
7434,0.0
7435,0.0
7436,0.0
7437,0.0
7438,0.0
7439,0.0
7440,0.0
7441,0.0
7442,0.0
7443,0.0
7444,0.0
7445,0.0
7446,0.0
7447,0.0
7448,0.0
7449,0.0
7450,0.0
7451,0.0
7452,0.0
7453,0.0
7454,0.0
7455,0.0
7456,0.0
7457,0.0
7458,0.0
7459,0.0
7460,0.0
7461,0.0
7462,0.0
7463,0.0
7464,0.0
7465,0.0
7466,0.0
7467,0.0
7468,0.0
7469,0.0
7470,0.0
7471,0.0
7472,0.0
7473,0.0
7474,0.0
7475,0.0
7476,0.0
7477,0.0
7478,0.0
7479,0.0
7480,0.0
7481,0.0
7482,0.0
7483,0.0
7484,0.0
7485,0.0
7486,0.0
7487,0.0
7488,0.0
7489,0.0
7490,0.0
7491,0.0
7492,0.0
7493,0.0
7494,0.0
7495,0.0
7496,0.0
7497,0.0
7498,0.0
7499,0.0
7500,0.0
7501,0.0
7502,0.0
7503,0.0
7504,0.0
7505,0.0
7506,0.0
7507,0.0
7508,0.0
7509,0.0
7510,0.0
7511,0.0
7512,0.0
7513,0.0
7514,0.0
7515,0.0
7516,0.0
7517,0.0
7518,0.0
7519,0.0
7520,0.0
7521,0.0
7522,0.0
7523,0.0
7524,0.0
7525,0.0
7526,0.0
7527,0.0
7528,0.0
7529,0.0
7530,0.0
7531,0.0
7532,0.0
7533,0.0
7534,0.0
7535,0.0
7536,0.0
7537,0.0
7538,0.0
7539,0.0
7540,0.0
7541,0.0
7542,0.0
7543,0.0
7544,0.0
7545,0.0
7546,0.0
7547,0.0
7548,0.0
7549,0.0
7550,0.0
7551,0.0
7552,0.0
7553,0.0
7554,0.0
7555,0.0
7556,0.0
7557,0.0
7558,0.0
7559,0.0
7560,0.0
7561,0.0
7562,0.0
7563,0.0
7564,0.0
7565,0.0
7566,0.0
7567,0.0
7568,0.0
7569,0.0
7570,0.0
7571,0.0
7572,0.0
7573,0.0
7574,0.0
7575,0.0
7576,0.0
7577,0.0
7578,0.0
7579,0.0
7580,0.0
7581,0.0
7582,0.0
7583,0.0
7584,0.0
7585,0.0
7586,0.0
7587,0.0
7588,0.0
7589,0.0
7590,0.0
7591,0.0
7592,0.0
7593,0.0
7594,0.0
7595,0.0
7596,0.0
7597,0.0
7598,0.0
7599,0.0
7600,0.0
7601,0.0
7602,0.0
7603,0.0
7604,0.0
7605,0.0
7606,0.0
7607,0.0
7608,0.0
7609,0.0
7610,0.0
7611,0.0
7612,0.0
7613,0.0
7614,0.0
7615,0.0
7616,0.0
7617,0.0
7618,0.0
7619,0.0
7620,0.0
7621,0.0
7622,0.0
7623,0.0
7624,0.0
7625,0.0
7626,0.0
7627,0.0
7628,0.0
7629,0.0
7630,0.0
7631,0.0
7632,0.0
7633,0.0
7634,0.0
7635,0.0
7636,0.0
7637,0.0
7638,0.0
7639,0.0
7640,0.0
7641,0.0
7642,0.0
7643,0.0
7644,0.0
7645,0.0
7646,0.0
7647,0.0
7648,0.0
7649,0.0
7650,0.0
7651,0.0
7652,0.0
7653,0.0
7654,0.0
7655,0.0
7656,0.0
7657,0.0
7658,0.0
7659,0.0
7660,0.0
7661,0.0
7662,0.0
7663,0.0
7664,0.0
7665,0.0
7666,0.0
7667,0.0
7668,0.0
7669,0.0
7670,0.0
7671,0.0
7672,0.0
7673,0.0
7674,0.0
7675,0.0
7676,0.0
7677,0.0
7678,0.0
7679,0.0
7680,0.0
7681,0.0039
7682,0.0079
7683,0.0118
7684,0.0157
7685,0.0196
7686,0.0236
7687,0.0275
7688,0.0314
7689,0.0353
7690,0.0392
7691,0.0432
7692,0.0471
7693,0.051
7694,0.0549
7695,0.0588
7696,0.0627
7697,0.0666
7698,0.0705
7699,0.0744
7700,0.0783
7701,0.0822
7702,0.0861
7703,0.09
7704,0.0939
7705,0.0977
7706,0.1016
7707,0.1055
7708,0.1093
7709,0.1132
7710,0.1171
7711,0.1209
7712,0.1247
7713,0.1286
7714,0.1324
7715,0.1362
7716,0.1401
7717,0.1439
7718,0.1477
7719,0.1515
7720,0.1553
7721,0.1591
7722,0.1629
7723,0.1666
7724,0.1704
7725,0.1742
7726,0.1779
7727,0.1817
7728,0.1854
7729,0.1891
7730,0.1929
7731,0.1966
7732,0.2003
7733,0.204
7734,0.2077
7735,0.2114
7736,0.215
7737,0.2187
7738,0.2223
7739,0.226
7740,0.2296
7741,0.2332
7742,0.2368
7743,0.2404
7744,0.244
7745,0.2476
7746,0.2512
7747,0.2548
7748,0.2583
7749,0.2618
7750,0.2654
7751,0.2689
7752,0.2724
7753,0.2759
7754,0.2794
7755,0.2828
7756,0.2863
7757,0.2897
7758,0.2932
7759,0.2966
7760,0.3
7761,0.3034
7762,0.3068
7763,0.3101
7764,0.3135
7765,0.3168
7766,0.3202
7767,0.3235
7768,0.3268
7769,0.3301
7770,0.3333
7771,0.3366
7772,0.3398
7773,0.3431
7774,0.3463
7775,0.3495
7776,0.3527
7777,0.3558
7778,0.359
7779,0.3621
7780,0.3653
7781,0.3684
7782,0.3715
7783,0.3745
7784,0.3776
7785,0.3806
7786,0.3837
7787,0.3867
7788,0.3897
7789,0.3926
7790,0.3956
7791,0.3986
7792,0.4015
7793,0.4044
7794,0.4073
7795,0.4102
7796,0.413
7797,0.4159
7798,0.4187
7799,0.4215
7800,0.4243
7801,0.427
7802,0.4298
7803,0.4325
7804,0.4352
7805,0.4379
7806,0.4406
7807,0.4432
7808,0.4459
7809,0.4485
7810,0.4511
7811,0.4537
7812,0.4562
7813,0.4588
7814,0.4613
7815,0.4638
7816,0.4663
7817,0.4687
7818,0.4712
7819,0.4736
7820,0.476
7821,0.4784
7822,0.4808
7823,0.4831
7824,0.4854
7825,0.4877
7826,0.49
7827,0.4922
7828,0.4945
7829,0.4967
7830,0.4989
7831,0.5011
7832,0.5032
7833,0.5053
7834,0.5074
7835,0.5095
7836,0.5116
7837,0.5136
7838,0.5156
7839,0.5176
7840,0.5196
7841,0.5216
7842,0.5235
7843,0.5254
7844,0.5273
7845,0.5292
7846,0.531
7847,0.5328
7848,0.5346
7849,0.5364
7850,0.5381
7851,0.5398
7852,0.5416
7853,0.5432
7854,0.5449
7855,0.5465
7856,0.5481
7857,0.5497
7858,0.5513
7859,0.5528
7860,0.5543
7861,0.5558
7862,0.5573
7863,0.5587
7864,0.5601
7865,0.5615
7866,0.5629
7867,0.5643
7868,0.5656
7869,0.5669
7870,0.5682
7871,0.5694
7872,0.5706
7873,0.5718
7874,0.573
7875,0.5742
7876,0.5753
7877,0.5764
7878,0.5775
7879,0.5785
7880,0.5796
7881,0.5806
7882,0.5815
7883,0.5825
7884,0.5834
7885,0.5843
7886,0.5852
7887,0.5861
7888,0.5869
7889,0.5877
7890,0.5885
7891,0.5892
7892,0.59
7893,0.5907
7894,0.5913
7895,0.592
7896,0.5926
7897,0.5932
7898,0.5938
7899,0.5943
7900,0.5949
7901,0.5954
7902,0.5958
7903,0.5963
7904,0.5967
7905,0.5971
7906,0.5975
7907,0.5978
7908,0.5982
7909,0.5984
7910,0.5987
7911,0.599
7912,0.5992
7913,0.5994
7914,0.5995
7915,0.5997
7916,0.5998
7917,0.5999
7918,0.5999
7919,0.6
7920,0.6
7921,0.6
7922,0.5999
7923,0.5999
7924,0.5998
7925,0.5997
7926,0.5995
7927,0.5994
7928,0.5992
7929,0.599
7930,0.5987
7931,0.5984
7932,0.5982
7933,0.5978
7934,0.5975
7935,0.5971
7936,0.5967
7937,0.5963
7938,0.5958
7939,0.5954
7940,0.5949
7941,0.5943
7942,0.5938
7943,0.5932
7944,0.5926
7945,0.592
7946,0.5913
7947,0.5907
7948,0.59
7949,0.5892
7950,0.5885
7951,0.5877
7952,0.5869
7953,0.5861
7954,0.5852
7955,0.5843
7956,0.5834
7957,0.5825
7958,0.5815
7959,0.5806
7960,0.5796
7961,0.5785
7962,0.5775
7963,0.5764
7964,0.5753
7965,0.5742
7966,0.573
7967,0.5718
7968,0.5706
7969,0.5694
7970,0.5682
7971,0.5669
7972,0.5656
7973,0.5643
7974,0.5629
7975,0.5615
7976,0.5601
7977,0.5587
7978,0.5573
7979,0.5558
7980,0.5543
7981,0.5528
7982,0.5513
7983,0.5497
7984,0.5481
7985,0.5465
7986,0.5449
7987,0.5432
7988,0.5416
7989,0.5398
7990,0.5381
7991,0.5364
7992,0.5346
7993,0.5328
7994,0.531
7995,0.5292
7996,0.5273
7997,0.5254
7998,0.5235
7999,0.5216
8000,0.5196
8001,0.5176
8002,0.5156
8003,0.5136
8004,0.5116
8005,0.5095
8006,0.5074
8007,0.5053
8008,0.5032
8009,0.5011
8010,0.4989
8011,0.4967
8012,0.4945
8013,0.4922
8014,0.49
8015,0.4877
8016,0.4854
8017,0.4831
8018,0.4808
8019,0.4784
8020,0.476
8021,0.4736
8022,0.4712
8023,0.4687
8024,0.4663
8025,0.4638
8026,0.4613
8027,0.4588
8028,0.4562
8029,0.4537
8030,0.4511
8031,0.4485
8032,0.4459
8033,0.4432
8034,0.4406
8035,0.4379
8036,0.4352
8037,0.4325
8038,0.4298
8039,0.427
8040,0.4243
8041,0.4215
8042,0.4187
8043,0.4159
8044,0.413
8045,0.4102
8046,0.4073
8047,0.4044
8048,0.4015
8049,0.3986
8050,0.3956
8051,0.3926
8052,0.3897
8053,0.3867
8054,0.3837
8055,0.3806
8056,0.3776
8057,0.3745
8058,0.3715
8059,0.3684
8060,0.3653
8061,0.3621
8062,0.359
8063,0.3558
8064,0.3527
8065,0.3495
8066,0.3463
8067,0.3431
8068,0.3398
8069,0.3366
8070,0.3333
8071,0.3301
8072,0.3268
8073,0.3235
8074,0.3202
8075,0.3168
8076,0.3135
8077,0.3101
8078,0.3068
8079,0.3034
8080,0.3
8081,0.2966
8082,0.2932
8083,0.2897
8084,0.2863
8085,0.2828
8086,0.2794
8087,0.2759
8088,0.2724
8089,0.2689
8090,0.2654
8091,0.2618
8092,0.2583
8093,0.2548
8094,0.2512
8095,0.2476
8096,0.244
8097,0.2404
8098,0.2368
8099,0.2332
8100,0.2296
8101,0.226
8102,0.2223
8103,0.2187
8104,0.215
8105,0.2114
8106,0.2077
8107,0.204
8108,0.2003
8109,0.1966
8110,0.1929
8111,0.1891
8112,0.1854
8113,0.1817
8114,0.1779
8115,0.1742
8116,0.1704
8117,0.1666
8118,0.1629
8119,0.1591
8120,0.1553
8121,0.1515
8122,0.1477
8123,0.1439
8124,0.1401
8125,0.1362
8126,0.1324
8127,0.1286
8128,0.1247
8129,0.1209
8130,0.1171
8131,0.1132
8132,0.1093
8133,0.1055
8134,0.1016
8135,0.0977
8136,0.0939
8137,0.09
8138,0.0861
8139,0.0822
8140,0.0783
8141,0.0744
8142,0.0705
8143,0.0666
8144,0.0627
8145,0.0588
8146,0.0549
8147,0.051
8148,0.0471
8149,0.0432
8150,0.0392
8151,0.0353
8152,0.0314
8153,0.0275
8154,0.0236
8155,0.0196
8156,0.0157
8157,0.0118
8158,0.0079
8159,0.0039
8160,0.0
8161,0.0
8162,0.0
8163,0.0
8164,0.0
8165,0.0
8166,0.0
8167,0.0
8168,0.0
8169,0.0
8170,0.0
8171,0.0
8172,0.0
8173,0.0
8174,0.0
8175,0.0
8176,0.0
8177,0.0
8178,0.0
8179,0.0
8180,0.0
8181,0.0
8182,0.0
8183,0.0
8184,0.0
8185,0.0
8186,0.0
8187,0.0
8188,0.0
8189,0.0
8190,0.0
8191,0.0
8192,0.0
8193,0.0
8194,0.0
8195,0.0
8196,0.0
8197,0.0
8198,0.0
8199,0.0
8200,0.0
8201,0.0
8202,0.0
8203,0.0
8204,0.0
8205,0.0
8206,0.0
8207,0.0
8208,0.0
8209,0.0
8210,0.0
8211,0.0
8212,0.0
8213,0.0
8214,0.0
8215,0.0
8216,0.0
8217,0.0
8218,0.0
8219,0.0
8220,0.0
8221,0.0
8222,0.0
8223,0.0
8224,0.0
8225,0.0
8226,0.0
8227,0.0
8228,0.0
8229,0.0
8230,0.0
8231,0.0
8232,0.0
8233,0.0
8234,0.0
8235,0.0
8236,0.0
8237,0.0
8238,0.0
8239,0.0
8240,0.0
8241,0.0
8242,0.0
8243,0.0
8244,0.0
8245,0.0
8246,0.0
8247,0.0
8248,0.0
8249,0.0
8250,0.0
8251,0.0
8252,0.0
8253,0.0
8254,0.0
8255,0.0
8256,0.0
8257,0.0
8258,0.0
8259,0.0
8260,0.0
8261,0.0
8262,0.0
8263,0.0
8264,0.0
8265,0.0
8266,0.0
8267,0.0
8268,0.0
8269,0.0
8270,0.0
8271,0.0
8272,0.0
8273,0.0
8274,0.0
8275,0.0
8276,0.0
8277,0.0
8278,0.0
8279,0.0
8280,-0.4
8281,-0.4
8282,-0.4
8283,-0.4
8284,-0.4
8285,-0.4
8286,-0.4
8287,-0.4
8288,-0.4
8289,-0.4
8290,-0.4
8291,-0.4
8292,-0.4
8293,-0.4
8294,-0.4
8295,-0.4
8296,-0.4
8297,-0.4
8298,-0.4
8299,-0.4
8300,-0.4
8301,-0.4
8302,-0.4
8303,-0.4
8304,-0.4
8305,-0.4
8306,-0.4
8307,-0.4
8308,-0.4
8309,-0.4
8310,-0.4
8311,-0.4
8312,-0.4
8313,-0.4
8314,-0.4
8315,-0.4
8316,-0.4
8317,-0.4
8318,-0.4
8319,-0.4
8320,-0.4
8321,-0.4
8322,-0.4
8323,-0.4
8324,-0.4
8325,-0.4
8326,-0.4
8327,-0.4
8328,-0.4
8329,-0.4
8330,-0.4
8331,-0.4
8332,-0.4
8333,-0.4
8334,-0.4
8335,-0.4
8336,-0.4
8337,-0.4
8338,-0.4
8339,-0.4
8340,-0.4
8341,-0.4
8342,-0.4
8343,-0.4
8344,-0.4
8345,-0.4
8346,-0.4
8347,-0.4
8348,-0.4
8349,-0.4
8350,-0.4
8351,-0.4
8352,-0.4
8353,-0.4
8354,-0.4
8355,-0.4
8356,-0.4
8357,-0.4
8358,-0.4
8359,-0.4
8360,-0.4
8361,-0.4
8362,-0.4
8363,-0.4
8364,-0.4
8365,-0.4
8366,-0.4
8367,-0.4
8368,-0.4
8369,-0.4
8370,-0.4
8371,-0.4
8372,-0.4
8373,-0.4
8374,-0.4
8375,-0.4
8376,-0.4
8377,-0.4
8378,-0.4
8379,-0.4
8380,-0.4
8381,-0.4
8382,-0.4
8383,-0.4
8384,-0.4
8385,-0.4
8386,-0.4
8387,-0.4
8388,-0.4
8389,-0.4
8390,-0.4
8391,-0.4
8392,-0.4
8393,-0.4
8394,-0.4
8395,-0.4
8396,-0.4
8397,-0.4
8398,-0.4
8399,-0.4
8400,-0.4
8401,-0.4
8402,-0.4
8403,-0.4
8404,-0.4
8405,-0.4
8406,-0.4
8407,-0.4
8408,-0.4
8409,-0.4
8410,-0.4
8411,-0.4
8412,-0.4
8413,-0.4
8414,-0.4
8415,-0.4
8416,-0.4
8417,-0.4
8418,-0.4
8419,-0.4
8420,-0.4
8421,-0.4
8422,-0.4
8423,-0.4
8424,-0.4
8425,-0.4
8426,-0.4
8427,-0.4
8428,-0.4
8429,-0.4
8430,-0.4
8431,-0.4
8432,-0.4
8433,-0.4
8434,-0.4
8435,-0.4
8436,-0.4
8437,-0.4
8438,-0.4
8439,-0.4
8440,-0.4
8441,-0.4
8442,-0.4
8443,-0.4
8444,-0.4
8445,-0.4
8446,-0.4
8447,-0.4
8448,-0.4
8449,-0.4
8450,-0.4
8451,-0.4
8452,-0.4
8453,-0.4
8454,-0.4
8455,-0.4
8456,-0.4
8457,-0.4
8458,-0.4
8459,-0.4
8460,-0.4
8461,-0.4
8462,-0.4
8463,-0.4
8464,-0.4
8465,-0.4
8466,-0.4
8467,-0.4
8468,-0.4
8469,-0.4
8470,-0.4
8471,-0.4
8472,-0.4
8473,-0.4
8474,-0.4
8475,-0.4
8476,-0.4
8477,-0.4
8478,-0.4
8479,-0.4
8480,-0.4
8481,-0.4
8482,-0.4
8483,-0.4
8484,-0.4
8485,-0.4
8486,-0.4
8487,-0.4
8488,-0.4
8489,-0.4
8490,-0.4
8491,-0.4
8492,-0.4
8493,-0.4
8494,-0.4
8495,-0.4
8496,-0.4
8497,-0.4
8498,-0.4
8499,-0.4
8500,-0.4
8501,-0.4
8502,-0.4
8503,-0.4
8504,-0.4
8505,-0.4
8506,-0.4
8507,-0.4
8508,-0.4
8509,-0.4
8510,-0.4
8511,-0.4
8512,-0.4
8513,-0.4
8514,-0.4
8515,-0.4
8516,-0.4
8517,-0.4
8518,-0.4
8519,-0.4
8520,0.0
8521,0.0
8522,0.0
8523,0.0
8524,0.0
8525,0.0
8526,0.0
8527,0.0
8528,0.0
8529,0.0
8530,0.0
8531,0.0
8532,0.0
8533,0.0
8534,0.0
8535,0.0
8536,0.0
8537,0.0
8538,0.0
8539,0.0
8540,0.0
8541,0.0
8542,0.0
8543,0.0
8544,0.0
8545,0.0
8546,0.0
8547,0.0
8548,0.0
8549,0.0
8550,0.0
8551,0.0
8552,0.0
8553,0.0
8554,0.0
8555,0.0
8556,0.0
8557,0.0
8558,0.0
8559,0.0
8560,0.0
8561,0.0
8562,0.0
8563,0.0
8564,0.0
8565,0.0
8566,0.0
8567,0.0
8568,0.0
8569,0.0
8570,0.0
8571,0.0
8572,0.0
8573,0.0
8574,0.0
8575,0.0
8576,0.0
8577,0.0
8578,0.0
8579,0.0
8580,0.0
8581,0.0
8582,0.0
8583,0.0
8584,0.0
8585,0.0
8586,0.0
8587,0.0
8588,0.0
8589,0.0
8590,0.0
8591,0.0
8592,0.0
8593,0.0
8594,0.0
8595,0.0
8596,0.0
8597,0.0
8598,0.0
8599,0.0
8600,0.0
8601,0.0
8602,0.0
8603,0.0
8604,0.0
8605,0.0
8606,0.0
8607,0.0
8608,0.0
8609,0.0
8610,0.0
8611,0.0
8612,0.0
8613,0.0
8614,0.0
8615,0.0
8616,0.0
8617,0.0
8618,0.0
8619,0.0
8620,0.0
8621,0.0
8622,0.0
8623,0.0
8624,0.0
8625,0.0
8626,0.0
8627,0.0
8628,0.0
8629,0.0
8630,0.0
8631,0.0
8632,0.0
8633,0.0
8634,0.0
8635,0.0
8636,0.0
8637,0.0
8638,0.0
8639,0.0
8640,0.0
8641,0.0
8642,0.0
8643,0.0
8644,0.0
8645,0.0
8646,0.0
8647,0.0
8648,0.0
8649,0.0
8650,0.0
8651,0.0
8652,0.0
8653,0.0
8654,0.0
8655,0.0
8656,0.0
8657,0.0
8658,0.0
8659,0.0
8660,0.0
8661,0.0
8662,0.0
8663,0.0
8664,0.0
8665,0.0
8666,0.0
8667,0.0
8668,0.0
8669,0.0
8670,0.0
8671,0.0
8672,0.0
8673,0.0
8674,0.0
8675,0.0
8676,0.0
8677,0.0
8678,0.0
8679,0.0
8680,0.0
8681,0.0
8682,0.0
8683,0.0
8684,0.0
8685,0.0
8686,0.0
8687,0.0
8688,0.0
8689,0.0
8690,0.0
8691,0.0
8692,0.0
8693,0.0
8694,0.0
8695,0.0
8696,0.0
8697,0.0
8698,0.0
8699,0.0
8700,0.0
8701,0.0
8702,0.0
8703,0.0
8704,0.0
8705,0.0
8706,0.0
8707,0.0
8708,0.0
8709,0.0
8710,0.0
8711,0.0
8712,0.0
8713,0.0
8714,0.0
8715,0.0
8716,0.0
8717,0.0
8718,0.0
8719,0.0
8720,0.0
8721,0.0
8722,0.0
8723,0.0
8724,0.0
8725,0.0
8726,0.0
8727,0.0
8728,0.0
8729,0.0
8730,0.0
8731,0.0
8732,0.0
8733,0.0
8734,0.0
8735,0.0
8736,0.0
8737,0.0
8738,0.0
8739,0.0
8740,0.0
8741,0.0
8742,0.0
8743,0.0
8744,0.0
8745,0.0
8746,0.0
8747,0.0
8748,0.0
8749,0.0
8750,0.0
8751,0.0
8752,0.0
8753,0.0
8754,0.0
8755,0.0
8756,0.0
8757,0.0
8758,0.0
8759,0.0
8760,0.0
8761,0.0
8762,0.0
8763,0.0
8764,0.0
8765,0.0
8766,0.0
8767,0.0
8768,0.0
8769,0.0
8770,0.0
8771,0.0
8772,0.0
8773,0.0
8774,0.0
8775,0.0
8776,0.0
8777,0.0
8778,0.0
8779,0.0
8780,0.0
8781,0.0
8782,0.0
8783,0.0
8784,0.0
8785,0.0
8786,0.0
8787,0.0
8788,0.0
8789,0.0
8790,0.0
8791,0.0
8792,0.0
8793,0.0
8794,0.0
8795,0.0
8796,0.0
8797,0.0
8798,0.0
8799,0.0
8800,0.0
8801,0.0
8802,0.0
8803,0.0
8804,0.0
8805,0.0
8806,0.0
8807,0.0
8808,0.0
8809,0.0
8810,0.0
8811,0.0
8812,0.0
8813,0.0
8814,0.0
8815,0.0
8816,0.0
8817,0.0
8818,0.0
8819,0.0
8820,0.0
8821,0.0
8822,0.0
8823,0.0
8824,0.0
8825,0.0
8826,0.0
8827,0.0
8828,0.0
8829,0.0
8830,0.0
8831,0.0
8832,0.0
8833,0.0
8834,0.0
8835,0.0
8836,0.0
8837,0.0
8838,0.0
8839,0.0
8840,0.0
8841,0.0
8842,0.0
8843,0.0
8844,0.0
8845,0.0
8846,0.0
8847,0.0
8848,0.0
8849,0.0
8850,0.0
8851,0.0
8852,0.0
8853,0.0
8854,0.0
8855,0.0
8856,0.0
8857,0.0
8858,0.0
8859,0.0
8860,0.0
8861,0.0
8862,0.0
8863,0.0
8864,0.0
8865,0.0
8866,0.0
8867,0.0
8868,0.0
8869,0.0
8870,0.0
8871,0.0
8872,0.0
8873,0.0
8874,0.0
8875,0.0
8876,0.0
8877,0.0
8878,0.0
8879,0.0
8880,0.0
8881,0.0
8882,0.0
8883,0.0
8884,0.0
8885,0.0
8886,0.0
8887,0.0
8888,0.0
8889,0.0
8890,0.0
8891,0.0
8892,0.0
8893,0.0
8894,0.0
8895,0.0
8896,0.0
8897,0.0
8898,0.0
8899,0.0
8900,0.0
8901,0.0
8902,0.0
8903,0.0
8904,0.0
8905,0.0
8906,0.0
8907,0.0
8908,0.0
8909,0.0
8910,0.0
8911,0.0
8912,0.0
8913,0.0
8914,0.0
8915,0.0
8916,0.0
8917,0.0
8918,0.0
8919,0.0
8920,0.0
8921,0.0
8922,0.0
8923,0.0
8924,0.0
8925,0.0
8926,0.0
8927,0.0
8928,0.0
8929,0.0
8930,0.0
8931,0.0
8932,0.0
8933,0.0
8934,0.0
8935,0.0
8936,0.0
8937,0.0
8938,0.0
8939,0.0
8940,0.0
8941,0.0
8942,0.0
8943,0.0
8944,0.0
8945,0.0
8946,0.0
8947,0.0
8948,0.0
8949,0.0
8950,0.0
8951,0.0
8952,0.0
8953,0.0
8954,0.0
8955,0.0
8956,0.0
8957,0.0
8958,0.0
8959,0.0
8960,0.0
8961,0.0
8962,0.0
8963,0.0
8964,0.0
8965,0.0
8966,0.0
8967,0.0
8968,0.0
8969,0.0
8970,0.0
8971,0.0
8972,0.0
8973,0.0
8974,0.0
8975,0.0
8976,0.0
8977,0.0
8978,0.0
8979,0.0
8980,0.0
8981,0.0
8982,0.0
8983,0.0
8984,0.0
8985,0.0
8986,0.0
8987,0.0
8988,0.0
8989,0.0
8990,0.0
8991,0.0
8992,0.0
8993,0.0
8994,0.0
8995,0.0
8996,0.0
8997,0.0
8998,0.0
8999,0.0
9000,0.0
9001,0.0
9002,0.0
9003,0.0
9004,0.0
9005,0.0
9006,0.0
9007,0.0
9008,0.0
9009,0.0
9010,0.0
9011,0.0
9012,0.0
9013,0.0
9014,0.0
9015,0.0
9016,0.0
9017,0.0
9018,0.0
9019,0.0
9020,0.0
9021,0.0
9022,0.0
9023,0.0
9024,0.0
9025,0.0
9026,0.0
9027,0.0
9028,0.0
9029,0.0
9030,0.0
9031,0.0
9032,0.0
9033,0.0
9034,0.0
9035,0.0
9036,0.0
9037,0.0
9038,0.0
9039,0.0
9040,0.0
9041,0.0
9042,0.0
9043,0.0
9044,0.0
9045,0.0
9046,0.0
9047,0.0
9048,0.0
9049,0.0
9050,0.0
9051,0.0
9052,0.0
9053,0.0
9054,0.0
9055,0.0
9056,0.0
9057,0.0
9058,0.0
9059,0.0
9060,0.0
9061,0.0
9062,0.0
9063,0.0
9064,0.0
9065,0.0
9066,0.0
9067,0.0
9068,0.0
9069,0.0
9070,0.0
9071,0.0
9072,0.0
9073,0.0
9074,0.0
9075,0.0
9076,0.0
9077,0.0
9078,0.0
9079,0.0
9080,0.0
9081,0.0
9082,0.0
9083,0.0
9084,0.0
9085,0.0
9086,0.0
9087,0.0
9088,0.0
9089,0.0
9090,0.0
9091,0.0
9092,0.0
9093,0.0
9094,0.0
9095,0.0
9096,0.0
9097,0.0
9098,0.0
9099,0.0
9100,0.0
9101,0.0
9102,0.0
9103,0.0
9104,0.0
9105,0.0
9106,0.0
9107,0.0
9108,0.0
9109,0.0
9110,0.0
9111,0.0
9112,0.0
9113,0.0
9114,0.0
9115,0.0
9116,0.0
9117,0.0
9118,0.0
9119,0.0
9120,0.0
9121,0.0039
9122,0.0079
9123,0.0118
9124,0.0157
9125,0.0196
9126,0.0236
9127,0.0275
9128,0.0314
9129,0.0353
9130,0.0392
9131,0.0432
9132,0.0471
9133,0.051
9134,0.0549
9135,0.0588
9136,0.0627
9137,0.0666
9138,0.0705
9139,0.0744
9140,0.0783
9141,0.0822
9142,0.0861
9143,0.09
9144,0.0939
9145,0.0977
9146,0.1016
9147,0.1055
9148,0.1093
9149,0.1132
9150,0.1171
9151,0.1209
9152,0.1247
9153,0.1286
9154,0.1324
9155,0.1362
9156,0.1401
9157,0.1439
9158,0.1477
9159,0.1515
9160,0.1553
9161,0.1591
9162,0.1629
9163,0.1666
9164,0.1704
9165,0.1742
9166,0.1779
9167,0.1817
9168,0.1854
9169,0.1891
9170,0.1929
9171,0.1966
9172,0.2003
9173,0.204
9174,0.2077
9175,0.2114
9176,0.215
9177,0.2187
9178,0.2223
9179,0.226
9180,0.2296
9181,0.2332
9182,0.2368
9183,0.2404
9184,0.244
9185,0.2476
9186,0.2512
9187,0.2548
9188,0.2583
9189,0.2618
9190,0.2654
9191,0.2689
9192,0.2724
9193,0.2759
9194,0.2794
9195,0.2828
9196,0.2863
9197,0.2897
9198,0.2932
9199,0.2966
9200,0.3
9201,0.3034
9202,0.3068
9203,0.3101
9204,0.3135
9205,0.3168
9206,0.3202
9207,0.3235
9208,0.3268
9209,0.3301
9210,0.3333
9211,0.3366
9212,0.3398
9213,0.3431
9214,0.3463
9215,0.3495
9216,0.3527
9217,0.3558
9218,0.359
9219,0.3621
9220,0.3653
9221,0.3684
9222,0.3715
9223,0.3745
9224,0.3776
9225,0.3806
9226,0.3837
9227,0.3867
9228,0.3897
9229,0.3926
9230,0.3956
9231,0.3986
9232,0.4015
9233,0.4044
9234,0.4073
9235,0.4102
9236,0.413
9237,0.4159
9238,0.4187
9239,0.4215
9240,0.4243
9241,0.427
9242,0.4298
9243,0.4325
9244,0.4352
9245,0.4379
9246,0.4406
9247,0.4432
9248,0.4459
9249,0.4485
9250,0.4511
9251,0.4537
9252,0.4562
9253,0.4588
9254,0.4613
9255,0.4638
9256,0.4663
9257,0.4687
9258,0.4712
9259,0.4736
9260,0.476
9261,0.4784
9262,0.4808
9263,0.4831
9264,0.4854
9265,0.4877
9266,0.49
9267,0.4922
9268,0.4945
9269,0.4967
9270,0.4989
9271,0.5011
9272,0.5032
9273,0.5053
9274,0.5074
9275,0.5095
9276,0.5116
9277,0.5136
9278,0.5156
9279,0.5176
9280,0.5196
9281,0.5216
9282,0.5235
9283,0.5254
9284,0.5273
9285,0.5292
9286,0.531
9287,0.5328
9288,0.5346
9289,0.5364
9290,0.5381
9291,0.5398
9292,0.5416
9293,0.5432
9294,0.5449
9295,0.5465
9296,0.5481
9297,0.5497
9298,0.5513
9299,0.5528
9300,0.5543
9301,0.5558
9302,0.5573
9303,0.5587
9304,0.5601
9305,0.5615
9306,0.5629
9307,0.5643
9308,0.5656
9309,0.5669
9310,0.5682
9311,0.5694
9312,0.5706
9313,0.5718
9314,0.573
9315,0.5742
9316,0.5753
9317,0.5764
9318,0.5775
9319,0.5785
9320,0.5796
9321,0.5806
9322,0.5815
9323,0.5825
9324,0.5834
9325,0.5843
9326,0.5852
9327,0.5861
9328,0.5869
9329,0.5877
9330,0.5885
9331,0.5892
9332,0.59
9333,0.5907
9334,0.5913
9335,0.592
9336,0.5926
9337,0.5932
9338,0.5938
9339,0.5943
9340,0.5949
9341,0.5954
9342,0.5958
9343,0.5963
9344,0.5967
9345,0.5971
9346,0.5975
9347,0.5978
9348,0.5982
9349,0.5984
9350,0.5987
9351,0.599
9352,0.5992
9353,0.5994
9354,0.5995
9355,0.5997
9356,0.5998
9357,0.5999
9358,0.5999
9359,0.6
9360,0.6
9361,0.6
9362,0.5999
9363,0.5999
9364,0.5998
9365,0.5997
9366,0.5995
9367,0.5994
9368,0.5992
9369,0.599
9370,0.5987
9371,0.5984
9372,0.5982
9373,0.5978
9374,0.5975
9375,0.5971
9376,0.5967
9377,0.5963
9378,0.5958
9379,0.5954
9380,0.5949
9381,0.5943
9382,0.5938
9383,0.5932
9384,0.5926
9385,0.592
9386,0.5913
9387,0.5907
9388,0.59
9389,0.5892
9390,0.5885
9391,0.5877
9392,0.5869
9393,0.5861
9394,0.5852
9395,0.5843
9396,0.5834
9397,0.5825
9398,0.5815
9399,0.5806
9400,0.5796
9401,0.5785
9402,0.5775
9403,0.5764
9404,0.5753
9405,0.5742
9406,0.573
9407,0.5718
9408,0.5706
9409,0.5694
9410,0.5682
9411,0.5669
9412,0.5656
9413,0.5643
9414,0.5629
9415,0.5615
9416,0.5601
9417,0.5587
9418,0.5573
9419,0.5558
9420,0.5543
9421,0.5528
9422,0.5513
9423,0.5497
9424,0.5481
9425,0.5465
9426,0.5449
9427,0.5432
9428,0.5416
9429,0.5398
9430,0.5381
9431,0.5364
9432,0.5346
9433,0.5328
9434,0.531
9435,0.5292
9436,0.5273
9437,0.5254
9438,0.5235
9439,0.5216
9440,0.5196
9441,0.5176
9442,0.5156
9443,0.5136
9444,0.5116
9445,0.5095
9446,0.5074
9447,0.5053
9448,0.5032
9449,0.5011
9450,0.4989
9451,0.4967
9452,0.4945
9453,0.4922
9454,0.49
9455,0.4877
9456,0.4854
9457,0.4831
9458,0.4808
9459,0.4784
9460,0.476
9461,0.4736
9462,0.4712
9463,0.4687
9464,0.4663
9465,0.4638
9466,0.4613
9467,0.4588
9468,0.4562
9469,0.4537
9470,0.4511
9471,0.4485
9472,0.4459
9473,0.4432
9474,0.4406
9475,0.4379
9476,0.4352
9477,0.4325
9478,0.4298
9479,0.427
9480,0.4243
9481,0.4215
9482,0.4187
9483,0.4159
9484,0.413
9485,0.4102
9486,0.4073
9487,0.4044
9488,0.4015
9489,0.3986
9490,0.3956
9491,0.3926
9492,0.3897
9493,0.3867
9494,0.3837
9495,0.3806
9496,0.3776
9497,0.3745
9498,0.3715
9499,0.3684
9500,0.3653
9501,0.3621
9502,0.359
9503,0.3558
9504,0.3527
9505,0.3495
9506,0.3463
9507,0.3431
9508,0.3398
9509,0.3366
9510,0.3333
9511,0.3301
9512,0.3268
9513,0.3235
9514,0.3202
9515,0.3168
9516,0.3135
9517,0.3101
9518,0.3068
9519,0.3034
9520,0.3
9521,0.2966
9522,0.2932
9523,0.2897
9524,0.2863
9525,0.2828
9526,0.2794
9527,0.2759
9528,0.2724
9529,0.2689
9530,0.2654
9531,0.2618
9532,0.2583
9533,0.2548
9534,0.2512
9535,0.2476
9536,0.244
9537,0.2404
9538,0.2368
9539,0.2332
9540,0.2296
9541,0.226
9542,0.2223
9543,0.2187
9544,0.215
9545,0.2114
9546,0.2077
9547,0.204
9548,0.2003
9549,0.1966
9550,0.1929
9551,0.1891
9552,0.1854
9553,0.1817
9554,0.1779
9555,0.1742
9556,0.1704
9557,0.1666
9558,0.1629
9559,0.1591
9560,0.1553
9561,0.1515
9562,0.1477
9563,0.1439
9564,0.1401
9565,0.1362
9566,0.1324
9567,0.1286
9568,0.1247
9569,0.1209
9570,0.1171
9571,0.1132
9572,0.1093
9573,0.1055
9574,0.1016
9575,0.0977
9576,0.0939
9577,0.09
9578,0.0861
9579,0.0822
9580,0.0783
9581,0.0744
9582,0.0705
9583,0.0666
9584,0.0627
9585,0.0588
9586,0.0549
9587,0.051
9588,0.0471
9589,0.0432
9590,0.0392
9591,0.0353
9592,0.0314
9593,0.0275
9594,0.0236
9595,0.0196
9596,0.0157
9597,0.0118
9598,0.0079
9599,0.0039
9600,0.0
9601,0.0
9602,0.0
9603,0.0
9604,0.0
9605,0.0
9606,0.0
9607,0.0
9608,0.0
9609,0.0
9610,0.0
9611,0.0
9612,0.0
9613,0.0
9614,0.0
9615,0.0
9616,0.0
9617,0.0
9618,0.0
9619,0.0
9620,0.0
9621,0.0
9622,0.0
9623,0.0
9624,0.0
9625,0.0
9626,0.0
9627,0.0
9628,0.0
9629,0.0
9630,0.0
9631,0.0
9632,0.0
9633,0.0
9634,0.0
9635,0.0
9636,0.0
9637,0.0
9638,0.0
9639,0.0
9640,0.0
9641,0.0
9642,0.0
9643,0.0
9644,0.0
9645,0.0
9646,0.0
9647,0.0
9648,0.0
9649,0.0
9650,0.0
9651,0.0
9652,0.0
9653,0.0
9654,0.0
9655,0.0
9656,0.0
9657,0.0
9658,0.0
9659,0.0
9660,0.0
9661,0.0
9662,0.0
9663,0.0
9664,0.0
9665,0.0
9666,0.0
9667,0.0
9668,0.0
9669,0.0
9670,0.0
9671,0.0
9672,0.0
9673,0.0
9674,0.0
9675,0.0
9676,0.0
9677,0.0
9678,0.0
9679,0.0
9680,0.0
9681,0.0
9682,0.0
9683,0.0
9684,0.0
9685,0.0
9686,0.0
9687,0.0
9688,0.0
9689,0.0
9690,0.0
9691,0.0
9692,0.0
9693,0.0
9694,0.0
9695,0.0
9696,0.0
9697,0.0
9698,0.0
9699,0.0
9700,0.0
9701,0.0
9702,0.0
9703,0.0
9704,0.0
9705,0.0
9706,0.0
9707,0.0
9708,0.0
9709,0.0
9710,0.0
9711,0.0
9712,0.0
9713,0.0
9714,0.0
9715,0.0
9716,0.0
9717,0.0
9718,0.0
9719,0.0
9720,-0.4
9721,-0.4
9722,-0.4
9723,-0.4
9724,-0.4
9725,-0.4
9726,-0.4
9727,-0.4
9728,-0.4
9729,-0.4
9730,-0.4
9731,-0.4
9732,-0.4
9733,-0.4
9734,-0.4
9735,-0.4
9736,-0.4
9737,-0.4
9738,-0.4
9739,-0.4
9740,-0.4
9741,-0.4
9742,-0.4
9743,-0.4
9744,-0.4
9745,-0.4
9746,-0.4
9747,-0.4
9748,-0.4
9749,-0.4
9750,-0.4
9751,-0.4
9752,-0.4
9753,-0.4
9754,-0.4
9755,-0.4
9756,-0.4
9757,-0.4
9758,-0.4
9759,-0.4
9760,-0.4
9761,-0.4
9762,-0.4
9763,-0.4
9764,-0.4
9765,-0.4
9766,-0.4
9767,-0.4
9768,-0.4
9769,-0.4
9770,-0.4
9771,-0.4
9772,-0.4
9773,-0.4
9774,-0.4
9775,-0.4
9776,-0.4
9777,-0.4
9778,-0.4
9779,-0.4
9780,-0.4
9781,-0.4
9782,-0.4
9783,-0.4
9784,-0.4
9785,-0.4
9786,-0.4
9787,-0.4
9788,-0.4
9789,-0.4
9790,-0.4
9791,-0.4
9792,-0.4
9793,-0.4
9794,-0.4
9795,-0.4
9796,-0.4
9797,-0.4
9798,-0.4
9799,-0.4
9800,-0.4
9801,-0.4
9802,-0.4
9803,-0.4
9804,-0.4
9805,-0.4
9806,-0.4
9807,-0.4
9808,-0.4
9809,-0.4
9810,-0.4
9811,-0.4
9812,-0.4
9813,-0.4
9814,-0.4
9815,-0.4
9816,-0.4
9817,-0.4
9818,-0.4
9819,-0.4
9820,-0.4
9821,-0.4
9822,-0.4
9823,-0.4
9824,-0.4
9825,-0.4
9826,-0.4
9827,-0.4
9828,-0.4
9829,-0.4
9830,-0.4
9831,-0.4
9832,-0.4
9833,-0.4
9834,-0.4
9835,-0.4
9836,-0.4
9837,-0.4
9838,-0.4
9839,-0.4
9840,-0.4
9841,-0.4
9842,-0.4
9843,-0.4
9844,-0.4
9845,-0.4
9846,-0.4
9847,-0.4
9848,-0.4
9849,-0.4
9850,-0.4
9851,-0.4
9852,-0.4
9853,-0.4
9854,-0.4
9855,-0.4
9856,-0.4
9857,-0.4
9858,-0.4
9859,-0.4
9860,-0.4
9861,-0.4
9862,-0.4
9863,-0.4
9864,-0.4
9865,-0.4
9866,-0.4
9867,-0.4
9868,-0.4
9869,-0.4
9870,-0.4
9871,-0.4
9872,-0.4
9873,-0.4
9874,-0.4
9875,-0.4
9876,-0.4
9877,-0.4
9878,-0.4
9879,-0.4
9880,-0.4
9881,-0.4
9882,-0.4
9883,-0.4
9884,-0.4
9885,-0.4
9886,-0.4
9887,-0.4
9888,-0.4
9889,-0.4
9890,-0.4
9891,-0.4
9892,-0.4
9893,-0.4
9894,-0.4
9895,-0.4
9896,-0.4
9897,-0.4
9898,-0.4
9899,-0.4
9900,-0.4
9901,-0.4
9902,-0.4
9903,-0.4
9904,-0.4
9905,-0.4
9906,-0.4
9907,-0.4
9908,-0.4
9909,-0.4
9910,-0.4
9911,-0.4
9912,-0.4
9913,-0.4
9914,-0.4
9915,-0.4
9916,-0.4
9917,-0.4
9918,-0.4
9919,-0.4
9920,-0.4
9921,-0.4
9922,-0.4
9923,-0.4
9924,-0.4
9925,-0.4
9926,-0.4
9927,-0.4
9928,-0.4
9929,-0.4
9930,-0.4
9931,-0.4
9932,-0.4
9933,-0.4
9934,-0.4
9935,-0.4
9936,-0.4
9937,-0.4
9938,-0.4
9939,-0.4
9940,-0.4
9941,-0.4
9942,-0.4
9943,-0.4
9944,-0.4
9945,-0.4
9946,-0.4
9947,-0.4
9948,-0.4
9949,-0.4
9950,-0.4
9951,-0.4
9952,-0.4
9953,-0.4
9954,-0.4
9955,-0.4
9956,-0.4
9957,-0.4
9958,-0.4
9959,-0.4
9960,0.0
9961,0.0
9962,0.0
9963,0.0
9964,0.0
9965,0.0
9966,0.0
9967,0.0
9968,0.0
9969,0.0
9970,0.0
9971,0.0
9972,0.0
9973,0.0
9974,0.0
9975,0.0
9976,0.0
9977,0.0
9978,0.0
9979,0.0
9980,0.0
9981,0.0
9982,0.0
9983,0.0
9984,0.0
9985,0.0
9986,0.0
9987,0.0
9988,0.0
9989,0.0
9990,0.0
9991,0.0
9992,0.0
9993,0.0
9994,0.0
9995,0.0
9996,0.0
9997,0.0
9998,0.0
9999,0.0
10000,0.0
10001,0.0
10002,0.0
10003,0.0
10004,0.0
10005,0.0
10006,0.0
10007,0.0
10008,0.0
10009,0.0
10010,0.0
10011,0.0
10012,0.0
10013,0.0
10014,0.0
10015,0.0
10016,0.0
10017,0.0
10018,0.0
10019,0.0
10020,0.0
10021,0.0
10022,0.0
10023,0.0
10024,0.0
10025,0.0
10026,0.0
10027,0.0
10028,0.0
10029,0.0
10030,0.0
10031,0.0
10032,0.0
10033,0.0
10034,0.0
10035,0.0
10036,0.0
10037,0.0
10038,0.0
10039,0.0
10040,0.0
10041,0.0
10042,0.0
10043,0.0
10044,0.0
10045,0.0
10046,0.0
10047,0.0
10048,0.0
10049,0.0
10050,0.0
10051,0.0
10052,0.0
10053,0.0
10054,0.0
10055,0.0
10056,0.0
10057,0.0
10058,0.0
10059,0.0
10060,0.0
10061,0.0
10062,0.0
10063,0.0
10064,0.0
10065,0.0
10066,0.0
10067,0.0
10068,0.0
10069,0.0
10070,0.0
10071,0.0
10072,0.0
10073,0.0
10074,0.0
10075,0.0
10076,0.0
10077,0.0
10078,0.0
10079,0.0
