time_s,voltage_V,current_A,power_W,temperature_K,capacity_Ah,soc,energy_Wh,anode_potential_V
0.0,4.1105256244892745,-1.2087899298936254e-10,-4.968761981452341e-10,298.15,7.246394618716494e-41,0.95,-7.28811055573402e-45,0.09200559891068705
1.0,4.1105256244891475,-2.9371242827713424e-22,-1.2073124626640912e-21,298.15,-8.158715026157792e-26,0.95,8.205682995759677e-30,0.09200559891075066
2.0,4.1105256244891475,-3.7065607819331714e-24,-1.523591307286283e-23,298.15,-8.261874465139825e-26,0.95,1.6822410395611775e-29,0.09200559891075066
3.0,4.1105256244891475,5.914205952574634e-38,2.4310495116564282e-37,298.15,-8.261874465139824e-26,0.95,1.6822410395703782e-29,0.09200559891075066
4.0,4.1105256244891475,0.0,0.0,298.15,-8.261874465139824e-26,0.95,1.6822410395704258e-29,0.09200559891075066
5.0,4.1105256244891475,0.0,0.0,298.15,-8.261874465139824e-26,0.95,1.6822410395704258e-29,0.09200559891075066
6.0,4.1105256244891475,0.0,0.0,298.15,-8.261874465139824e-26,0.95,1.6822410395704258e-29,0.09200559891075066
7.0,4.1105256244891475,0.0,0.0,298.15,-8.261874465139824e-26,0.95,1.6822410395704258e-29,0.09200559891075066
8.0,4.1105256244891475,0.0,0.0,298.15,-8.261874465139824e-26,0.95,1.6822410395704258e-29,0.09200559891075066
9.0,4.1105256244891475,0.0,0.0,298.15,-8.261874465139824e-26,0.95,1.6822410395704258e-29,0.09200559891075066
10.0,4.1105256244891475,0.0,0.0,298.15,-8.261874465139824e-26,0.95,1.6822410395704258e-29,0.09200559891075066
11.0,4.1105256244891475,0.0,0.0,298.15,-8.261874465139824e-26,0.95,1.6822410395704258e-29,0.09200559891075066
12.0,4.110429962453851,0.08887876017635181,0.36532991885462657,298.1499990350333,1.3130439435848412e-05,0.9499998368889511,5.397214642731092e-05,0.0920526609577248
13.0,4.108633402718763,1.7561230734073914,7.215265918686743,298.14998088414154,0.00027055943363372937,0.9499966390132467,0.0011118041418743973,0.09293581072499
14.0,4.103206308285995,6.722159916932319,27.582408976463952,298.1499096194799,0.0014478956889356649,0.9499820137181498,0.005944831190564293,0.09557982413447694
15.0,4.100343481036246,9.065659882391628,37.17231940005633,298.14979442979217,0.003640588233173468,0.9499547753014512,0.014938547759338578,0.0968849975348578
16.0,4.0944906218835815,14.09750895963471,57.72211822714409,298.14966015619456,0.006857450799838036,0.9499148142757784,0.028118349376694326,0.09963970521163312
17.0,4.084580129171401,22.695714557914684,92.7024647006044,298.1495434012718,0.011971429033500043,0.949851286595857,0.04902994082506252,0.1043137619531631
18.0,4.079296901220609,26.598452817874666,108.50298615721869,298.14950337974545,0.018824910078307208,0.9497661501853626,0.07700474915995628,0.10659533042338887
19.0,4.092242496798514,13.34642879125227,54.61682308005776,298.1494294949999,0.024371300002985378,0.9496972509316399,0.09966022585488588,0.09992989201017967
20.0,4.097604835640301,7.86810020822549,32.24036546052723,298.14931932668014,0.027317521093395355,0.9496606519118832,0.11172371405740998,0.09722791160874242
21.0,4.100251126711977,5.190039873364557,21.28046683844311,298.14923281939133,0.029131094796884385,0.9496381230460014,0.11915715283925393,0.09592006190257482
22.0,4.097729682458083,7.444377915952377,30.5050483536335,298.1491478797653,0.030899970006872352,0.9496161494409083,0.1264075419889612,0.09716455772316968
23.0,4.0989275228856314,6.127561871432053,25.116432002997428,298.1490597781235,0.03278494530883789,0.9495927335986479,0.13413272663709713,0.09653741034174144
24.0,4.087414233592865,16.713915250025877,68.31669509202062,298.1489579058496,0.03596428986554734,0.9495532386352106,0.14714298376928495,0.10215601524303736
25.0,4.090599627091268,13.106186911799028,53.61216329399356,298.1488563316027,0.04010588701713232,0.9495017902233897,0.1640775340191863,0.1004062899618813
26.0,4.0797702297862894,22.76724504973056,92.88512856814,298.148785504911,0.045087429068047066,0.9494399077134403,0.18442452657561217,0.10560002074981736
27.0,4.073987342810879,27.28325321215354,111.15162825701778,298.1488142171163,0.052063518270860684,0.9493532482202377,0.21286390996671276,0.10816659470017014
28.0,4.070309364028768,29.663970891311514,120.74153849318205,298.1489299662879,0.059972781471588445,0.9492549965034585,0.245071329101903,0.10966863718858014
29.0,4.069722956840397,29.084754749936167,118.36689409988799,298.149086197554,0.06813233773099278,0.9491536355561367,0.2782808221746898,0.10966121338055212
30.0,4.077887386275321,20.403675107030626,83.20388935261994,298.14915818567,0.07500513973463206,0.9490682591337313,0.30627652641613906,0.105437298248153
31.0,4.081070505060992,16.82941398213405,68.68202501994833,298.14913583061576,0.08017631760817528,0.9490040208992773,0.3273717636656861,0.10378828937166214
32.0,4.082491653960772,15.078559074090792,61.558091573730124,298.1490902204715,0.08460795501666907,0.9489489695028985,0.34546062457750726,0.10303468231762203
33.0,4.08299397786112,14.27142009564884,58.27012230606039,298.1490377711934,0.08868432912293117,0.948898331315243,0.36210338643356027,0.10274147506242724
34.0,4.087296905560316,9.96606976795615,40.73428612316538,298.148976214848,0.09205040038147919,0.9488565167654475,0.37585351154134916,0.10060336800001189
35.0,4.092074200137187,5.423604653564097,22.193792674593627,298.14891449157625,0.09418768821703793,0.9488299666059995,0.38459348065614957,0.09829395004530148
36.0,4.098017507041085,0.0,0.0,298.14888549446664,0.0949407296386455,0.9488206120541782,0.38767593476546586,0.09546730544152189
37.0,4.098386183296242,7.05570721343879e-64,2.8917012956941165e-63,298.1488857191837,0.0949407296386455,0.9488206120541782,0.38767593476546586,0.09541252038985151
38.0,4.098730217169377,-1.0788332534171365e-64,-4.4218464550679656e-64,298.1488859438552,0.0949407296386455,0.9488206120541782,0.38767593476546586,0.09534127011084544
39.0,4.099055288226197,5.749002825266288e-74,2.3565480432935123e-73,298.1488861684814,0.0949407296386455,0.9488206120541782,0.38767593476546586,0.09526597157384026
40.0,4.099364415652641,-2.471626706818312e-83,-1.013209857070771e-82,298.14888639306224,0.0949407296386455,0.9488206120541782,0.38767593476546586,0.09518946173768975
41.0,4.099659636518814,5.193910160579564e-93,2.129326384103299e-92,298.1488866175977,0.0949407296386455,0.9488206120541782,0.38767593476546586,0.09511286279222544
42.0,4.099942435443843,-3.664535001874316e-103,-1.5024382560353792e-102,298.14888684208796,0.0949407296386455,0.9488206120541782,0.38767593476546586,0.0950366961386235
43.0,4.10021394987756,3.815956877235019e-114,1.5646239620170236e-113,298.1488870665329,0.0949407296386455,0.9488206120541782,0.38767593476546586,0.09496122897486993
44.0,4.1004750831027295,-8.010841491162956e-121,-3.284825592919921e-120,298.14888729093246,0.0949407296386455,0.9488206120541782,0.38767593476546586,0.0948866098566381
45.0,4.100726573507643,1.2861690420631996e-127,5.274227568811432e-127,298.14888751528673,0.0949407296386455,0.9488206120541782,0.38767593476546586,0.09481292945042347
46.0,4.100969041180463,-1.5905711704414476e-134,-6.52288312777455e-134,298.1488877395958,0.0949407296386455,0.9488206120541782,0.38767593476546586,0.09474025044873235
47.0,4.101203015868949,1.5290004151453987e-141,6.270741113859183e-141,298.1488879638595,0.0949407296386455,0.9488206120541782,0.38767593476546586,0.09466862168083029
48.0,4.101428958238023,-1.1488665662934772e-148,-4.71199460414755e-148,298.148888188078,0.0949407296386455,0.9488206120541782,0.38767593476546586,0.09459808529899526
49.0,4.0995865107888605,1.9159476855006965,7.854593286855794,298.1488726368821,0.09523150583118244,0.9488169999275629,0.3888681595554068,0.0955341906054622
50.0,4.1016631052777965,0.08906872918177686,0.36532992031887396,298.1488577980743,0.0955099506629631,0.9488135409855533,0.3900098094618748,0.09452582156287802
51.0,4.101963551921713,9.107771245899562e-10,3.7359745689920616e-09,298.1488573105704,0.09552232108678393,0.9488133873156921,0.39006054968651627,0.09441705502271888
52.0,4.102165302363799,-1.581139353689548e-35,-6.486094994907187e-35,298.14885754097025,0.09552232108678393,0.9488133873156921,0.39006054968651627,0.09435209939874009
53.0,4.102359931233135,4.271622788827379e-35,1.752373417022778e-34,298.14885777132264,0.09552232108678393,0.9488133873156921,0.39006054968651627,0.09428754002927604
54.0,4.101587267438714,0.8907037586595213,3.653299195577698,298.1488493178571,0.09567229872996413,0.9488115242393793,0.39067572294833924,0.09469240449746358
55.0,4.101414749446353,1.1802321095610226,4.8406213819237625,298.14883309153197,0.09595992861563041,0.9488079511973213,0.39185543577394333,0.09479049482578947
56.0,4.101534375436726,1.180197700061509,4.840621436613642,298.1488145838188,0.09628776482208262,0.9488038786978623,0.39320005283966947,0.09474258543006062
57.0,4.100667362881744,2.0936233953539336,8.585253127493537,298.1487882280187,0.09676306488120827,0.9487979743493017,0.39514925600714834,0.09517674787485197
58.0,4.1006638714661925,2.1604430063489857,8.859250582497092,298.14875588686795,0.09735390763109923,0.9487906346878124,0.39757210469619364,0.09517586974641908
59.0,4.09439987749828,8.052712557456406,32.97102530877837,298.14868900050465,0.09881803468661908,0.9487724467740792,0.40357034738730896,0.09823654035687926
60.0,4.098766484384256,3.765812050227113,15.43518421796125,298.1486164656098,0.10045934685810205,0.9487520578030049,0.41029341727028257,0.09601161211275963
61.0,4.098570061571667,3.9442656154815268,16.16584896649913,298.14856244383003,0.10153653836574085,0.9487386765420405,0.41470844067451546,0.09610262244390398
62.0,4.0997093924799834,2.873835387428919,11.781889930283691,298.14851508571314,0.10245660127399725,0.9487272471891428,0.41847996783212343,0.09553388219577064
63.0,4.096997402550424,5.43937985383708,22.285125132655622,298.148458502893,0.10361116341120845,0.9487129048023452,0.42321153976048237,0.09686286284469911
64.0,4.097481048956315,4.903779997968505,20.093145609926985,298.1483911736036,0.105047710900497,0.9486950594919192,0.4290974059581961,0.09658630505699739
65.0,4.0991441389129974,3.2975681211738834,13.51720703657627,298.14833511695485,0.10618672231640476,0.9486809102817837,0.43376531798795076,0.09574851605140493
66.0,4.09909485544712,3.364451170506557,13.791204484426471,298.14828760733445,0.10711200283241205,0.948669416113883,0.43755815357622924,0.09577378855719376
67.0,4.090902967876019,11.006595130827572,45.026912686912254,298.14820588801723,0.10919304227362625,0.9486435646922531,0.4460779507138671,0.09977044014574715
68.0,4.083620056522594,17.46750639461275,71.3306594504773,298.1481179387054,0.1131473811909716,0.9485944424696773,0.4622387499613215,0.10320803799722583
69.0,4.077528351262098,22.53337488337468,91.88047493657753,298.1480808817033,0.11875348981774396,0.9485248013687236,0.4851130335495116,0.105982698341677
70.0,4.072928458205067,26.01216249675137,105.94567689247322,298.1481165361565,0.12549579353417917,0.9484410460430537,0.5125889684456792,0.10798142231708258
71.0,4.0722200167070115,25.725121451427622,104.7583545067225,298.14819634394513,0.13268153280554765,0.9483517822011733,0.5418534051219285,0.10806385012939979
72.0,4.077380157212645,20.003017027223574,81.55990471118808,298.1482332789264,0.13903231655798712,0.9482728904775405,0.567730361103203,0.10532792699640652
73.0,4.081988656404621,15.102791610934878,61.64942403587904,298.14820262080906,0.14390792914206055,0.9482123238615893,0.5876204629535692,0.10296471822129427
74.0,4.08288246826036,13.913896111984254,56.8088025008165,298.14814817033096,0.14793801545929514,0.9481622606775243,0.6040729773804199,0.10247508175828518
75.0,4.081049003358815,15.33006558322098,62.56274886982925,298.14809728774634,0.15199969794886697,0.9481118049944239,0.6206525336588713,0.10331530082744386
76.0,4.079005517850804,16.882715577108144,68.86468999532983,298.1480613226483,0.15647370655814105,0.9480562272477249,0.6389065075549044,0.10422912881960007
77.0,4.081036857146948,14.569200578373236,59.45744453950781,298.1480257244583,0.16084194169773516,0.9480019634571709,0.6567287925900165,0.10314381560428082
78.0,4.086774480527124,8.916972683592356,36.441656406862705,298.14797074161146,0.16410358932038657,0.9479614460953989,0.6700478414927146,0.10029988503468538
79.0,4.094308217544488,1.8738033226329918,7.671928341918424,298.14792591462464,0.16548324544498855,0.9479443075100001,0.6756907147303619,0.09666558617968896
80.0,4.094719684801331,1.7620903224319098,7.215265929659865,298.1479043664382,0.1659882301356403,0.9479380344082529,0.6777583805669061,0.09656975625527756
81.0,4.09688843685542,-6.096256932423827e-10,-2.497568453454687e-09,298.14789497333516,0.16620227285424014,0.9479353754924938,0.678634995014388,0.095590933624419
82.0,4.093632665171037,3.34662949721153,13.699871828010043,298.1478727490865,0.1667226776487486,0.9479289108366614,0.680765832733109,0.09725934161034153
83.0,4.093868295079344,3.27950818062343,13.425874564107602,298.14783502361746,0.16764014786453835,0.9479175136911236,0.6845217593423708,0.0971721137594833
84.0,4.0975502003826225,-1.0309506030987958e-09,-4.224371850312056e-09,298.14781655892403,0.168061135513125,0.9479122840308928,0.6862457737645261,0.09541123158070539
85.0,4.097595823583289,0.24518215208955046,1.0046573624193047,298.14781485229764,0.16810352293841072,0.9479117574790259,0.686419459951196,0.09546178834578643
86.0,4.098144074097942,0.0,0.0,298.1478139993256,0.16812883773029355,0.9479114430095615,0.6865231947101316,0.09525352375215285
87.0,4.096438917813961,1.8505330107491196,7.580595443932134,298.14779999767154,0.1684240443232063,0.9479077758469167,0.687732634055562,0.0961387872548379
88.0,4.098615576781587,-3.847757541941468e-06,-1.577047899708013e-05,298.147790286878,0.16862857999447406,0.9479052350311244,0.6885706655204554,0.09510604778883605
89.0,4.098884017010205,-4.914390583323476e-50,-2.0143517015330054e-49,298.14779073242124,0.16862857999447406,0.9479052350311244,0.6885706655204554,0.0950280014928635
90.0,4.09914191278081,1.0441950138796505e-56,4.280303546510815e-56,298.14779117787344,0.16862857999447406,0.9479052350311244,0.6885706655204554,0.09494840653918628
91.0,4.099390480067729,-1.576744779764332e-63,-6.463692539662391e-63,298.14779162323583,0.16862857999447406,0.9479052350311244,0.6885706655204554,0.09486957757554607
92.0,4.099630406793599,1.7842344613315435e-70,7.314701850523794e-70,298.14779206850824,0.16862857999447406,0.9479052350311244,0.6885706655204554,0.09479195069969619
93.0,4.099862226320143,-1.5567442350000453e-77,-6.382436885118334e-77,298.1477925136909,0.16862857999447406,0.9479052350311244,0.6885706655204554,0.09471568348074211
94.0,4.1000863814967,1.0612951524242948e-84,4.351401801203316e-84,298.14779295878367,0.16862857999447406,0.9479052350311244,0.6885706655204554,0.09464085000518233
95.0,4.100303239178096,-6.994669917291672e-85,-2.8680267718852628e-84,298.14779340378647,0.16862857999447406,0.9479052350311244,0.6885706655204554,0.09456749384472846
96.0,4.100513157323325,3.158070097888976e-85,1.2949707988143107e-84,298.1477938486995,0.16862857999447406,0.9479052350311244,0.6885706655204554,0.0944956376067111
97.0,4.10071643872843,-9.0791961588064e-86,-3.723120893885742e-85,298.14779429352274,0.16862857999447406,0.9479052350311244,0.6885706655204554,0.09442529782454674
98.0,4.100913359467457,1.3640811954016186e-86,5.593978797620836e-86,298.1477947382562,0.16862857999447406,0.9479052350311244,0.6885706655204554,0.09435648538397945
99.0,4.101104173809956,-5.101987576205843e-88,-2.0923782543504323e-87,298.1477951829,0.16862857999447406,0.9479052350311244,0.6885706655204554,0.0942892068688542
100.0,4.101289117820729,-2.706642363551602e-89,-1.1100722871466762e-88,298.147795627454,0.16862857999447406,0.9479052350311244,0.6885706655204554,0.09422346523167671
101.0,4.101468412082738,-3.3252653459169926e-90,-1.3638470778071926e-89,298.1477960719183,0.16862857999447406,0.9479052350311244,0.6885706655204554,0.09415926014812935
102.0,4.101642263799201,-5.769297267667775e-91,-2.3663593505487397e-90,298.1477965162929,0.16862857999447406,0.9479052350311244,0.6885706655204554,0.09409658823403944
103.0,4.101810868444963,-1.1898328557334369e-91,-4.8804693392803183e-91,298.1477969605778,0.16862857999447406,0.9479052350311244,0.6885706655204554,0.09403544321260718
104.0,4.101974404106544,4.4806513746267357e-100,1.8379517252443672e-99,298.14779740477286,0.16862857999447406,0.9479052350311244,0.6885706655204554,0.09397581810120634
105.0,4.102133053349471,-1.325495178345712e-108,-5.437357583147297e-108,298.1477978488782,0.16862857999447406,0.9479052350311244,0.6885706655204554,0.09391769947455059
106.0,4.102286983993242,2.413627343846316e-117,9.901392036870924e-117,298.1477982928939,0.16862857999447406,0.9479052350311244,0.6885706655204554,0.09386107319447917
107.0,4.1024363560985595,-2.4751401445602278e-126,-1.0154104915482923e-125,298.1477987368199,0.16862857999447406,0.9479052350311244,0.6885706655204554,0.09380592292795278
108.0,4.102581322656015,1.160959122775326e-135,4.7629292134651634e-135,298.1477991806562,0.16862857999447406,0.9479052350311244,0.6885706655204554,0.09375223033230723
109.0,4.102722030120761,-1.4333926183474408e-145,-5.880811473106526e-145,298.1477996244028,0.16862857999447406,0.9479052350311244,0.6885706655204554,0.09369997526396398
110.0,4.102858620019557,4.433381681973623e-151,1.8189538249722281e-150,298.14780006805984,0.16862857999447406,0.9479052350311244,0.6885706655204554,0.09364913558292581
111.0,4.102991237103101,-8.77976968985239e-157,-3.602331810124777e-156,298.1478005116274,0.16862857999447406,0.9479052350311244,0.6885706655204554,0.09359968455330892
112.0,4.103120008895566,1.3653974591700083e-162,5.602389634815627e-162,298.1478009551056,0.16862857999447406,0.9479052350311244,0.6885706655204554,0.09355159837394833
113.0,4.103245058371181,-1.6192581090770461e-168,-6.644212834297852e-168,298.14780139849444,0.16862857999447406,0.9479052350311244,0.6885706655204554,0.09350485213134513
114.0,4.103366518201998,1.414646578833012e-168,5.804813406672385e-168,298.1478018417942,0.16862857999447406,0.9479052350311244,0.6885706655204554,0.09345941477400085
115.0,4.103484482610726,-7.919084090001701e-169,-3.2495838679811466e-168,298.14780228500445,0.16862857999447406,0.9479052350311244,0.6885706655204554,0.09341526713771475
116.0,4.103599063010758,2.533482626785549e-169,1.0396396933431214e-168,298.14780272812516,0.16862857999447406,0.9479052350311244,0.6885706655204554,0.09337238175824195
117.0,4.103710366819257,-4.000297014651698e-170,-1.64160603293823e-169,298.1478031711564,0.16862857999447406,0.9479052350311244,0.6885706655204554,0.09333073076841233
118.0,4.103818497478713,2.358192606925725e-171,9.677594440919336e-171,298.1478036140981,0.16862857999447406,0.9479052350311244,0.6885706655204554,0.0932902860894401
119.0,4.103923554647373,-2.4223522319430063e-173,-9.941148382323541e-173,298.1478040569504,0.16862857999447406,0.9479052350311244,0.6885706655204554,0.0932510195409682
120.0,4.104025633278802,1.6240536418500556e-174,6.665157775972419e-174,298.1478044997132,0.16862857999447406,0.9479052350311244,0.6885706655204554,0.09321290336599733
121.0,4.104124822743362,-5.255434284614773e-175,-2.1568958301783994e-174,298.14780494238636,0.16862857999447406,0.9479052350311244,0.6885706655204554,0.09317591073781761
122.0,4.10422121339427,2.6979075002009783e-175,1.1072809194100362e-174,298.14780538497,0.16862857999447406,0.9479052350311244,0.6885706655204554,0.09314001333127928
123.0,4.10431489247758,-1.7390917008139842e-175,-7.137779967035e-175,298.1478058274641,0.16862857999447406,0.9479052350311244,0.6885706655204554,0.09310518301784038
124.0,4.104405954361139,5.060877268586518e-183,2.077189479547744e-182,298.14780626986897,0.16862857999447406,0.9479052350311244,0.6885706655204554,0.09307138791560167
125.0,4.104494469883226,-8.980375744058459e-191,-3.685990257896141e-190,298.1478067121844,0.16862857999447406,0.9479052350311244,0.6885706655204554,0.09303860463916248
126.0,4.104580516588175,9.661782178258921e-199,3.965756288440043e-198,298.1478071544103,0.16862857999447406,0.9479052350311244,0.6885706655204554,0.09300680644643446
127.0,4.104664169685272,-4.9858369872168114e-207,-2.046518643732041e-206,298.14780759654667,0.16862857999447406,0.9479052350311244,0.6885706655204554,0.09297596687709249
128.0,4.104745501931365,1.8585019338371695e-215,7.628677453248865e-215,298.14780803859355,0.16862857999447406,0.9479052350311244,0.6885706655204554,0.09294605987159368
129.0,4.1048245837220225,7.128925625657874e-224,2.926298916372634e-223,298.14780848055085,0.16862857999447406,0.9479052350311244,0.6885706655204554,0.09291705980006712
130.0,4.1049014831774215,1.1480951790162298e-231,4.712817603172569e-231,298.14780892241856,0.16862857999447406,0.9479052350311244,0.6885706655204554,0.09288894148668975
131.0,4.1049762662241935,1.2370212432727246e-239,5.077942844449678e-239,298.14780936419675,0.16862857999447406,0.9479052350311244,0.6885706655204554,0.09286168022977573
132.0,4.105048998935054,4.946879210552992e-237,2.030718155113319e-236,298.14780980588534,0.16862857999447406,0.9479052350311244,0.6885706655204554,0.09283525090014125
133.0,4.105119747756449,-1.2836972960279056e-237,-5.269731120065711e-237,298.1478102474847,0.16862857999447406,0.9479052350311244,0.6885706655204554,0.09280962788667699
134.0,4.105188572554699,1.9881720125262453e-238,8.16182102609582e-238,298.1478106889947,0.16862857999447406,0.9479052350311244,0.6885706655204554,0.09278478796081452
135.0,4.1052555311309415,-1.3153420751668904e-239,-5.3998153294081276e-239,298.1478111304154,0.16862857999447406,0.9479052350311244,0.6885706655204554,0.09276070848352991
136.0,4.10532067942737,-1.0577797310135489e-241,-4.342525004009044e-241,298.1478115717468,0.16862857999447406,0.9479052350311244,0.6885706655204554,0.09273736735208193
137.0,4.105384071589366,-7.300265892947521e-243,-2.9970395315273874e-242,298.14781201298894,0.16862857999447406,0.9479052350311244,0.6885706655204554,0.09271474300199253
138.0,4.105325933462977,0.11123656806489866,0.45666236762624807,298.1478111385437,0.16864822292426204,0.9479049910195744,0.6886513063736398,0.09275142262116945
139.0,4.103107522324193,2.225934356013977,9.133248000360808,298.14778759293716,0.16902885947935636,0.9479002626151632,0.690213324838558,0.0938441994832616
140.0,4.095441262462286,9.344117618821157,38.26828485742101,298.14770861582883,0.17063537279824678,0.947880305927972,0.6967968981051142,0.0975828426051412
141.0,4.088663415793744,15.301516027101332,62.56274878619085,298.14759092271674,0.17412107859763384,0.947837005234812,0.7110588242488955,0.10077918962982091
142.0,4.091224415573167,12.278198148367203,50.232864043845154,298.1474763835537,0.17795154090331664,0.9477894218521327,0.7267248495303601,0.09933677356363535
143.0,4.096452274800462,6.93390265139894,28.404401289568142,298.1473730384959,0.18061963069835477,0.9477562778795235,0.7376465611094427,0.09666601029983408
144.0,4.096363618404061,6.822572773383575,27.94773889280257,298.14728535714727,0.1825302524615672,0.9477325434476823,0.7454732468675311,0.09668407422904489
145.0,4.08945570978254,13.087519946552582,53.52083317232235,298.1471830259155,0.18533551853256508,0.9476976954219557,0.7569535806173955,0.10002784249944618
146.0,4.083724144069261,17.98145795012287,73.43131397648293,298.14708744848764,0.18965041342864097,0.9476440942431225,0.7745858590452128,0.10270030375391602
147.0,4.08271255571025,18.254359750852686,74.52730375125809,298.14701293161914,0.19468316642312875,0.9475815755723834,0.7951356722320159,0.10301101373483938
148.0,4.08617733034316,14.37204993949144,58.72674465330971,298.1469307227009,0.199123586563873,0.9475264150737407,0.813273194676093,0.10116364888933072
149.0,4.091989346163934,8.503852765551587,34.7976749179838,298.1468400973399,0.20218203877038132,0.9474884218786288,0.8257798174019585,0.09824028448763154
150.0,4.099734752042549,1.091604052784874,4.475287070672637,298.14678447581264,0.20351426720285187,0.9474718724571074,0.8312343663833192,0.09444731053593022
151.0,4.101077929464278,0.0,0.0,298.14677871697455,0.2036277041961822,0.9474704633019108,0.831699482338593,0.09387165697991906
152.0,4.101284211367345,7.12487546803571e-44,2.9221139265013378e-43,298.14677936648,0.2036277041961822,0.9474704633019108,0.831699482338593,0.09384143288663097
153.0,4.101475537459088,-1.3459131256319737e-47,-5.52022976032464e-47,298.1467800158518,0.2036277041961822,0.9474704633019108,0.831699482338593,0.09380215697157876
154.0,4.101655748107525,-1.981630654376136e-49,-8.127966764147956e-49,298.1467806650922,0.2036277041961822,0.9474704633019108,0.831699482338593,0.09376049527741415
155.0,4.101826806069022,-9.824445533496573e-51,-4.0298174044061316e-50,298.14678131420135,0.2036277041961822,0.9474704633019108,0.831699482338593,0.09371814235516226
156.0,4.098734869595903,3.0305003113503153,12.421217298452778,298.1467552746935,0.20411524167873066,0.9474644069356679,0.83369818935634,0.09526489949080827
157.0,4.095449237912586,6.110465078602453,25.025099549453888,298.1466950249703,0.2053847459220348,0.9474486366966206,0.8388990751452655,0.09686411445114636
158.0,4.088298680798187,12.666764404573902,51.78551620520091,298.1466051862837,0.20799230595918816,0.9474162446464697,0.8495672658221096,0.10031422390030736
159.0,4.0856902506868575,14.68673240764806,60.0054394123744,298.14651286022627,0.21179135597658721,0.9473690514785517,0.865093800226209,0.10145774595708017
160.0,4.08017163894106,19.362566487611378,79.00259463986256,298.1464445876657,0.21652025706464212,0.9473103073656566,0.8844007628296641,0.10401694376062079
161.0,4.083594438531544,15.47706981163339,63.20207620755056,298.1463850648455,0.22135897614716543,0.9472501990540725,0.9041513195307566,0.10216280650985216
162.0,4.081429499204849,17.029331842334873,69.50401733305401,298.14632073149085,0.22587372970461764,0.9471941151589488,0.9225827569988346,0.10311680628859202
163.0,4.080694685228844,17.18906953826697,70.14334470883504,298.14626835308445,0.23062629016255898,0.9471350771408378,0.941978242738759,0.10335078058342781
164.0,4.081149864482856,16.247229899120825,66.30738010101877,298.1462178331978,0.23527011078499363,0.9470773899281367,0.9609292804249505,0.10301261525374976
165.0,4.084693940286007,12.476705485798258,50.96352329257332,298.14615570322366,0.23925923502896507,0.9470278355897023,0.9772160620215571,0.10119171671684754
166.0,4.082954950334936,13.82417227206557,56.443472612513084,298.14609043826414,0.24296041355983722,0.9469818582166479,0.9923301428798197,0.10199615290743216
167.0,4.073676340395853,22.17353939072728,90.3278227988412,298.146071587618,0.24802599997642172,0.9469189316773114,1.0129862431759906,0.10643806027065397
168.0,4.071200294184363,23.802258391218583,96.90376136458133,298.1461279726064,0.2544114985584148,0.94683960871356,1.038990647434312,0.10745570632578336
169.0,4.081033638227966,13.875440062876315,56.62613764181421,298.14612840240505,0.2595562417371805,0.9467756988604077,1.0599603498246768,0.10251006721620246
170.0,4.094979263128581,0.5798821188715259,2.374605251837961,298.14608687957235,0.26156243251660094,0.9467507772358186,1.0681548560471563,0.09571497213082553
171.0,4.095948616928363,1.14026091693753e-09,4.670450125667743e-09,298.1460839089029,0.2616429682864914,0.9467497767914721,1.0684846677650364,0.0953903659756492
172.0,4.096291648572695,-2.243035416449183e-59,-9.188127243853565e-59,298.1460846984771,0.2616429682864914,0.9467497767914721,1.0684846677650364,0.0953255672079431
173.0,4.096616334127967,1.344454357685597e-68,5.507713682184341e-68,298.1460854879159,0.2616429682864914,0.9467497767914721,1.0684846677650364,0.09525306489312874
174.0,4.096923190940762,-5.231855366346879e-78,-2.1434509582034405e-77,298.14608627719537,0.2616429682864914,0.9467497767914721,1.0684846677650364,0.0951769026633499
175.0,4.095202098298053,1.873394317976846,7.671928341918429,298.1460725589893,0.2619486937597966,0.9467459789595056,1.069736816635257,0.0960775103090605
176.0,4.088508664672111,8.310038059575216,33.97566261032829,298.14602300822173,0.263362713550241,0.9467284134962702,1.0755212283114803,0.09937147477564288
177.0,4.0801740336413586,15.982502248731862,65.21139066789037,298.14596005374807,0.2668164945859316,0.9466855093840256,1.089625170435118,0.10336830836288909
178.0,4.082095828869182,13.73758606359825,56.078142768945824,298.14590934238635,0.2709442531442539,0.9466342328801955,1.1064709229794312,0.10228922862135886
179.0,4.088940481285303,7.013649426053669,28.678395059734278,298.14584713821745,0.2738259219568027,0.9465984357520894,1.1182423375135957,0.0988801658560352
180.0,4.092865655472256,3.347256705980752,13.699872011957813,298.1457986826022,0.2751762322316923,0.9465816617114075,1.1237664204820819,0.09699353819101988
181.0,4.094669997406983,1.8067221287071007,7.397930894068243,298.1457688282165,0.27589203962384495,0.9465727696941136,1.1266966674673542,0.09616886333266814
182.0,4.09681994925648,-4.354505425512023e-09,-1.7839624696383233e-08,298.14575797369855,0.2761429387350083,0.9465696529349688,1.1277241497177715,0.09517920182987008
183.0,4.097108596286615,-9.521355207533205e-54,-3.9010026269082624e-53,298.14575882899385,0.2761429387350083,0.9465696529349688,1.1277241497177715,0.09510682773615156
184.0,4.097384772861288,3.40340084947399e-64,1.3945042816577898e-63,298.14575968413686,0.2761429387350083,0.9465696529349688,1.1277241497177715,0.09503027268641268
185.0,4.097648814117033,-4.25351611211861e-78,-1.7429415252650515e-77,298.14576053910724,0.2761429387350083,0.9465696529349688,1.1277241497177715,0.09495259919363548
186.0,4.097902227389866,-3.0992333280263964e-83,-1.2700355158120279e-82,298.14576139390505,0.2761429387350083,0.9465696529349688,1.1277241497177715,0.09487529184947849
187.0,4.09814605923731,4.659990828788575e-90,1.9097323051081905e-89,298.14576224853045,0.2761429387350083,0.9465696529349688,1.1277241497177715,0.09479890605373983
188.0,4.098381094964401,-5.184627209176982e-97,-2.1248578138528984e-96,298.1457631029833,0.2761429387350083,0.9465696529349688,1.1277241497177715,0.09472369872592112
189.0,4.09860795572866,4.3479211243938264e-104,1.782042411132124e-103,298.1457639572638,0.2761429387350083,0.9465696529349688,1.1277241497177715,0.09464980119059427
190.0,4.098827132934806,-3.325535071496679e-104,-1.363079338257688e-103,298.1457648113715,0.2761429387350083,0.9465696529349688,1.1277241497177715,0.09457728662581569
191.0,4.099039082489568,1.7901231600858165e-104,7.337784795661491e-104,298.14576566530695,0.2761429387350083,0.9465696529349688,1.1277241497177715,0.09450619175330308
192.0,4.099244175274151,-6.416623149798136e-105,-2.6303305071739286e-104,298.14576651907004,0.2761429387350083,0.9465696529349688,1.1277241497177715,0.09443653871257182
193.0,4.099154694289814,0.2673697018654179,1.0959897685124957,298.1457647734577,0.27618969170341395,0.9465690721527525,1.127915798264284,0.09450836290170443
194.0,4.099001216325442,0.5793226851666402,2.3746443911429793,298.1457591248396,0.27630728909690605,0.9465676113155663,1.1283978375898371,0.09460697688116852
195.0,4.098513580012444,1.181067560742185,4.8406214366140174,298.1457455128477,0.27657379191507503,0.9465643007215518,1.1294901431524975,0.09486280616821766
196.0,4.098640434204439,1.1810310063349154,4.840621436613444,298.14572863832785,0.27690186114597437,0.9465602253273792,1.1308347602182236,0.09481138000143413
197.0,4.098764156757761,1.1809953565230549,4.84062143661405,298.1457116761272,0.2772299200732155,0.9465561500612022,1.1321793772839497,0.09476278053247239
198.0,4.09723166396176,2.719534426163956,11.142562562113035,298.14568177602916,0.27782266429841845,0.9465487867789016,1.1346082717980048,0.09552089086345195
199.0,4.097133037563455,2.8533507090527235,11.690557457815023,298.14564346457666,0.27859667621111595,0.9465391717240855,1.1377795395255426,0.09555972153360537
200.0,4.095255816672105,4.638820306174883,18.997155841359362,298.14559252752815,0.2796842896151705,0.9465256609985693,1.142234344425831,0.09646794207440088
201.0,4.094803880565601,5.018508478069833,20.54980799065172,298.14553246029055,0.2810255848379073,0.946508998946113,1.1477269833163604,0.09665924241535204
202.0,4.092273595092645,7.320393605759962,29.95705345853653,298.14546025691277,0.2828057117282304,0.9464868855685934,1.1550133868957908,0.09786408597372395
203.0,4.086728082604584,12.358752632237811,50.50686144812959,298.14537530343773,0.2855386979364581,0.9464529354293607,1.1661890168611786,0.1005155058324719
204.0,4.085803085532093,12.85333016458847,52.51617604583829,298.1452903246122,0.28904037406393274,0.9464094363470319,1.1804977770669036,0.10084853415162937
205.0,4.081336184532107,16.64929378501801,67.95136517169954,298.145220132678,0.29324192581125474,0.9463572431576242,1.1976528683207734,0.10291878873333324
206.0,4.075132629497361,21.941493965332103,89.4144979980443,298.14519409892984,0.2986015038118668,0.9462906645489209,1.2195093826373828,0.1057940785010757
207.0,4.074002989772139,22.26143499326004,90.69315271915951,298.14521396780043,0.30474080053953817,0.9462143999932976,1.2445243416162939,0.10614142154106143
208.0,4.073014017541839,22.468654575146658,91.51514503987791,298.14524831583225,0.31095333679587145,0.9461372256298649,1.2698311425127826,0.10644426110437569
209.0,4.062931454307194,31.223961340468126,126.86081465825977,298.14540525570885,0.31855897764248997,0.9460427456193479,1.3007641152499039,0.11116408607016089
210.0,4.066774680435543,26.545604262320968,107.95499129086875,298.1456138872484,0.326582388753641,0.9459430759161038,1.3333773404470048,0.10902579058302837
211.0,4.069903335006129,22.80000091472794,92.79379976099402,298.14573231998,0.3334358398491583,0.9458579398776502,1.3612589676573155,0.10734032655780523
212.0,4.072179763102278,20.050989982252403,81.65123563589474,298.1457946732439,0.33938729784903326,0.9457840087223722,1.3854873212121057,0.10612524107102445
213.0,4.072976865280152,18.836169324766427,76.71928189027332,298.1458281741561,0.3447458601476442,0.9457174427310852,1.4073109674383657,0.10566190375005621
214.0,4.0671333070041475,23.8934284092458,97.17775850176272,298.14590920955993,0.3507646006599734,0.945642675768199,1.4318048633991673,0.10841642447167527
215.0,4.06044411618837,29.5560966708753,120.01087882475029,298.14611478572226,0.3581878628475124,0.9455504613310868,1.461970122052943,0.11150619393864045
216.0,4.0551950451740035,33.64837540958397,136.4507252390997,298.1464800561173,0.3669661267089018,0.9454414145750446,1.4975899317595363,0.11383244562781707
217.0,4.054516948994004,33.29358520716801,134.98940551523873,298.1469287059269,0.37626362719219913,0.945325917674631,1.5352899258987556,0.11392500199403167
218.0,4.055637802105772,31.302634383399013,126.95214731080894,298.14735461254304,0.3852351569569529,0.9452144700999136,1.5716700217545554,0.1131860396557843
219.0,4.058820918373076,27.497712145164087,111.6082892621934,298.1476988758023,0.3934016368596377,0.9451130231446008,1.6048027704540095,0.11149920018357862
220.0,4.061389300905139,24.466932596375365,99.36973827288611,298.14795130578744,0.40061885545714976,0.9450233682551906,1.6341050968145614,0.11016606860206359
221.0,4.067464147333355,18.300337148188397,74.43596523436904,298.1480988943419,0.4065583422614504,0.9449495858104168,1.6582443324371476,0.10718205949700177
222.0,4.0669600047088945,18.572093170521036,75.53196012823626,298.14818931724716,0.4116898811209706,0.9448858399860749,1.6791150367529584,0.10743281374357842
223.0,4.067935461712525,17.44504987600423,70.9653370219413,298.14827352141305,0.41669199166085424,0.9448237019669459,1.699460809742573,0.10695120769456684
224.0,4.066048066012864,19.047965413463572,77.44994293089349,298.1483640335473,0.4217605248313268,0.9447607388219711,1.7200744137446573,0.10785298380133848
225.0,4.062494987146337,22.14464027720268,89.96249011829475,298.1485037865066,0.4274817327354902,0.9446896679163292,1.7433266019486617,0.1095256694227885
226.0,4.063175806214997,21.151893829508634,85.94386326368776,298.1486677321375,0.43346017103430695,0.9446154016020583,1.7676164823694083,0.10912754260645859
227.0,4.062461101258773,21.515328087500407,87.40518343629071,298.14883103955185,0.43938620260453587,0.9445417863030492,1.7916928645608305,0.10941962648576894
228.0,4.063282249113315,20.432059389299383,83.02122422936922,298.1489903066694,0.4452120182440099,0.9444694159224346,1.8153623564450316,0.10897135856900526
229.0,4.064258698201223,19.25860070446807,78.27193542831854,298.14912854539466,0.4507245179398062,0.9444009376653439,1.8377638304236101,0.10846579264078834
230.0,4.068521373875006,15.062988767952524,61.28409175685399,298.14921903969633,0.45549100252051716,0.9443417266767637,1.857145558964839,0.10639661049338983
231.0,4.073198705476389,10.673248139398885,43.474260504627814,298.14924522570647,0.458988614554068,0.9442982780800736,1.8713843393751692,0.1041805150106907
232.0,4.084772155159676,0.0,0.0,298.149240131735,0.46047012882876287,0.9442798741760402,1.8774223221636743,0.09868511442845257
233.0,4.085396811601031,-2.6094025596065103e-67,-1.0660444897200007e-66,298.14924028494676,0.46047012882876287,0.9442798741760402,1.8774223221636743,0.09856498918354006
234.0,4.0859828881177265,-1.2424341716329968e-81,-5.076564764905147e-81,298.14924043812755,0.46047012882876287,0.9442798741760402,1.8774223221636743,0.09841652618554073
235.0,4.086539018569482,-9.493990756388693e-97,-3.879756366792039e-96,298.1492405912775,0.46047012882876287,0.9442798741760402,1.8774223221636743,0.0982620504291547
236.0,4.08320765279303,3.601220052463984,14.704529277612657,298.14922664967014,0.46106128773849736,0.9442725305870994,1.8798366642239601,0.09996295765916718
237.0,4.0864705719213354,0.8716486905800189,3.561966723109013,298.14921170737665,0.46168245058547264,0.9442648142784413,1.8823736705648975,0.09843586848455474
238.0,4.087859801391694,0.0,0.0,298.14920820081124,0.4618035035782911,0.9442633105145554,1.8828683875331884,0.09784952128929833
239.0,4.0883387798113,3.842404070052864e-44,1.57090495673019e-43,298.1492083604612,0.4618035035782911,0.9442633105145554,1.8828683875331884,0.09770130011843907
240.0,4.088798828485434,-3.459127042430351e-52,-1.4143674598671503e-51,298.1492085200789,0.4618035035782911,0.9442633105145554,1.8828683875331884,0.09755236283286572
241.0,4.089241802822848,-1.976161280008441e-52,-8.081001315330424e-52,298.14920867966447,0.4618035035782911,0.9442633105145554,1.8828683875331884,0.09740496091857276
242.0,4.089668957391549,-8.147290086533485e-53,-3.3319719353759897e-52,298.1492088392178,0.4618035035782911,0.9442633105145554,1.8828683875331884,0.09725970880856159
243.0,4.090081295018885,-2.2804355040355694e-53,-9.327166599552845e-53,298.1492089987389,0.4618035035782911,0.9442633105145554,1.8828683875331884,0.09711685997375336
244.0,4.090479659094761,-3.8963838642837646e-54,-1.5938078940877782e-53,298.1492091582279,0.4618035035782911,0.9442633105145554,1.8828683875331884,0.09697655319818424
245.0,4.090864780656803,-3.2004661145596294e-55,-1.309267410973751e-54,298.14920931768467,0.4618035035782911,0.9442633105145554,1.8828683875331884,0.09683887670857372
246.0,4.091237306528992,-3.5897388372757516e-57,-1.468647345175856e-56,298.14920947710937,0.4618035035782911,0.9442633105145554,1.8828683875331884,0.0967038924219298
247.0,4.091597817772524,1.5811383714308325e-58,6.469382310142796e-58,298.14920963650184,0.4618035035782911,0.9442633105145554,1.8828683875331884,0.09657164627412457
248.0,4.091946842537279,-1.351621480970911e-59,-5.53076325136448e-59,298.14920979586225,0.4618035035782911,0.9442633105145554,1.8828683875331884,0.09644217294831836
249.0,4.092284865392921,1.5501528108238517e-60,6.343666886780744e-60,298.1492099551904,0.4618035035782911,0.9442633105145554,1.8828683875331884,0.09631549813509974
250.0,4.092612334314969,-2.0624160407175578e-61,-8.440669326729721e-61,298.1492101144864,0.4618035035782911,0.9442633105145554,1.8828683875331884,0.09619163965962763
251.0,4.092929669067113,2.5149768446308987e-70,1.0293623344406595e-69,298.1492102737503,0.4618035035782911,0.9442633105145554,1.8828683875331884,0.09607060697572753
252.0,4.093237256250497,-1.9712418953637756e-79,-8.06876076718485e-79,298.1492104329821,0.4618035035782911,0.9442633105145554,1.8828683875331884,0.09595240495415236
253.0,4.091479880844734,1.9197438373408666,7.85459328685582,298.14919685065297,0.4621339921288675,0.9442592050667221,1.8842206931284438,0.09683231205079815
254.0,4.0936324314589925,0.08924345955229514,0.3653299203188742,298.14918530331045,0.462412987267268,0.9442557392886053,1.8853623430380073,0.09579096876583935
255.0,4.094009138863008,1.5261590731680073e-09,6.24810919290852e-09,298.14918489653155,0.4624253819012346,0.944255585317997,1.8854130832627887,0.09564011420302511
256.0,4.094285477682927,-3.9261187651150307e-35,-1.6074651043668897e-34,298.14918506088037,0.4624253819012346,0.944255585317997,1.8854130832627887,0.0955340188391551
257.0,4.089380548715794,4.8464914141890505,19.819147718702805,298.14915594059926,0.46317810795800995,0.9442462346837514,1.8884923351983898,0.09794053926590338
258.0,4.08229309581651,11.522011314978169,47.03622724105509,298.1490967643274,0.46561225688733365,0.9442159968088529,1.8984352863155438,0.10134205527485324
259.0,4.078980327971727,14.397417919247484,58.72678446619812,298.1490456293512,0.46921209202202163,0.9441712783599748,1.9131246084848268,0.10284314192494086
260.0,4.076723371259125,16.175257581234924,65.94205061755676,298.1490129540692,0.47345828128534406,0.9441185306672628,1.930439788635098,0.10381974297930166
261.0,4.074596245102307,17.775173871002597,72.42665671082781,298.14900095704485,0.4781736267619635,0.9440599549470563,1.9496578216108793,0.10473034484321553
262.0,4.068344207753552,23.21283047350001,94.4377844024289,298.1490459509577,0.48386631525532814,0.9439892383198095,1.9728341821174162,0.10763387665431483
263.0,4.058137764692031,32.183591116678265,130.60544651399903,298.1492613471032,0.49155949781794006,0.9438936708345597,2.0040904128376775,0.11238557588456585
264.0,4.0538591085998865,35.21401766564885,142.7526662642879,298.14967692067114,0.5009201644825938,0.9437773892610858,2.0420568710377394,0.11417395968214657
265.0,4.0549953788153985,33.04189912938648,133.9847482769467,298.15013084900824,0.510400090126669,0.9436596262096065,2.0804923607880283,0.11335589778690064
266.0,4.062508217199427,24.99975616126792,101.56171483313292,298.1504361878159,0.5184606212694618,0.9435594953879569,2.113205726818985,0.10953090400193832
267.0,4.056900255373446,29.69446446861711,120.46748048591046,298.1507162623345,0.5261880861414331,0.9434635020355101,2.144571977205249,0.11213655790289331
268.0,4.061163887561992,24.940556705532718,101.28768822820157,298.1509796975724,0.5336422432846046,0.9433709038101291,2.1748311484005254,0.10993306516616033
269.0,4.05931649386543,26.144387118623822,106.12834185263257,298.15122155793824,0.5407916758861797,0.9432820909827804,2.203857358174497,0.11073278713480311
270.0,4.075221629932491,10.667949984913392,43.47426052555704,298.151302441662,0.5456359160498304,0.9432219140863375,2.2235588131528736,0.10298926447178701
271.0,4.0815873506872125,4.788613468579083,19.545144160682803,298.15128228251547,0.547782362921182,0.9431952501500473,2.2323115032123964,0.1000158146278972
272.0,4.0808184621517825,5.81903898510737,23.746441722407127,298.15125591660245,0.5492910242407811,0.9431765090156424,2.238468499252146,0.1005001348122053
273.0,4.0873073767000125,0.0,0.0,298.1512410705744,0.5499442545460569,0.9431683943534651,2.241135765503776,0.09745029669572837
274.0,4.087809169133802,4.719300076657099e-63,1.9291598125252746e-62,298.15124082033805,0.5499442545460569,0.9431683943534651,2.241135765503776,0.09733699894606551
275.0,4.088281727248434,3.6907367319778996e-70,1.5088771541429848e-69,298.15124057015237,0.5499442545460569,0.9431683943534651,2.241135765503776,0.09720998062753358
276.0,4.088730783274164,-5.364633250172793e-71,-2.1934541110957625e-70,298.15124032001717,0.5499442545460569,0.9431683943534651,2.241135765503776,0.09708045912373847
277.0,4.089159664589165,4.1693913833047193e-72,1.7049307070495278e-71,298.15124006993244,0.5499442545460569,0.9431683943534651,2.241135765503776,0.09695118944906628
278.0,4.08957067230398,1.0593951096645976e-72,4.3324711708665965e-72,298.151239819898,0.5499442545460569,0.9431683943534651,2.241135765503776,0.096823218392528
279.0,4.089965520118703,1.4710861821156384e-73,6.016691761976024e-73,298.15123956991414,0.5499442545460569,0.9431683943534651,2.241135765503776,0.09669702167647587
280.0,4.090345546771188,7.286865583986211e-75,2.9805798191378228e-74,298.1512393199806,0.5499442545460569,0.9431683943534651,2.241135765503776,0.09657282529407415
281.0,4.073298741713807,16.368234859726737,66.672710458201,298.15121408193323,0.5522715825622709,0.9431394834464314,2.250627918920555,0.10487406527011459
282.0,4.064115131591023,24.67525153212658,100.2830631275302,298.1512938157018,0.5579713819090422,0.9430686784856019,2.273816236400578,0.1091579057892532
283.0,4.059586154114497,28.279957939419145,114.8049256898063,298.1515109719373,0.5653261364272855,0.9429773150754374,2.303689615452859,0.11113258605564111
284.0,4.051811180548436,34.84861543857674,141.20000966065808,298.15190078514274,0.5740936188741559,0.9428684022500105,2.3392463067070035,0.11466449512039109
285.0,4.051091856135624,34.516627113815616,139.83002700204852,298.15242350899206,0.5837125232672535,0.9427489127544441,2.3782156579169067,0.11475399599379421
286.0,4.045980596856432,38.39774884835845,155.3565468034247,298.15304196778806,0.5938398361979882,0.9426231076248697,2.4192158003097095,0.1169857355554101
287.0,4.040590987438906,42.42722553274111,171.43106510963156,298.1538673273778,0.6050654213382711,0.9424836593622574,2.4646033476494615,0.1193167932453279
288.0,4.034921450850489,46.60650244988087,188.0535764841402,298.15493876477507,0.6174311081915304,0.9423300483454468,2.5145321871260777,0.12175109543078876
289.0,4.047303784124322,33.53345156121626,135.72006539846024,298.15582455511367,0.6285601665728613,0.9421917991730079,2.55949937476287,0.11554617018725244
290.0,4.062274962805142,18.705928114098917,75.98862343393684,298.1561731045601,0.6358140972527313,0.9421016882328853,2.5889032089261366,0.10830134391175464
291.0,4.078261892742656,3.6055872978092793,14.70452927761255,298.1562196330329,0.6389112241722567,0.9420632146065557,2.6014994356676278,0.10072085477044264
292.0,4.082644680501845,4.329002434300122e-15,1.7673778760274934e-14,298.1562113504424,0.6394118742302956,0.9420569953511764,2.603541730731926,0.09882544254202386
293.0,4.082698065188619,0.5592654582066907,2.2833120041472825,298.1562083771852,0.6394895501784371,0.9420560304325659,2.603858857461877,0.09897974347070569
294.0,4.079593635479731,4.007387843656684,16.34851394188065,298.15619503491763,0.6402038421630003,0.9420471572402112,2.6067735569602943,0.10059887470283185
295.0,4.0750298637604105,8.673720432133056,35.345669790851055,298.156179711178,0.6419649469274686,0.9420252801623916,2.61395331972445,0.10286617417274334
296.0,4.072677555670482,11.055850130885043,45.02691268691207,298.1561768174633,0.6447051153611819,0.9419912408029666,2.6251161932240974,0.10401192440476738
297.0,4.070118337173599,13.53117548692521,55.073485472848205,298.1561937392539,0.6481199469751638,0.9419488205344699,2.6390191066978517,0.10523764819108358
298.0,4.07120775088087,12.473168052406693,50.78085845299777,298.15621758298704,0.6517316442513839,0.9419039547297964,2.6537210559971873,0.10468902486928801
299.0,4.073733775656391,10.111349956295562,41.19094783444301,298.15622482681795,0.6548682434191784,0.9418649907649791,2.666494532053342,0.10347330766595668
300.0,4.076441503016846,7.684885857896112,31.32698765707493,298.15621328314955,0.6572665408203359,0.941835198250679,2.676268301428399,0.10220029808790251
301.0,4.080658912992246,3.939196255550783,16.074516310238984,298.1561932937872,0.6587464049368736,0.9418168148455046,2.6823043261359203,0.10022319775111566
302.0,4.085035494622248,0.1788625457990251,0.730659848247515,298.1561820849557,0.6592143585835024,0.9418110017567266,2.684214678928048,0.09819851903815129
303.0,4.0857310283816535,-4.407552881696697e-16,-1.8008075567981167e-15,298.1561801395108,0.6592391995246157,0.9418106931736072,2.6843161594357934,0.0979677793308282
304.0,4.0862194011439765,-6.337110017313673e-40,-2.5894821899930973e-39,298.1561788934128,0.6592391995246157,0.9418106931736072,2.6843161594357934,0.09781759780198424
305.0,4.0866865908892365,-5.505847199511139e-48,-2.2500671921727225e-47,298.156177647567,0.6592391995246157,0.9418106931736072,2.6843161594357934,0.09766610981852325
306.0,4.087135127375602,4.210042798845898e-56,1.7207013810917767e-55,298.15617640197246,0.6592391995246157,0.9418106931736072,2.6843161594357934,0.09751571970793713
307.0,4.085249360786398,2.168594815286717,8.859250582954758,298.15616421518047,0.6596165808693485,0.9418060052065919,2.685858011223646,0.09848172030214847
308.0,4.082387283834593,5.168006227524989,21.097802906026,298.15613878400444,0.6606354908626063,0.9417933479395949,2.6900187225137806,0.09989345671220475
309.0,4.084830668481524,3.0408155710055285,12.421216701639539,298.1561106185579,0.6617755580634045,0.9417791856141191,2.6946741292031677,0.09871125157539642
310.0,4.086297315107435,1.9221783137725459,7.854592082726492,298.15609056729704,0.6624254426431572,0.9417711125137496,2.697329345864261,0.09803535239215713
311.0,4.0886612456704245,0.0,0.0,298.1560832642056,0.6626135651336132,0.9417687755884023,2.6980982152613424,0.09693495153355619
312.0,4.089044932286175,-1.8763055032597988e-47,-7.672297509525142e-47,298.15608203764043,0.6626135651336132,0.9417687755884023,2.6980982152613424,0.09680478317596755
313.0,4.089413708484505,-9.072286923340368e-50,-3.710033451161282e-49,298.156080811324,0.6626135651336132,0.9417687755884023,2.6980982152613424,0.09667233678368264
314.0,4.0897693604866525,4.5335918549818774e-51,1.854134506145673e-50,298.1560795852548,0.6626135651336132,0.9417687755884023,2.6980982152613424,0.09654140074299393
315.0,4.0901129067430375,-4.090601166798157e-52,-1.673102062865927e-51,298.1560783594331,0.6626135651336132,0.9417687755884023,2.6980982152613424,0.09641279980281967
316.0,4.090445107617089,4.828685533261573e-53,1.9751473115751218e-52,298.1560771338586,0.6626135651336132,0.9417687755884023,2.6980982152613424,0.09628683927044518
317.0,4.0907665807125575,-6.51804758998881e-54,-2.666381125262025e-53,298.1560759085315,0.6626135651336132,0.9417687755884023,2.6980982152613424,0.09616365043942465
318.0,4.091077855621046,7.175363981208072e-63,2.9354972689541214e-62,298.15607468345144,0.6626135651336132,0.9417687755884023,2.6980982152613424,0.09604328953214294
319.0,4.091379392441958,-5.081112232155101e-72,-2.0788757877324137e-71,298.15607345861844,0.6626135651336132,0.9417687755884023,2.6980982152613424,0.0959257782910957
320.0,4.0916716068185455,2.1620059068886844e-81,8.84621818299041e-81,298.15607223403254,0.6626135651336132,0.9417687755884023,2.6980982152613424,0.09581111671753689
321.0,4.091954877693379,-5.046289962971097e-91,-2.064919082823472e-90,298.15607100969373,0.6626135651336132,0.9417687755884023,2.6980982152613424,0.0956992922177578
322.0,4.088926962646312,3.104778735176865,12.695213483315598,298.1560507320106,0.6631101542646368,0.9417626067793212,2.7001291573293793,0.09718942441547734
323.0,4.092364222825918,-2.892052916592114e-13,-1.1835333886380915e-12,298.1560359009913,0.6634565039715219,0.9417583042984904,2.7015457885371665,0.09551340396867171
324.0,4.092109307842353,0.49102172268542343,2.009314561753808,298.15603167793046,0.6635247003444963,0.9417574571385776,2.701824860076296,0.09566811426171477
325.0,4.089763903053042,2.925487922844046,11.964554905665201,298.1560115342423,0.6639991809884114,0.941751562969088,2.703765700589106,0.09682564949918568
326.0,4.09185137456622,1.0713875172053007,4.383958484969599,298.1559880552027,0.664554269973716,0.9417446674537426,2.7060363205700284,0.09580123097124854
327.0,4.092076284133193,1.049009418614963,4.292626563746639,298.15597405456776,0.6648479896931517,0.9417410187615757,2.7072382193114506,0.09571015484762835
328.0,4.09338943804276,0.0,0.0,298.15596796831204,0.6649568022811017,0.9417396670524086,2.707683539632985,0.0950889228529484
329.0,4.093625125663365,1.5849089427930798e-45,6.488023070106313e-45,298.15596676499393,0.6649568022811017,0.9417396670524086,2.707683539632985,0.09500036359343263
330.0,4.0938525693925065,-1.6942300732964807e-52,-6.935928138706853e-52,298.15596556192196,0.6649568022811017,0.9417396670524086,2.707683539632985,0.09491176046758831
331.0,4.093073328828358,0.9371843264917173,3.8359641709592163,298.15595668613173,0.6651221496958674,0.9417376130472562,2.7083603450804175,0.09530922666033884
332.0,4.094239332306258,-7.033517624007932e-09,-2.8796904500682534e-08,298.15594940435454,0.6652523035674581,0.9417359962289756,2.708893112896857,0.09475066307005534
333.0,4.093972648840984,0.4461802158757163,1.8266496002491486,298.155944433428,0.665330452800217,0.9417350254310531,2.7092130580011635,0.09490082498766747
334.0,4.094631053952641,0.0,0.0,298.1559411589238,0.6653731845024905,0.9417344946024535,2.7093880088213305,0.0945951617054651
335.0,4.094828672085688,-1.8555364689756077e-36,-7.598103935261954e-36,298.15593996101126,0.6653731845024905,0.9417344946024535,2.7093880088213305,0.09451799403463584
336.0,4.0942344236377615,0.7361502880345101,3.0139718502417447,298.15593220059236,0.6655074317589591,0.9417328269346713,2.7099376612601236,0.09482318999644898
337.0,4.092851563232258,2.186881912803824,8.95058305542348,298.1559120987182,0.665913393231798,0.9417277839350087,2.71159941464353,0.09550448122664443
338.0,4.090122053404937,4.8456129019480345,19.81914819252115,298.1558704730079,0.6668900686336263,0.9417156513213214,2.715595227805657,0.09682543324411275
339.0,4.083451934812082,11.116144705967121,45.392242607232525,298.1558047153279,0.6691066237494633,0.9416881164751619,2.7246524081309147,0.10003610991144736
340.0,4.076827776809285,17.093358772858068,69.68667984415444,298.15574911665954,0.6730242565717517,0.9416394502289223,2.7406356249359374,0.103155229788858
341.0,4.074491787072633,18.78433490764075,76.536618306804,298.155731199398,0.6780567740440524,0.9415769344839248,2.7611451297345027,0.10414081262031462
342.0,4.084782289410675,8.54115475763094,34.88875768508659,298.1556812532653,0.6816378534600378,0.9415324490253411,2.77575460835686,0.09901547887426526
343.0,4.088368587216355,5.048747395763863,20.641140257631356,298.1556237753239,0.6835252430683009,0.9415090031916981,2.783467123747297,0.09727612051241492
344.0,4.08900027280916,4.489563960940978,18.35782826108183,298.1555761020951,0.6848294537128113,0.9414928018172322,2.7887997262691333,0.09699317950495231
345.0,4.084099426397163,9.14642613836857,37.35491374529509,298.155517260406,0.6868549229749776,0.9414676407083853,2.797075344060995,0.09938479228502548
346.0,4.088610797915982,4.7580508945745,19.4538182645911,298.1554608331678,0.6886934011023013,0.9414448024707788,2.8045881568747277,0.09715402570435928
347.0,4.086426298141799,6.8615140280399745,28.039071369251413,298.1554073506842,0.6903071954159082,0.9414247553364483,2.8111843973407424,0.09823293130763208
348.0,4.085448347289631,7.735023288162812,31.60103810887157,298.1553477041949,0.6923344875885219,0.9413995715827512,2.819467761754319,0.09869046300756053
349.0,4.086640621583344,6.525918634104175,26.669084183277814,298.15528896306887,0.69431513278194,0.9413749672946342,2.8275607049365368,0.09808754517394495
350.0,4.08876564227297,4.489821462460484,18.357827735648208,298.15523750059475,0.6958450412364231,0.9413559622206655,2.8338143519732726,0.0970503464735899
351.0,4.090347517484501,3.059043202915059,12.512549770921447,298.15519901314127,0.6968276625059625,0.9413437557452675,2.837833011413884,0.09630078686360605
352.0,4.090484829528196,3.0366124838764996,12.421217298452756,298.15516432936636,0.6976742811946121,0.9413332387429241,2.8412960343766187,0.09626137573591842
353.0,4.090616286631049,3.014187577514038,12.329884795539913,298.15512963998935,0.698514611641161,0.9413227998553892,2.8447334497545858,0.09621765714133602
354.0,4.08995717020518,3.729262566470303,15.252524173312986,298.1550908857168,0.6994783199739327,0.9413108283233051,2.8486751950721048,0.0965538860440139
355.0,4.0885090508430455,5.160268071734463,21.09780271606274,298.15504454205984,0.7007129755879451,0.9412954909864851,2.8537239207600287,0.09726474977990152
356.0,4.089226958690618,4.4893151417334405,18.357828503634376,298.1549959340981,0.7020296071399628,0.9412791353150315,2.859107556634765,0.09690798510422019
357.0,4.091533365408042,2.3438425131406917,9.589909845776976,298.15495776029786,0.7029785776169922,0.9412673468619007,2.8629890343400706,0.09578943804006053
358.0,4.094152175984789,0.0,0.0,298.15494525644743,0.7032360114911125,0.9412641489255762,2.86404258112517,0.09454598254888533
359.0,4.094372923896261,7.020187181253168e-59,2.8743264315606584e-58,298.1549442593382,0.7032360114911125,0.9412641489255762,2.86404258112517,0.09448652631664645
360.0,4.09458287534903,7.4302782573238535e-56,3.042389011151648e-55,298.1549432624337,0.7032360114911125,0.9412641489255762,2.86404258112517,0.09442168994606118
361.0,4.094784226039449,3.3504379736344e-57,1.3719320564761716e-56,298.15494226573037,0.7032360114911125,0.9412641489255762,2.86404258112517,0.0943565752490152
362.0,4.094978005193855,-5.6256254927404734e-58,-2.3036812658230082e-57,298.1549412692283,0.7032360114911125,0.9412641489255762,2.86404258112517,0.09429215962050214
363.0,4.094879322267673,0.26764884918172777,1.095989738142996,298.1549379303577,0.7032825662896405,0.9412635706050976,2.864233218417621,0.09436726921588799
364.0,4.092816416549225,2.36542319780463,9.681242896061155,298.1549169979618,0.7037102784896944,0.9412582574100659,2.8659840046061267,0.09539162025583385
365.0,4.092321812424267,2.901341314786037,11.8732223477866,298.1548833590349,0.7044417716365428,0.9412491705386764,2.868977682304109,0.09563017963974707
366.0,4.090667516329239,4.510061231158832,18.449160974957287,298.154839291166,0.7054711314649498,0.9412363834600627,2.8731892150147496,0.09643233201063905
367.0,4.0876385016527435,7.351037945162845,30.04838573175791,298.15477902866485,0.7071184416986647,0.9412159199788985,2.8799250287334774,0.09788733593072443
368.0,4.0840675835791,10.57774308660871,43.200217647446564,298.1547074560791,0.7096998700052204,0.9411838525465189,2.890471158312165,0.09957468106875268
369.0,4.086872637417492,7.687631926521787,31.418372567039007,298.15463786933503,0.7121333234126731,0.9411536233116438,2.900413573978745,0.0981425153839259
370.0,4.090404711844358,4.242409353110427,17.353171207535468,298.1545814519352,0.7136901074384395,0.9411342843796466,2.9067789441726735,0.096403162491309
371.0,4.094919927421066,-1.154685256665386e-06,-4.728343667418397e-06,298.1545557371482,0.7142791745741153,0.9411269667754768,2.909189092132172,0.09422024138848725
372.0,4.0951212326380855,6.301450620002848e-60,2.580520423039409e-59,298.15455481860306,0.7142791745741153,0.9411269667754768,2.909189092132172,0.09417533130549285
373.0,4.095312197179851,1.3245062784818733e-62,5.4242667175081085e-62,298.15455390022146,0.7142791745741153,0.9411269667754768,2.909189092132172,0.0941220014249477
374.0,4.095493917773661,5.82108234379162e-65,2.3840207333858225e-64,298.1545529820254,0.7142791745741153,0.9411269667754768,2.909189092132172,0.09406609891320997
375.0,4.095667977432052,9.142182757925033e-66,3.7443345165465e-65,298.15455206401464,0.7142791745741153,0.9411269667754768,2.909189092132172,0.09401001841865171
376.0,4.0958353442619035,1.8417939948910142e-66,7.543684941123943e-66,298.15455114618925,0.7142791745741153,0.9411269667754768,2.909189092132172,0.09395456786739498
377.0,4.095996686288608,-9.471020413787588e-75,-3.879326823064572e-74,298.1545502285494,0.7142791745741153,0.9411269667754768,2.909189092132172,0.09390008508984828
378.0,4.0961525176827625,3.290897384379573e-83,1.3480017606462007e-82,298.1545493110949,0.7142791745741153,0.9411269667754768,2.909189092132172,0.09384672015246792
379.0,4.096303233150149,-6.430306401610771e-92,-2.63404849030643e-91,298.1545483938256,0.7142791745741153,0.9411269667754768,2.909189092132172,0.09379453826629103
380.0,4.096449153253435,6.445165146019915e-101,2.6402291304991826e-100,298.15454747674175,0.7142791745741153,0.9411269667754768,2.909189092132172,0.09374356344492163
381.0,4.096590546265261,-2.6119754384873658e-110,-1.0700193888384403e-109,298.15454655984314,0.7142791745741153,0.9411269667754768,2.909189092132172,0.09369379870314797
382.0,4.096727642279545,1.971251846402532e-120,8.075681929051844e-120,298.1545456431298,0.7142791745741153,0.9411269667754768,2.909189092132172,0.0936452363767881
383.0,4.096860646777083,-6.122303034103063e-126,-2.508222236806077e-125,298.15454472660144,0.7142791745741153,0.9411269667754768,2.909189092132172,0.0935978623346016
384.0,4.096989745914399,1.116750017870823e-131,4.575313371966483e-131,298.15454381025785,0.7142791745741153,0.9411269667754768,2.909189092132172,0.09355165906001912
385.0,4.097115099699238,-1.5856964895183348e-137,-6.496781030745644e-137,298.15454289409894,0.7142791745741153,0.9411269667754768,2.909189092132172,0.09350661065291485
386.0,4.097236854809724,1.69475664870091e-143,6.943819400991184e-143,298.15454197812477,0.7142791745741153,0.9411269667754768,2.909189092132172,0.09346270078146346
387.0,4.097355158820404,-1.2795747104765027e-143,-5.242872041067024e-143,298.1545410623346,0.7142791745741153,0.9411269667754768,2.909189092132172,0.093419909008565
388.0,4.097470120879063,5.991629088304553e-144,2.4550521164717766e-143,298.15454014672935,0.7142791745741153,0.9411269667754768,2.909189092132172,0.09337822432485712
389.0,4.097581860756899,-1.5271972005963803e-144,-6.257815546962442e-144,298.1545392313092,0.7142791745741153,0.9411269667754768,2.909189092132172,0.093337629661942
390.0,4.097690491272354,1.7665455153545855e-145,7.238756760668306e-145,298.15453831607385,0.7142791745741153,0.9411269667754768,2.909189092132172,0.093298107736526
391.0,4.097796119028091,-6.328940078901665e-147,-2.5934706092884584e-146,298.15453740102333,0.7142791745741153,0.9411269667754768,2.909189092132172,0.09325964102500084
392.0,4.097637555519236,0.24517959991198648,1.0046571364465364,298.15453404160394,0.7143224741445889,0.9411264288926138,2.9093665194077527,0.09334935696157975
393.0,4.096231541453248,1.6499564172318153,6.758603518288157,298.15451627487255,0.7146355910025848,0.9411225392422039,2.9106492286337975,0.09404332810107432
394.0,4.092972357365583,4.752980612750004,19.453818263080294,298.15447258144354,0.7155248032043234,0.9411114931278965,2.914289857523508,0.09562797581336671
395.0,4.088032565736079,9.316374910360627,38.08564402816079,298.1543969561965,0.7174786857741491,0.941087221294731,2.9222814721420787,0.0979986741192361
396.0,4.081868211623295,14.857110429938894,60.64476678054447,298.1543121667714,0.7208358268914329,0.9410455176783672,2.9359940700576144,0.10092005342708847
397.0,4.0757009160749496,20.190530720069425,82.29056455182636,298.1542604823316,0.7257033079878278,0.9409850520746853,2.9558462608376437,0.10378972166488873
398.0,4.074958337060304,20.194210037477312,82.29056455256504,298.15424378778164,0.7313123032989912,0.9409153751142982,2.9787047509909295,0.10397705511686853
399.0,4.0832626653095305,11.698215619367465,47.76688708930398,298.1541908318073,0.7356160470404095,0.9408619124591253,2.9962602541997256,0.09980188163672776
400.0,4.091923359737925,3.2364223705008577,13.24319229983085,298.1541289400116,0.7376897145130559,0.9408361526147446,3.0047338491771143,0.09556339624425315
401.0,4.0954425360135485,-1.1756093513895331e-05,-4.814640543415992e-05,298.1541125209361,0.7380281766738428,0.9408319481158528,3.006119231412804,0.0939136358018084
402.0,4.095644901620934,3.174319812894959e-45,1.3000886757797557e-44,298.15411169173075,0.7380281766738428,0.9408319481158528,3.006119231412804,0.09388698743797666
403.0,4.095831053109688,-1.3384246865692274e-48,-5.481961393498842e-48,298.15411086269603,0.7380281766738428,0.9408319481158528,3.006119231412804,0.09384630084863238
404.0,4.0960057449034935,2.7965446125067544e-51,1.145466279870658e-50,298.1541100338291,0.7380281766738428,0.9408319481158528,3.006119231412804,0.09380212354314202
405.0,4.096171267856988,1.4464044223371855e-52,5.924720236478863e-52,298.1541092051298,0.7380281766738428,0.9408319481158528,3.006119231412804,0.09375695891051262
406.0,4.096329102164496,-7.618247660890969e-61,-3.120684960080428e-60,298.15410837659795,0.7380281766738428,0.9408319481158528,3.006119231412804,0.09371181428482113
407.0,4.096480263711676,2.0479052809303873e-69,8.389203565282247e-69,298.1541075482335,0.7380281766738428,0.9408319481158528,3.006119231412804,0.0936671430068782
408.0,4.096625498172241,-2.1983620341522522e-78,-9.00586596332191e-78,298.15410672003657,0.7380281766738428,0.9408319481158528,3.006119231412804,0.09362315948685604
409.0,4.096385050286654,0.3567339668871305,1.4613196888858955,298.15410252212035,0.7380909361728525,0.9408311684947471,3.00637632164129,0.09376472232866692
410.0,4.095016626326504,1.7619625224936237,7.215265824575575,298.15408658244206,0.73838518839354,0.9408275131876579,3.0075814239297674,0.09445147811025745
411.0,4.0946671028164054,2.141301773508268,8.76791792918673,298.15405815418046,0.7389406015112594,0.9408206136458228,3.009855725211435,0.09462405303105938
412.0,4.094276975921759,2.543037987750292,10.411901882140421,298.15402492286,0.7396049047412964,0.9408123614317851,3.012575660940291,0.09481526289699582
413.0,4.093845458862638,2.9671906213033568,12.147219850602555,298.1539868318685,0.7403851202341443,0.9408026693138615,3.0157698642728423,0.09502398618292787
414.0,4.091302369485292,5.357657107580151,21.919795219132386,298.15393225618476,0.7416297064625601,0.9407872086153719,3.020862839158466,0.09625621444951793
415.0,4.088619499333259,7.7960386251175,31.87503554021066,298.1538625553332,0.7434565656854085,0.9407645147119824,3.028334367656457,0.09753365378987691
416.0,4.088535504104864,7.68450539706547,31.41837314738762,298.1537870693056,0.7456066414370371,0.9407378056964343,3.037125116946613,0.0975225727464051
417.0,4.092292574674127,3.972633906467794,16.257180237336826,298.15372562746325,0.7471488000087924,0.9407186484470957,3.0434332710418768,0.0956562824235657
418.0,4.095813803032714,0.6466704926774735,2.6486419299223614,298.15369890458715,0.7476959821478671,0.9407118511534426,3.045673343774746,0.09395261561464696
419.0,4.096625918679491,-2.363457281447101e-11,-9.682200356867963e-11,298.1536934240809,0.7477857929809985,0.9407107354909192,3.0460412104641486,0.09359718602117575
420.0,4.096773080055941,1.0920966442449586e-47,4.474072132962177e-47,298.1536926793778,0.7477857929809985,0.9407107354909192,3.0460412104641486,0.09356091043321794
421.0,4.0968642082347815,0.04458653571945279,0.18266498235820777,298.15369150288313,0.7477936960887568,0.9407106373156676,3.0460735882961676,0.09354439381526429
422.0,4.094335417152033,2.5430005151754087,10.411897075118542,298.1536684489552,0.7482408413555026,0.9407050827160807,3.0479045948428896,0.09479839022254506
423.0,4.09162129557921,5.1116987629696595,20.915135515152564,298.1536174019789,0.7493775288623858,0.9406909623743802,3.052556539216342,0.09611272719458946
424.0,4.086058878443852,10.259668204427907,41.921608356590745,298.15354105699316,0.751634208535011,0.9406629290865216,3.061782023463826,0.09878809663041326
425.0,4.07612230393343,19.359395254831007,78.91126278887968,298.15347894372894,0.7557471884611545,0.9406118361681843,3.07856442969095,0.10354236099217229
426.0,4.063387978310511,30.770914787497855,125.03416522913592,298.15356326756074,0.7627084788550326,0.9405253605111176,3.106890266589022,0.10955050669448069
427.0,4.059397741855176,33.45604607260647,135.81139787854144,298.15383557468294,0.7716288113034709,0.9404145489279071,3.1431188462826163,0.1111983900245554
428.0,4.073123062111204,19.306380914472346,78.63726534864091,298.1539733617903,0.7788401377329237,0.9403249672331313,3.172440019454092,0.10429370275984563
429.0,4.086725033500359,5.94470634796221,24.29438024902566,298.15393805310526,0.7823457934868407,0.9402814187144491,3.1867360458609735,0.09764452342365171
430.0,4.093090826270321,-2.599259317608016e-07,-1.0639004467999024e-06,298.1539112534847,0.7830549114550376,0.9402726097955896,3.1896356993494726,0.09464295903303296
431.0,4.093374775727771,-2.042056685972325e-79,-8.35890332896536e-79,298.1539104648815,0.7830549114550376,0.9402726097955896,3.1896356993494726,0.09461307170496588
432.0,4.093637693288262,-4.767564111086988e-90,-1.9516680150314037e-89,298.1539096764183,0.7830549114550376,0.9402726097955896,3.1896356993494726,0.09456406692184402
433.0,4.0907944059037495,2.9024246209042355,11.873222402752358,298.1538886422334,0.7835318607023408,0.9402666849602194,3.1915871550181505,0.09600408396825368
434.0,4.093478767305966,0.468545750619921,1.9179820816740825,298.1538679498273,0.7840000029638822,0.9402608695283989,3.1935025932897267,0.09471862126299996
435.0,4.094181678663139,1.3964523981613297e-16,5.717329823677319e-16,298.15386407712515,0.7840650758966775,0.9402600611689853,3.193768979440648,0.0944279500941872
436.0,4.094397850612145,-5.444813499491487e-38,-2.2293232689301935e-37,298.1538632980135,0.7840650758966775,0.9402600611689853,3.193768979440648,0.09437010832859694
437.0,4.094603872619739,-6.015444256317515e-39,-2.463086134744586e-38,298.15386251906165,0.7840650758966775,0.9402600611689853,3.193768979440648,0.0943109435278513
438.0,4.094801303066411,-2.845590949453586e-40,-1.165212952781653e-39,298.15386174026713,0.7840650758966775,0.9402600611689853,3.193768979440648,0.09425206827083882
439.0,4.094991041122121,4.742124887225631e-41,1.9418958929071208e-40,298.15386096162985,0.7840650758966775,0.9402600611689853,3.193768979440648,0.09419389348646193
440.0,4.095173777217505,-1.6643254083827254e-42,-6.815701769165753e-42,298.1538601831498,0.7840650758966775,0.9402600611689853,3.193768979440648,0.0941365856381979
441.0,4.095350047194421,-1.0671265739126775e-43,-4.3702568648357044e-43,298.1538594048268,0.7840650758966775,0.9402600611689853,3.193768979440648,0.09408021924372191
442.0,4.095520289065346,-1.4584458398581275e-44,-5.97309452764191e-44,298.15385862666085,0.7840650758966775,0.9402600611689853,3.193768979440648,0.09402483085374536
443.0,4.095684870211141,-2.7121014021224452e-45,-1.110791267915132e-44,298.153857848652,0.7840650758966775,0.9402600611689853,3.193768979440648,0.09397044030262768
444.0,4.095844098385104,1.3982160817868124e-53,5.72687508685366e-53,298.1538570708005,0.7840650758966775,0.9402600611689853,3.193768979440648,0.09391706141497483
445.0,4.095998254916289,-5.360854914733692e-62,-2.1958052375608615e-61,298.15385629310595,0.7840650758966775,0.9402600611689853,3.193768979440648,0.09386470286590406
446.0,4.096147583437203,1.265917846896251e-70,5.1853863293941054e-70,298.1538555155686,0.7840650758966775,0.9402600611689853,3.193768979440648,0.09381337300838703
447.0,4.096292302563887,-1.7109745773423212e-79,-7.008651991049851e-79,298.1538547381883,0.7840650758966775,0.9402600611689853,3.193768979440648,0.09376307951232901
448.0,4.096432610728261,1.1284191083694136e-88,4.6224928340933734e-88,298.15385396096497,0.7840650758966775,0.9402600611689853,3.193768979440648,0.09371382930991111
449.0,4.096568689767421,-2.5028759605701675e-98,-1.0253203294443307e-97,298.15385318389866,0.7840650758966775,0.9402600611689853,3.193768979440648,0.09366562833033135
450.0,4.0967007076603,2.5932544991351236e-109,1.062378754175012e-108,298.15385240698936,0.7840650758966775,0.9402600611689853,3.193768979440648,0.09361848118734611
451.0,4.096828829291708,-9.766518348601613e-115,-4.001175393235753e-114,298.1538516302367,0.7840650758966775,0.9402600611689853,3.193768979440648,0.09357238844539892
452.0,4.096953201926327,1.4917995921483646e-120,6.1118331156846316e-120,298.1538508536407,0.7840650758966775,0.9402600611689853,3.193768979440648,0.09352735073764823
453.0,4.097073961166815,-1.8359619007948984e-126,-7.522071697441111e-126,298.15385007720107,0.7840650758966775,0.9402600611689853,3.193768979440648,0.09348336762915697
454.0,4.097191235291826,1.6998749064087345e-132,6.96471256763038e-132,298.15384930091807,0.7840650758966775,0.9402600611689853,3.193768979440648,0.09344043668662569
455.0,4.0973051555362865,-1.0435166417968671e-132,-4.2756061163222157e-132,298.1538485247912,0.7840650758966775,0.9402600611689853,3.193768979440648,0.0933985504327482
456.0,4.097415823535828,3.810833327596378e-133,1.5614568777351092e-132,298.1538477488211,0.7840650758966775,0.9402600611689853,3.193768979440648,0.09335770696398733
457.0,4.097523350665087,-7.084300115669481e-134,-2.9028085147075078e-133,298.1538469730076,0.7840650758966775,0.9402600611689853,3.193768979440648,0.09331789791551104
458.0,4.097627843164053,5.2562750923444334e-135,2.1538259169720256e-134,298.1538461973509,0.7840650758966775,0.9402600611689853,3.193768979440648,0.09327911325051558
459.0,4.0977294024373325,-8.517787471856491e-137,-3.49035881671387e-136,298.15384542185086,0.7840650758966775,0.9402600611689853,3.193768979440648,0.09324134144344184
460.0,4.097828125241172,9.963350500073538e-139,4.0828097900837036e-138,298.1538446465075,0.7840650758966775,0.9402600611689853,3.193768979440648,0.0932045696942739
461.0,4.097924100239666,-2.8175774488793894e-139,-1.1546218532054646e-138,298.15384387132104,0.7840650758966775,0.9402600611689853,3.193768979440648,0.09316878545232149
462.0,4.098017417356342,1.3660260963610221e-139,5.5979987354507614e-139,298.1538430962913,0.7840650758966775,0.9402600611689853,3.193768979440648,0.09313397332951506
463.0,4.098108162945639,-8.55063759616233e-140,-3.504143773122273e-139,298.15384232141844,0.7840650758966775,0.9402600611689853,3.193768979440648,0.09310011699080276
464.0,4.098196419909421,6.122073572062187e-140,2.5089459995447332e-139,298.1538415467024,0.7840650758966775,0.9402600611689853,3.193768979440648,0.09306719933344981
465.0,4.098282277434173,-1.1461577442692318e-147,-4.6972779704825215e-147,298.1538407721424,0.7840650758966775,0.9402600611689853,3.193768979440648,0.09303519896121451
466.0,4.098365801814831,1.2087619493450876e-155,4.953948635730938e-155,298.15383999773917,0.7840650758966775,0.9402600611689853,3.193768979440648,0.09300410149214777
467.0,4.098447065952568,-7.883350022831813e-164,-3.230949277095215e-163,298.15383922349264,0.7840650758966775,0.9402600611689853,3.193768979440648,0.09297388859262423
468.0,4.098526140371089,1.0011692825435803e-172,4.103318475441432e-172,298.1538384494029,0.7840650758966775,0.9402600611689853,3.193768979440648,0.09294454148602845
469.0,4.09860309309482,-1.7082844277144733e-180,-7.001579839316254e-180,298.15383767547,0.7840650758966775,0.9402600611689853,3.193768979440648,0.09291604114029459
470.0,4.098677989765038,-1.999845814048389e-188,-8.196724020963878e-188,298.1538369016939,0.7840650758966775,0.9402600611689853,3.193768979440648,0.0928883683518005
471.0,4.098750893746637,-2.207432640485564e-196,-9.047716508075705e-196,298.1538361280747,0.7840650758966775,0.9402600611689853,3.193768979440648,0.09286150382101575
472.0,4.098821867243645,-4.9220398048562186e-194,-2.017456438358831e-193,298.1538353546124,0.7840650758966775,0.9402600611689853,3.193768979440648,0.09283542780609015
473.0,4.09889097486694,1.3735965592097584e-194,5.630222539653161e-194,298.15383458130646,0.7840650758966775,0.9402600611689853,3.193768979440648,0.09281011874891018
474.0,4.098958273784994,-2.360550716187181e-195,-9.67579888880454e-195,298.1538338081569,0.7840650758966775,0.9402600611689853,3.193768979440648,0.09278555737666147
475.0,4.099023819093132,1.9056385793752244e-196,7.811257927441842e-196,298.1538330351637,0.7840650758966775,0.9402600611689853,3.193768979440648,0.09276172462090043
476.0,4.099087664027289,-8.195431481053659e-199,-3.359379208536795e-198,298.15383226232683,0.7840650758966775,0.9402600611689853,3.193768979440648,0.09273860160163674
477.0,4.099149860035828,-4.8143492011732974e-200,-1.9734738854153123e-199,298.1538314896464,0.7840650758966775,0.9402600611689853,3.193768979440648,0.09271616966214405
478.0,4.099210456847581,-5.277857814156035e-201,-2.1635049941543138e-200,298.1538307171223,0.7840650758966775,0.9402600611689853,3.193768979440648,0.09269441039888368
479.0,4.099269502535991,-7.889688621406876e-202,-3.2341959950238435e-201,298.1538299447545,0.7840650758966775,0.9402600611689853,3.193768979440648,0.09267330568718801
480.0,4.0993270435795655,-1.415252805829287e-202,-5.8015841004378555e-202,298.15382917254317,0.7840650758966775,0.9402600611689853,3.193768979440648,0.09265283770312667
481.0,4.0993831249191235,-2.8346747659542995e-203,-1.162041790018712e-202,298.15382840048835,0.7840650758966775,0.9402600611689853,3.193768979440648,0.09263298894195274
482.0,4.099437790011779,-6.042091462978159e-204,-2.4769178074040217e-203,298.15382762858997,0.7840650758966775,0.9402600611689853,3.193768979440648,0.09261374223349925
483.0,4.099491067126653,5.212327003145369e-212,2.1367887988337476e-211,298.1538268568497,0.7840650758966775,0.9402600611689853,3.193768979440648,0.0925950865432455
484.0,4.09954300949582,-3.489395375559734e-220,-1.4304926419242948e-219,298.15382608526613,0.7840650758966775,0.9402600611689853,3.193768979440648,0.09257700011520598
485.0,4.09959365716696,1.7913677425696756e-228,7.343879835092137e-228,298.15382531383943,0.7840650758966775,0.9402600611689853,3.193768979440648,0.09255946653141808
486.0,4.09964304850528,-7.019214311102468e-237,-2.877627315648001e-236,298.15382454256957,0.7840650758966775,0.9402600611689853,3.193768979440648,0.09254246990863366
487.0,4.099691220651028,3.901565135094548e-245,1.599521233114526e-244,298.15382377145653,0.7840650758966775,0.9402600611689853,3.193768979440648,0.0925259947280056
488.0,4.099738209563187,-2.757741932560811e-252,-1.1306019973034182e-251,298.1538230005003,0.7840650758966775,0.9402600611689853,3.193768979440648,0.09251002583653034
489.0,4.099784050059874,4.197414420991908e-259,1.7208492694673928e-258,298.15382222970106,0.7840650758966775,0.9402600611689853,3.193768979440648,0.09249454844774503
490.0,4.099828775856974,-7.483913879880104e-266,-3.0682765480767864e-265,298.15382145905886,0.7840650758966775,0.9402600611689853,3.193768979440648,0.09247954814124126
491.0,4.099872419605141,1.5678589904634114e-272,6.4280218328309e-272,298.15382068857366,0.7840650758966775,0.9402600611689853,3.193768979440648,0.0924650108611473
492.0,4.099915012925205,-3.88227962236435e-279,-1.5917016508105196e-278,298.1538199182457,0.7840650758966775,0.9402600611689853,3.193768979440648,0.09245092291371906
493.0,4.09995658644206,1.0468248532116113e-285,4.291936451776188e-285,298.1538191480748,0.7840650758966775,0.9402600611689853,3.193768979440648,0.09243727096416776
494.0,4.09999717145646,1.6536421394429476e-286,6.779928094317294e-286,298.1538183780609,0.7840650758966775,0.9402600611689853,3.193768979440648,0.0924240413451915
495.0,4.100036807653396,-1.7157007956111771e-289,-7.034436412926042e-289,298.15381760820236,0.7840650758966775,0.9402600611689853,3.193768979440648,0.09241121684275086
496.0,4.100075522384834,6.496567793757843e-292,2.663641859070018e-291,298.153816838499,0.7840650758966775,0.9402600611689853,3.193768979440648,0.09239878539778815
497.0,4.100113342079172,-5.230621828116253e-294,-2.1446142344830002e-293,298.1538160689509,0.7840650758966775,0.9402600611689853,3.193768979440648,0.0923867353151491
498.0,4.100150292272602,7.123934933717442e-296,2.920920390061257e-295,298.153815299558,0.7840650758966775,0.9402600611689853,3.193768979440648,0.09237505525557523
499.0,4.100186397640144,-1.4440904189839963e-297,-5.9210398928806375e-297,298.1538145303204,0.7840650758966775,0.9402600611689853,3.193768979440648,0.09236373422721693
500.0,4.100221682026129,4.0109140976411285e-299,1.6445636947892422e-298,298.1538137612382,0.7840650758966775,0.9402600611689853,3.193768979440648,0.09235276157672058
501.0,4.100256168474509,-1.4394935613541572e-300,-5.9022923544217224e-300,298.15381299231143,0.7840650758966775,0.9402600611689853,3.193768979440648,0.09234212697991108
502.0,4.10028987185488,1.98738864797638e-308,8.148869544736914e-308,298.15381222354176,0.7840650758966775,0.9402600611689853,3.193768979440648,0.09233182347886695
503.0,4.100322820247529,-2.16954235e-316,-8.895824e-316,298.1538114549281,0.7840650758966775,0.9402600611689853,3.193768979440648,0.09232183866753967
504.0,4.100355034781012,0.0,0.0,298.1538106864704,0.7840650758966775,0.9402600611689853,3.193768979440648,0.09231216302081507
505.0,4.100386535849241,0.0,0.0,298.1538099181689,0.7840650758966775,0.9402600611689853,3.193768979440648,0.09230278732546307
506.0,4.100417343222315,0.0,0.0,298.15380915002373,0.7840650758966775,0.9402600611689853,3.193768979440648,0.09229370263594862
507.0,4.100447476065963,0.0,0.0,298.1538083820351,0.7840650758966775,0.9402600611689853,3.193768979440648,0.09228490026782368
508.0,4.100476952960335,0.0,0.0,298.1538076142031,0.7840650758966775,0.9402600611689853,3.193768979440648,0.09227637179113948
509.0,4.100505791918307,0.0,0.0,298.153806846528,0.7840650758966775,0.9402600611689853,3.193768979440648,0.09226810902389276
510.0,4.100534010403015,0.0,0.0,298.15380607901005,0.7840650758966775,0.9402600611689853,3.193768979440648,0.09226010402551874
511.0,4.100561625345074,0.0,0.0,298.1538053116493,0.7840650758966775,0.9402600611689853,3.193768979440648,0.09225234909044012
512.0,4.100256760317806,0.3118474709128774,1.2786547007985358,298.1538011514515,0.7841197028106994,0.9402593825737801,3.193992967177297,0.09240687622478631
513.0,4.097566833270162,2.853048627310761,11.690557428975536,298.1537710463428,0.7846326488696141,0.9402530105730482,3.19609516467101,0.09372275740168462
514.0,4.090488318422843,9.444745507927687,38.63362117065483,298.15369414570404,0.7863403001915906,0.9402317975131479,3.203084658473714,0.09715953526880519
515.0,4.082763045726352,16.352651415887728,66.76400090043113,298.15359376556376,0.7901195832129527,0.9401848498979757,3.218524754487702,0.10082780629098284
516.0,4.080537175479902,17.816442053929485,72.70065413584277,298.15351392753774,0.7949268518290434,0.9401251322754156,3.238144627813215,0.10175226338773313
517.0,4.088435827313969,9.717552552685962,39.7295900102076,298.153423516905,0.798557658955173,0.9400800290813022,3.2529752609791642,0.09775597274200612
518.0,4.095731168834025,2.564434720887035,10.503235216777211,298.1533595864557,0.8000570051202022,0.940061403663103,3.2591104086039184,0.0941700817839235
519.0,4.0984551295222404,-8.020356048396571e-08,-3.287106938714565e-07,298.1533399838253,0.8004131162035136,0.9400569799229377,3.2605691901507563,0.09288276276540226
520.0,4.098565264309922,-4.6615145348465654e-68,-1.9105521551597956e-67,298.1533393104072,0.8004131162035136,0.9400569799229377,3.2605691901507563,0.09287747266029289
521.0,4.098666426301158,8.129335369322005e-69,3.3319433946382626e-68,298.1533386371086,0.8004131162035136,0.9400569799229377,3.2605691901507563,0.09286366487613161
522.0,4.09876002689793,-4.0478754060479e-71,-1.6591269908172358e-70,298.15333796394674,0.8004131162035136,0.9400569799229377,3.2605691901507563,0.09284617379355149
523.0,4.098847842403966,3.1682981239191054e-72,1.2986371929318358e-71,298.1533372909213,0.8004131162035136,0.9400569799229377,3.2605691901507563,0.09282734282534102
524.0,4.098930965142193,-5.146732785355819e-80,-2.1096102383207495e-79,298.15333661803254,0.8004131162035136,0.9400569799229377,3.2605691901507563,0.09280805778455392
525.0,4.099010146567672,1.9533967940981543e-88,8.006993279281095e-88,298.15333594528056,0.8004131162035136,0.9400569799229377,3.2605691901507563,0.09278871170562392
526.0,4.099085919810044,-1.7714081318493315e-97,-7.261154131500609e-97,298.1533352726651,0.8004131162035136,0.9400569799229377,3.2605691901507563,0.09276949131673817
527.0,4.099158680435611,7.97252653670069e-107,3.268065135791989e-106,298.15333460018644,0.8004131162035136,0.9400569799229377,3.2605691901507563,0.09275048782602918
528.0,4.099228731444578,1.6456302078978741e-105,6.745814629548079e-105,298.1533339278443,0.8004131162035136,0.9400569799229377,3.2605691901507563,0.0927317453842196
529.0,4.099296317808008,4.4905508979355655e-107,1.8408098760836708e-106,298.1533332556383,0.8004131162035136,0.9400569799229377,3.2605691901507563,0.09271328383675168
530.0,4.099361624937783,-6.412431201224775e-108,-2.6286874388854534e-107,298.1533325835689,0.8004131162035136,0.9400569799229377,3.2605691901507563,0.09269511337498611
531.0,4.099424819283458,2.7356222051407396e-109,1.1214477563936891e-108,298.1533319116355,0.8004131162035136,0.9400569799229377,3.2605691901507563,0.09267723746036467
532.0,4.099486032225743,9.721975723556427e-111,3.985510368435733e-110,298.15333123983817,0.8004131162035136,0.9400569799229377,3.2605691901507563,0.09265965894129932
533.0,4.099474119530006,0.06683721758691867,0.27399744371896884,298.15332985597286,0.8004249345463025,0.940056833111226,3.260617639171015,0.09267710916823609
534.0,4.098816998270843,0.7353263200180497,3.0139680197659278,298.153321270571,0.8005589604490063,0.94005516819318,3.2611670084108324,0.09300797227383921
535.0,4.097558258023892,1.9391855487996172,7.945925759324465,298.15329704153294,0.8009761352564907,0.9400499858974348,3.2628765544943428,0.09362411221996472
536.0,4.094834181809944,4.483167739778955,18.357828503634494,298.15325027996124,0.8018680755275341,0.9400389058940678,3.266529873615786,0.0949457535462748
537.0,4.087895873058505,10.902980817162797,44.570250286515844,298.15316622577615,0.8040046591021281,0.9400123644832034,3.275269926530388,0.09829933981846804
538.0,4.077069586923156,20.743789778950266,84.57387442528555,298.15308890313247,0.8083991026362415,0.9399577751225311,3.2932066608644277,0.10347554206042857
539.0,4.073890479214464,22.957038260799116,93.5244596016317,298.15307852359103,0.8145484464185874,0.9398813857587752,3.318265476513027,0.1048173189384022
540.0,4.085599510227067,11.087867617890673,45.30058650911669,298.15301874130813,0.8190286149999932,0.9398257314906833,3.336543652637621,0.09893079464232094
541.0,4.093808578525009,3.0341470687227314,12.42121729844363,298.1529507725074,0.8209894528009954,0.9398013732571304,3.3445606006151185,0.09490738638240934
542.0,4.095193100518985,1.761886595745325,7.215265830793137,298.15291783837097,0.8216555535377529,0.9397930987138167,3.3472878893827076,0.09428951956426487
543.0,4.097149120271885,-6.982261990806649e-17,-2.860736857314128e-16,298.1529076975961,0.8218388759366592,0.9397908214169358,3.3480387575099977,0.09337955518077357
544.0,4.097296926675089,-1.037261863057311e-46,-4.249969843661997e-46,298.15290711131865,0.8218388759366592,0.9397908214169358,3.3480387575099977,0.0933581677169543
545.0,4.0974333348009075,-1.8424452783552109e-56,-7.549296701079178e-56,298.1529065251634,0.8218388759366592,0.9397908214169358,3.3480387575099977,0.0933296029330765
546.0,4.097561507348818,1.4237932926670905e-68,5.8340805904541e-68,298.1529059391268,0.8218388759366592,0.9397908214169358,3.3480387575099977,0.09329914815174864
547.0,4.097682985480329,1.2657569027024302e-76,5.186670523958029e-76,298.1529053532082,0.8218388759366592,0.9397908214169358,3.3480387575099977,0.09326809865780944
548.0,4.097798794031261,8.884674668189252e-72,3.640760914066601e-71,298.1529047674071,0.8218388759366592,0.9397908214169358,3.3480387575099977,0.09323701697626213
549.0,4.097909600936401,-4.0160494317358225e-72,-1.6457407524145404e-71,298.1529041817248,0.8218388759366592,0.9397908214169358,3.3480387575099977,0.09320617642492755
550.0,4.09801597473615,7.860533688808967e-73,3.2212592626690823e-72,298.15290359616085,0.8218388759366592,0.9397908214169358,3.3480387575099977,0.09317571261870139
551.0,4.098118337475924,-4.80391209705473e-74,-1.9687000256562412e-73,298.1529030107152,0.8218388759366592,0.9397908214169358,3.3480387575099977,0.09314569163383274
552.0,4.098217023163889,3.025500443369543e-76,1.2399157420606954e-75,298.15290242538777,0.8218388759366592,0.9397908214169358,3.3480387575099977,0.09311614547194672
553.0,4.098312302682212,-1.3295571421055786e-78,-5.448940392610294e-78,298.1529018401787,0.8218388759366592,0.9397908214169358,3.3480387575099977,0.09308708950553649
554.0,4.097715813316014,0.6463700371176786,2.64864072235077,298.15289491261115,0.8219509345334874,0.9397894293846771,3.348497956306934,0.09339390438262266
555.0,4.09706394980884,1.3152385216164009,5.388616332314431,298.15287792952375,0.822248105574352,0.9397857378189521,3.3497155443034745,0.09371937540374106
556.0,4.096385228647416,1.984332673454233,8.128591052260358,298.1528526910133,0.8227063774314582,0.9397800450008514,3.351592943639998,0.09405195978976227
557.0,4.095269072284596,3.033065002374419,12.421217298452763,298.15281449285646,0.8234400968561613,0.9397709304738364,3.354597997821719,0.09459087610796674
558.0,4.094326010407073,3.8814328224404835,15.89185136256581,298.1527666983073,0.8244004403513765,0.9397590007409766,3.358530384093602,0.09503651281391719
559.0,4.088871946672867,8.934735006987626,36.53298732102771,298.15269046265365,0.8263253603041942,0.9397350886918733,3.3664045983851736,0.09767270355274225
560.0,4.093967340413434,3.8594638608490808,15.800518997822074,298.1526207486513,0.8280107786042614,0.9397141518185805,3.373300268551061,0.09511307382633909
561.0,4.096096848985043,1.8060911507094497,7.397924271400748,298.1525843887043,0.8287259544444341,0.939705267646653,3.3762289979722997,0.09407635422872118
562.0,4.0961291614714055,1.806078520094992,7.3979308940682165,298.15255752275004,0.8292276442390513,0.9396990354752912,3.3782839787762082,0.0940774532568456
563.0,4.098080050177253,-1.2950110345861209e-06,-5.307058885596787e-06,298.15254618632866,0.8294271353288162,0.9396965573251078,3.37910126142393,0.09313714420333255
564.0,4.098185504516822,-1.1031635890639631e-52,-4.520969029812686e-52,298.1525456729557,0.8294271353288162,0.9396965573251078,3.37910126142393,0.0931135200178877
565.0,4.098285645388833,3.6439120271410885e-55,1.4933792353892046e-54,298.1525451596771,0.8294271353288162,0.9396965573251078,3.37910126142393,0.09308652820404942
566.0,4.098381073911675,-3.494455773479207e-57,-1.4321611405648566e-56,298.1525446465024,0.8294271353288162,0.9396965573251078,3.37910126142393,0.09305855790543524
567.0,4.0984725286475285,1.4556813051468729e-58,5.9660698396102386e-58,298.1525441334313,0.8294271353288162,0.9396965573251078,3.37910126142393,0.09303055938395022
568.0,4.098560457265528,-9.88861200663026e-59,-4.05290741476159e-58,298.15254362046494,0.8294271353288162,0.9396965573251078,3.37910126142393,0.09300287304778809
569.0,4.098645247258959,2.703401063041873e-66,1.108028191847139e-65,298.15254310760196,0.8294271353288162,0.9396965573251078,3.37910126142393,0.09297564071470493
570.0,4.098727144220424,-3.929681981448518e-74,-1.610669420551694e-73,298.1525425948428,0.8294271353288162,0.9396965573251078,3.37910126142393,0.09294892979275768
571.0,4.098806352698768,3.075013013679809e-82,1.2603882875102183e-81,298.1525420821875,0.8294271353288162,0.9396965573251078,3.37910126142393,0.0929227713781611
572.0,4.0988830403947105,-6.894601798107095e-91,-2.8260166380536046e-90,298.15254156963607,0.8294271353288162,0.9396965573251078,3.37910126142393,0.09289717864026806
573.0,4.0989573483285735,5.2948607511782645e-99,2.1703408384418697e-98,298.1525410571884,0.8294271353288162,0.9396965573251078,3.37910126142393,0.09287215555920325
574.0,4.099029397804086,5.972468986148575e-107,2.4481325951696177e-106,298.15254054484467,0.8294271353288162,0.9396965573251078,3.37910126142393,0.09284770140243209
575.0,4.099099295191138,6.30578005010442e-115,2.5848018559013368e-114,298.1525400326048,0.8294271353288162,0.9396965573251078,3.37910126142393,0.09282381307165272
576.0,4.099167137733179,2.458295915624449e-112,1.0076965832151437e-111,298.1525395204688,0.8294271353288162,0.9396965573251078,3.37910126142393,0.0928004856259231
577.0,4.099233015656008,-6.215013447934067e-113,-2.5476788318517405e-112,298.1525390084363,0.8294271353288162,0.9396965573251078,3.37910126142393,0.09277771285349451
578.0,4.099297007159906,9.117748375708509e-114,3.737635862857899e-113,298.15253849650736,0.8294271353288162,0.9396965573251078,3.37910126142393,0.09275548946810908
579.0,4.099359184300955,-5.244105075328354e-115,-2.1497470303986536e-114,298.15253798468206,0.8294271353288162,0.9396965573251078,3.37910126142393,0.092733809990529
580.0,4.099419614116371,-8.615995864646704e-117,-3.532058244267824e-116,298.15253747296026,0.8294271353288162,0.9396965573251078,3.37910126142393,0.09271266870482686
581.0,4.099478359375254,-6.604428864545987e-118,-2.707471320623956e-117,298.152536961342,0.8294271353288162,0.9396965573251078,3.37910126142393,0.09269205962496394
582.0,4.099535479161592,-8.224793726398289e-119,-3.3717833690155463e-118,298.1525364498273,0.8294271353288162,0.9396965573251078,3.37910126142393,0.09267197645679687
583.0,4.09959102933297,-1.3269085399223012e-119,-5.439782347010775e-119,298.15253593841624,0.8294271353288162,0.9396965573251078,3.37910126142393,0.09265241256828274
584.0,4.099645062885438,-2.497081386673828e-120,-1.0237147378500482e-119,298.15253542710866,0.8294271353288162,0.9396965573251078,3.37910126142393,0.09263336097284545
585.0,4.099697630247608,-5.147945475925416e-121,-2.110501986829532e-120,298.15253491590477,0.8294271353288162,0.9396965573251078,3.37910126142393,0.09261481432666455
586.0,4.099748766516964,5.119993108607093e-129,2.0990685431587285e-128,298.15253440480546,0.8294271353288162,0.9396965573251078,3.37910126142393,0.09259676954327298
587.0,4.099798529418489,-3.979713121710657e-137,-1.6316022003896818e-136,298.15253389380996,0.8294271353288162,0.9396965573251078,3.37910126142393,0.09257921459337429
588.0,4.099846963644556,2.3907934909885587e-145,9.80188743473061e-145,298.15253338291825,0.8294271353288162,0.9396965573251078,3.37910126142393,0.09256214091356621
589.0,4.099894111721284,-1.094123774637929e-153,-4.4857916211323096e-153,298.1525328721304,0.8294271353288162,0.9396965573251078,3.37910126142393,0.09254553978580776
590.0,4.099940014495067,4.819892752252833e-162,1.976127116053615e-161,298.15253236144633,0.8294271353288162,0.9396965573251078,3.37910126142393,0.09252940224657316
591.0,4.099984711239998,-1.6184849126499593e-169,-6.635763397237436e-169,298.1525318508662,0.8294271353288162,0.9396965573251078,3.37910126142393,0.0925137191244838
592.0,4.100028239751117,2.1744959201891234e-176,8.915494679998996e-176,298.15253134039,0.8294271353288162,0.9396965573251078,3.37910126142393,0.09249848107861178
593.0,4.100070636426885,-3.5231510007854886e-183,-1.4445167966018576e-182,298.1525308300177,0.8294271353288162,0.9396965573251078,3.37910126142393,0.09248367863600981
594.0,4.100111936342943,6.647149724599288e-190,2.7254057928488242e-189,298.1525303197494,0.8294271353288162,0.9396965573251078,3.37910126142393,0.09246930222773149
595.0,4.100152173318447,-1.4796377298470042e-196,-6.066739853756167e-196,298.1525298095852,0.8294271353288162,0.9396965573251078,3.37910126142393,0.0924553422228423
596.0,4.100191379976392,3.833525977734581e-203,1.57181901688229e-202,298.152529299525,0.8294271353288162,0.9396965573251078,3.37910126142393,0.09244178896010737
597.0,4.1002295877984505,-8.187012948964261e-210,-3.3568632729032306e-209,298.152528789569,0.8294271353288162,0.9396965573251078,3.37910126142393,0.09242863277718755
598.0,4.100266834759783,-5.149529758290501e-209,-2.11144460825271e-208,298.15252827971625,0.8294271353288162,0.9396965573251078,3.37910126142393,0.0924158610097898
599.0,4.100303154804472,1.1177623607949016e-211,4.583164534289029e-211,298.1525277699664,0.8294271353288162,0.9396965573251078,3.37910126142393,0.09240346218498105
600.0,4.1003385757404995,-6.377141210501964e-214,-2.614843810836567e-213,298.15252726031935,0.8294271353288162,0.9396965573251078,3.37910126142393,0.0923914269472868
601.0,4.099969454882659,0.37869847042546206,1.5526521613551785,298.15252253668524,0.8294957808752886,0.9396957045854001,3.3793827104212184,0.0925767094745368
602.0,4.098640850662185,1.6489864736907125,6.758603323258138,298.15250537879535,0.8297773940118842,0.9396922062855666,3.3805370691116012,0.0932278706128275
603.0,4.094255018271629,5.7330203622752025,23.47244738809868,298.15244671215845,0.8309286311988476,0.9396779052024987,3.3852519881837004,0.09535561930660195
604.0,4.086547299851582,12.806289350371669,52.33350716587942,298.1523523990729,0.833503078270309,0.9396459244935365,3.395780622150243,0.09906656417842888
605.0,4.076323527461434,21.957489354656477,89.50583046037018,298.1522814396103,0.8384942097863588,0.9395839228597967,3.4161462770273094,0.10391954852832344
606.0,4.065430466350024,31.429424433433354,127.77413963152578,298.1523539262068,0.8459082594477074,0.9394918228640036,3.446324136779362,0.10900394676859726
607.0,4.059055783553344,36.27147927202481,147.22795771714755,298.1526301960959,0.8553108959351033,0.9393750199262719,3.4845189479014533,0.11179718450478338
608.0,4.055410230377695,38.37603033375188,155.63054601678212,298.1530552144447,0.8656785660979687,0.9392462289925718,3.526582757164528,0.11324909968224
609.0,4.0504905911522995,41.6696247270251,168.78242289366239,298.15362318580077,0.876796042433398,0.9391081236964794,3.571640841549331,0.11532836703123449
610.0,4.0421100642835475,48.19566437129403,194.81218001003958,298.1544607756371,0.8892770990832662,0.9389530795144936,3.6221409777063602,0.11905813219456995
611.0,4.041175939280733,47.393187924311135,191.52421072553636,298.1554919726523,0.9025533487428654,0.9387881571584736,3.6757987631458127,0.11914249834961738
612.0,4.055060407301638,32.61343003314942,132.24942887372634,298.15617764679456,0.9135761457779447,0.9386512280027584,3.7204181665025775,0.11216123838092937
613.0,4.072148276075237,15.587858712373622,63.476071983296606,298.1563466599781,0.9201548055179382,0.9385695055215163,3.7471469035637957,0.10383618999902297
614.0,4.079761877334059,8.260699030781048,33.70168498591093,298.1563271769459,0.9233338338376967,0.9385300144864882,3.760104678234312,0.10025123285637863
615.0,4.078632158101605,9.427418508838727,38.450972298031914,298.1562932681672,0.9258249817270554,0.9384990685499744,3.7702662410346606,0.10090883234607176
616.0,4.080060354360144,8.125784278835518,33.15369028415973,298.1562581211353,0.9282158456245017,0.9384693683773353,3.7800197880214084,0.1002808295322582
617.0,4.082879755471112,5.54766645402871,22.65045505526003,298.1562215822713,0.9301148419599787,0.9384457783607456,3.78777022118497,0.09897918852002305
618.0,4.088427294877334,0.4914639338875879,2.009314561753804,298.15619863582464,0.9309533885911015,0.9384353616324086,3.7911951431403508,0.09637397858428715
619.0,4.089330871917122,-7.156818540576815e-16,-2.926659900268961e-15,298.1561949137054,0.9310216436253314,0.9384345137437846,3.791474214536491,0.0960553333354354
620.0,4.089709012569095,-1.3157531842460775e-35,-5.381047655927669e-35,298.1561936646284,0.9310216436253314,0.9384345137437846,3.791474214536491,0.09597038438650736
621.0,4.086588400011132,3.2630010136578944,13.334542091638916,298.1561744434136,0.9315674507946291,0.9384277335305015,3.793705107513038,0.09755936470726513
622.0,4.082086383917751,7.696645830720868,31.418373147422987,298.1561359078974,0.933089473480597,0.93840882641639,3.799920801960529,0.09977557871483345
623.0,4.078495340976862,11.084866578419252,45.20957669543305,298.1560939848662,0.9356979089899187,0.9383764234908084,3.8105635918363068,0.10150031763915493
624.0,4.073353148358443,15.785045792563738,64.29806597612169,298.1560779999336,0.939562944224704,0.938328410630749,3.826314548233841,0.10394171491856086
625.0,4.072634347984671,16.146646137642637,65.75938566491743,298.1560836869498,0.9439979010648818,0.938273317999194,3.844378089313416,0.1042060888106405
626.0,4.075726630441479,12.929925330315454,52.69884099838653,298.1560744297314,0.9479338205045439,0.9382244245900057,3.8604148165023697,0.10265075110772205
627.0,4.079165666893647,9.515745915619851,38.816304033879945,298.15604528587136,0.9510511617216779,0.938185699854389,3.873125170160381,0.10096922275307202
628.0,4.079138060378573,9.515810315630125,38.81630403382988,298.1560085488277,0.9536944332330304,0.9381528641834406,3.8839074768364585,0.10099940283515019
629.0,4.077838474667974,10.705896610858508,43.65691710557629,298.1559748031687,0.9565481501400479,0.9381174142839745,3.895545784143871,0.1016300459390337
630.0,4.071341556850359,16.73502631362752,68.13400808565599,298.1559723928058,0.9605312629155076,0.9380679346221675,3.9117717243001855,0.10474809084675221
631.0,4.065462915484018,21.94875095232831,89.23183303788527,298.15604934221454,0.9660542426763199,0.9379993261779339,3.9342373564021726,0.10749739873892462
632.0,4.061517027567506,25.163268925260375,102.2010452092053,298.1562070444273,0.9725974793040825,0.9379180437353529,3.960825336479076,0.10927216062710465
633.0,4.057166474222523,28.657005141231433,116.26624051062666,298.1564614304524,0.9800724389749312,0.9378251870934791,3.9911682693471406,0.11122402359421199
634.0,4.056478237997292,28.57180796275731,115.90091722116277,298.15677956985996,0.988017907097572,0.937726485626117,4.023400910793376,0.11139494444863723
635.0,4.058833144829833,25.65245319914328,104.11902729087885,298.15705640298074,0.9954642055117906,0.9376339850246982,4.0536169898457155,0.11012971830259828
636.0,4.066064292480862,18.26171475805483,74.25330629719753,298.1572197800327,1.0015628172252866,0.9375582258729778,4.078390265844835,0.10656529029129147
637.0,4.0713774526503,13.011035960754208,52.97283844623692,298.1572690801519,1.0059060562569688,0.9375042725930811,4.096060511679886,0.10401153766722442
638.0,4.072806162925227,11.63854975483035,47.401557168984944,298.1572776414924,1.0093295945749334,0.937461744166771,4.1100013858397215,0.10336631196659107
639.0,4.074330635400687,10.221951686217235,41.647610908740596,298.1572742183296,1.0123657276852829,0.9374240282275119,4.122369195419644,0.10266742906491116
640.0,4.0730693743881705,11.480833077120968,46.76222959888412,298.1572697072124,1.0153800075907784,0.9373865837566362,4.134648426768473,0.10331139585700193
641.0,4.064431664789758,19.6173196366726,79.73325510959404,298.1573281319297,1.0198757869508377,0.937330735565828,4.152936070600789,0.1074663339248306
642.0,4.053485149228288,29.651901847424472,120.19354378490993,298.15757226148736,1.026717895683724,0.937245740426289,4.180703774556375,0.11263313937895358
643.0,4.0560782261647175,26.480503517402852,107.40699373481593,298.15791799834835,1.0345140074540817,0.9371488943173406,4.212314920010111,0.11120525452533478
644.0,4.063850906629458,18.58630219871587,75.53196104114058,298.1581210634988,1.0407726370072614,0.9370711473663694,4.237722469178793,0.10737749657647554
645.0,4.0618850255180705,20.23672052639218,82.19923207174656,298.15825318455586,1.046164696695642,0.9370041652584392,4.259629594142512,0.10832012233453259
646.0,4.061284008289733,20.532066740192445,83.38655430908108,298.1584089788068,1.0518270384538662,0.9369338256092687,4.282627668784105,0.10856837480051848
647.0,4.060701836315335,20.804911930847265,84.48254408197032,298.1585748273006,1.0575684247865704,0.9368625040399183,4.305943387855259,0.1088050139101666
648.0,4.063217082274597,18.162118644115193,73.79663072506679,298.15871311125323,1.0629024323297136,0.9367962430766494,4.327611097872297,0.10756051869211111
649.0,4.067627046684613,13.853811957201977,56.35214021679746,298.158787528861,1.0672253345891254,0.9367425424274642,4.345186903143411,0.10544218839532088
650.0,4.078603675500735,3.515712751952053,14.339198952116446,298.1587949876894,1.0696367776851141,0.9367125866126073,4.35500497907828,0.1002135093166402
651.0,4.082787200222283,0.0,0.0,298.1587869305413,1.0700067956562571,0.9367079901160713,4.356514683914898,0.09834140951145828
652.0,4.083343078461839,1.64871976402995e-48,6.732288436774933e-48,298.1587851588374,1.0700067956562571,0.9367079901160713,4.356514683914898,0.09820890060671364
653.0,4.083866780177129,4.3924218992736813e-64,1.7938065878966318e-63,298.15878338749195,1.0700067956562571,0.9367079901160713,4.356514683914898,0.09806147805773627
654.0,4.084364469287834,1.853190863125008e-80,7.569106916156637e-80,298.15878161650375,1.0700067956562571,0.9367079901160713,4.356514683914898,0.09791090852302003
655.0,4.084839724892253,6.118846073051544e-100,2.4994505509701913e-99,298.1587798458728,1.0700067956562571,0.9367079901160713,4.356514683914898,0.0977603539230675
656.0,4.0852950201474325,-3.571574266831424e-106,-1.4590934566373134e-105,298.15877807559895,1.0700067956562571,0.9367079901160713,4.356514683914898,0.09761109303476789
657.0,4.085732209430709,4.5702460939555934e-114,1.8672801671099256e-113,298.15877630568207,1.0700067956562571,0.9367079901160713,4.356514683914898,0.09746373657605738
658.0,4.086152753725427,2.3695034747420645e-114,9.682153148279256e-114,298.1587745361218,1.0700067956562571,0.9367079901160713,4.356514683914898,0.09731859734384754
659.0,4.086557829826896,8.679832996162296e-115,3.547063949205688e-114,298.1587727669185,1.0700067956562571,0.9367079901160713,4.356514683914898,0.09717585592416658
660.0,4.08694842588107,2.0875913636062465e-115,8.531878237373466e-115,298.15877099807204,1.0700067956562571,0.9367079901160713,4.356514683914898,0.09703561571008532
661.0,4.0873253876046896,2.873816397018835e-116,1.1746222718849722e-115,298.1587692295824,1.0700067956562571,0.9367079901160713,4.356514683914898,0.0968979436184716
662.0,4.087689452257864,1.5726121015229812e-117,6.428349899888563e-117,298.1587674614495,1.0700067956562571,0.9367079901160713,4.356514683914898,0.09676288706217205
663.0,4.088041272509319,-1.7037647412395603e-119,-6.965060580833483e-119,298.1587656936732,1.0700067956562571,0.9367079901160713,4.356514683914898,0.09663048245624661
664.0,4.08838143361961,1.0416574143616659e-120,4.2586928330684436e-120,298.15876392625347,1.0700067956562571,0.9367079901160713,4.356514683914898,0.09650075922116025
665.0,4.085810856043289,2.7271314052456352,11.142543101409206,298.1587472143681,1.070479755364337,0.9367021148401945,4.35844737067316,0.09777091270592173
666.0,4.082449674812631,6.0851783984852,24.842434574072755,298.1587126734193,1.0717995002540173,0.9366857204937389,4.363836639382869,0.09939203610502267
667.0,4.06830647411338,19.53128609532101,79.45925766935511,298.1587081961203,1.0753556854900985,0.9366415442796261,4.378323070800496,0.1061904059905132
668.0,4.064389488759159,22.763517370421148,92.51980072752625,298.1588052363301,1.0812298540383347,0.9365685732417598,4.402209062989009,0.10790233009007957
669.0,4.054374098234606,31.695348105840942,128.5047983948508,298.15906273229274,1.088792896230193,0.9364746224070783,4.432907459360729,0.1125566317043995
670.0,4.052210273492937,32.839219294960095,133.0714218005248,298.1594985139654,1.0977963402895867,0.9363627783814957,4.469398503275511,0.11335570246901205
671.0,4.063452960984592,21.2853098610613,86.49185538040408,298.15976329024437,1.1051231135791884,0.9362717625642336,4.499130725022911,0.10775337743227437
672.0,4.061347293952287,22.87051833709905,92.88511775966339,298.1599247205749,1.1113101479406253,0.9361949049945264,4.524263263314142,0.10871183048807054
673.0,4.059111050941194,24.525665530398296,99.55239998612724,298.1601328134309,1.11795108189615,0.9361124089205447,4.5512250201121525,0.10969870561881429
674.0,4.056801424140764,26.205622515282776,106.31100674049445,298.16038710439244,1.1249971458572496,0.9360248801756863,4.579817529667228,0.11070483804713224
675.0,4.073083038379846,10.269929557036717,41.8302758841221,298.1604862361596,1.1298646904619953,0.9359644137830807,4.5996010284097,0.10279203600785428
676.0,4.0741645978117305,9.348086774328841,38.08564419324262,298.16047999308563,1.1325894078015886,0.9359305663627131,4.610700460917389,0.10235613128605037
677.0,4.084205395364473,5.08308672930724e-14,2.076037024494218e-13,298.1604645062511,1.1337534931818782,0.9359161056747592,4.615447302956336,0.09758549705717831
678.0,4.0847075457052195,-2.9652661763666282e-64,-1.211224512562923e-63,298.16046239629856,1.1337534931818782,0.9359161056747592,4.615447302956336,0.0974792535756982
679.0,4.0851765318150175,-2.360320005302894e-78,-9.642323893236881e-78,298.1604602867732,1.1337534931818782,0.9359161056747592,4.615447302956336,0.09734945266435797
680.0,4.085620159232089,-6.947202698541865e-85,-2.8383631395434216e-84,298.1604581776734,1.1337534931818782,0.9359161056747592,4.615447302956336,0.09721506797307407
681.0,4.086042540578525,6.90865911942069e-86,2.822907506030871e-85,298.1604560689989,1.1337534931818782,0.9359161056747592,4.615447302956336,0.09708028043791475
682.0,4.086446398923211,2.1207487529145096e-86,8.666326104368388e-86,298.1604539607494,1.1337534931818782,0.9359161056747592,4.615447302956336,0.09694668650460134
683.0,4.08683369385294,3.8469747410103025e-87,1.5721945990962091e-86,298.1604518529253,1.1337534931818782,0.9359161056747592,4.615447302956336,0.0968149961151025
684.0,4.084996187649181,2.079297082504687,8.49392065502171,298.16043911138286,1.1341115416515504,0.9359116578676826,4.616910076615719,0.09774815551344987
685.0,4.072853356820591,13.81360992135563,56.2608075380035,298.1604146502918,1.1364389831534356,0.9358827455508889,4.626399247519912,0.10362190567585994
686.0,4.069475027982334,16.787591013837368,68.31668241079181,298.16043702955676,1.1407768699532106,0.9358288587583452,4.64405769564826,0.10514438468581903
687.0,4.070742112134417,15.279135164103606,62.19741894951036,298.1604651976415,1.1451866857463844,0.935774078437933,4.662006630563244,0.10443473441127368
688.0,4.06542662114848,20.061831712054932,81.5599047111889,298.16053166186776,1.1502331324844701,0.9357113896585779,4.682532633328366,0.10692404380734838
689.0,4.0673669979821065,17.80676706743187,72.426656710827,298.16061415546363,1.1554926190294432,0.9356460544219944,4.703919599089955,0.10588008754076703
690.0,4.076364170731166,8.98455657306665,36.62432450435608,298.1606290458987,1.159212805564781,0.9355998409246611,4.7190648932036074,0.10148858701718397
691.0,4.079559158101713,6.02232648110128,24.56843714905519,298.16060280893424,1.1612970178866808,0.9355739500883642,4.727563881574576,0.09999128267449084
692.0,4.075421194944449,10.107163541047104,41.19094851595316,298.1605778488921,1.1635370889617311,0.9355461231184877,4.736697162132355,0.10203199980395891
693.0,4.073348906275832,12.06301630571642,49.13687427527751,298.1605658051951,1.1666162533643134,0.9355078726290147,4.74924271364693,0.10301400269625531
694.0,4.076370290000428,9.118975085989002,37.172319115779665,298.16055125518244,1.16955809067494,0.9354713280661497,4.761229950905462,0.10152850290120691
695.0,4.086046738580851,-1.6110187949641697e-07,-6.582698092955798e-07,298.1605315359589,1.1708238400150504,0.9354556044718627,4.766392628885826,0.09687859913966929
696.0,4.086460077967043,-2.0400676697197545e-78,-8.336655088661033e-78,298.160529412557,1.1708238400150504,0.9354556044718627,4.766392628885826,0.09677876409627373
697.0,4.086852684795518,-1.006479702731141e-77,-4.113334275298959e-77,298.1605272895198,1.1708238400150504,0.9354556044718627,4.766392628885826,0.09666312806624361
698.0,4.087225623919345,2.3572558023243407e-80,9.634636317392599e-80,298.16052516691076,1.1708238400150504,0.9354556044718627,4.766392628885826,0.09654232582821819
699.0,4.087582068772978,-5.084641790577325e-82,-2.0783890609297598e-81,298.16052304472976,1.1708238400150504,0.9354556044718627,4.766392628885826,0.09642133123175736
700.0,4.087923992293485,3.776867706451625e-83,1.5439548112922064e-82,298.16052092297696,1.1708238400150504,0.9354556044718627,4.766392628885826,0.09630164792104992
701.0,4.086806422900229,1.3632359110608643,5.571281277251785,298.16051105242656,1.1710532340912498,0.9354527548560093,4.767330181066918,0.09688041546175281
702.0,4.085957599891289,2.4140993877860364,9.863907740417265,298.1604921780574,1.1715778572373992,0.9354462377982932,4.769473961547302,0.09731346771103985
703.0,4.086735031367976,1.8772748333522926,7.671924824966293,298.1604715512668,1.1721533210537909,0.935439089179456,4.771825553687184,0.09695162502011548
704.0,4.088952226574616,0.0,0.0,298.16046319600434,1.1723339601328273,0.9354368452157412,4.772563903268304,0.09590339685398336
705.0,4.0892479739826975,-1.3262639435309592e-48,-5.4234221440502775e-48,298.16046108631616,1.1723339601328273,0.9354368452157412,4.772563903268304,0.09579925422090521
706.0,4.089532366921688,4.8731402806691445e-58,1.9928864906346305e-57,298.160458977057,1.1723339601328273,0.9354368452157412,4.772563903268304,0.09569359379131283
707.0,4.089806742121933,-1.034496613581394e-67,-4.2308912249274934e-67,298.1604568682234,1.1723339601328273,0.9354368452157412,4.772563903268304,0.09558939691546768
708.0,4.090071830601268,1.0137504485737183e-77,4.146312152970765e-77,298.16045475981525,1.1723339601328273,0.9354368452157412,4.772563903268304,0.09548722967467588
709.0,4.085151857532363,4.8962225070592105,20.001812469604697,298.16042808080635,1.1730933559580756,0.9354274117272289,4.775667230647799,0.09788933948910768
710.0,4.074917594538984,14.61349212551618,59.54877617992278,298.16038978325116,1.1760405423593256,0.9353908007160332,4.787686597025899,0.10280102082167425
711.0,4.069389670921796,19.503643447174895,79.36792518927508,298.1604081532595,1.1809300578475619,0.935330061393198,4.807593803199262,0.10534457800859273
712.0,4.082827552097565,6.241204561566684,25.48176194224146,298.1603953702028,1.1845041523220345,0.9352856627040741,4.822155955357545,0.09870664800381229
713.0,4.0894600372904275,-2.756597033970465e-13,-1.1272993409335539e-12,298.1603695296606,1.1853706366525856,0.9352748989235703,4.825695085533161,0.09553607320919047
714.0,4.089760892836617,1.1999790202911841e-58,4.907627269411282e-58,298.1603674388582,1.1853706366525856,0.9352748989235703,4.825695085533161,0.09546673061734981
715.0,4.090042370646817,-2.851392227295104e-68,-1.1662315024969974e-67,298.16036534848143,1.1853706366525856,0.9352748989235703,4.825695085533161,0.09537929088990293
716.0,4.090309647400042,2.701488269035692e-78,1.1049923529174732e-77,298.16036325852633,1.1853706366525856,0.9352748989235703,4.825695085533161,0.09528845035289316
717.0,4.0893096501956805,1.183725271946404,4.840619177750936,298.1603530553051,1.1855761879388995,0.9352723454914422,4.826535692573202,0.09580343466696843
718.0,4.086236678939529,4.269087928730743,17.444503679997542,298.1603220156028,1.1864374822235686,0.9352616461835581,4.830055891078939,0.09730419910333239
719.0,4.078832749443349,11.352651240543448,46.305565672937284,298.1602752786321,1.1886067257154105,0.9352346990594359,4.838910097672059,0.10087280322156339
720.0,4.0779098904428945,12.004730504285963,48.95420925552924,298.16023310266604,1.191874490765096,0.9351941057047813,4.852236846870826,0.10123493579907081
721.0,4.0776162853610955,12.05039190462377,49.1368742752774,298.16019383774983,1.1952154846601555,0.9351526026750291,4.865860624987812,0.10130739611517986
722.0,4.076955828081855,12.455582309721295,50.780858889771494,298.16015772613093,1.198619819634278,0.9351103127995741,4.879741050438748,0.10157033772485598
723.0,4.077852357763997,11.377778206828527,46.39689968683153,298.1601215700187,1.2019297905980006,0.9350691951478509,4.893237096902574,0.10108322734942424
724.0,4.069540465862676,19.07650475166537,77.63260803412386,298.1601221117926,1.2062914717444857,0.9350150127733604,4.911001611718412,0.10505731510732272
725.0,4.061552369117054,26.197455953523264,106.40233929287209,298.16023966498057,1.212579108573675,0.9349369054835568,4.936562091018068,0.10878821660630193
726.0,4.043885195715112,42.324903445005205,171.1570504513281,298.1607262805145,1.2220935718024444,0.9348187133937584,4.9751123163708915,0.11710237432774509
727.0,4.052637726624693,32.61039020020782,132.15809760531437,298.1613377302661,1.2324089135125411,0.9346905725029497,5.016872131605713,0.1125702508880769
728.0,4.054470302695622,29.982592523931967,121.56353098610593,298.16173304432925,1.2410102546270614,0.9345837235450054,5.051739887001532,0.11154097778547539
729.0,4.062246221123158,21.831231621624053,88.6838381574067,298.1619890956068,1.2482058969129195,0.9344943366843115,5.080939784353546,0.10768896935902306
730.0,4.07328126978438,10.964522163073338,44.66158275898235,298.16205421797497,1.25275996758541,0.934437764377821,5.099459859706993,0.10236604960615392
731.0,4.0754538045872994,8.941742760226829,36.44165955180737,298.16204203259184,1.25552469104053,0.9344034199870741,5.110724194810274,0.1014017488431175
732.0,4.074371760740193,10.06493417369595,41.0082835710157,298.16202652396055,1.258164503763736,0.934370627282438,5.121481165794378,0.10198365374812937
733.0,4.07431831163936,10.154732717543368,41.37361346089027,298.1620139219441,1.26097279259958,0.9343357417068374,5.132923105343737,0.10203726926589264
734.0,4.073081532246738,11.346258247488713,46.21423492794852,298.1620067529418,1.2640126963780243,0.934297978926981,5.145306111846661,0.10264963285620937
735.0,4.071750630445671,12.583658967033779,51.23752133233312,298.16200781778235,1.2673363168959062,0.9342566917155788,5.158841221368874,0.1032928152243808
736.0,4.06910624199975,15.01593360976356,61.10142918094273,298.16202813334377,1.2711696189067998,0.9342090730570584,5.1744441659307885,0.10455315129483633
737.0,4.072156909341337,11.954404632134969,48.6802114198105,298.162046300792,1.2749153911904951,0.9341625417243417,5.189691462831474,0.1030531821272194
738.0,4.074379195982078,9.818336573671374,40.003626274916606,298.16203893611083,1.2778642367180657,0.9341259101028812,5.201703579869399,0.10199669120409184
739.0,4.061055203117958,22.467349702238607,91.2411474085468,298.1621125471025,1.2825629782189096,0.9340675406432433,5.220809084851802,0.10840906254955171
740.0,4.060874944841347,22.175966175879445,90.053825421278,298.1622868044613,1.2887532524190553,0.9339906428270924,5.245947413601859,0.10837397270987717
741.0,4.063409852727075,19.352526397216298,78.6372464376095,298.1624268858155,1.2944413667341401,0.9339199830219361,5.2690545597448315,0.10707469204387529
742.0,4.071603399874906,11.30551360274152,46.03156762225437,298.1624757797378,1.2985697715742985,0.9338686984897602,5.285847114406771,0.10310860132412761
743.0,4.071586632877642,11.350424070460667,46.214234922780285,298.1624818015972,1.3017181567773892,0.9338295881145665,5.298666059714673,0.10316009462234993
744.0,4.072848191557066,10.180821288383484,41.46493957295835,298.1624817285946,1.3046644235565779,0.9337929885272475,5.310664348612309,0.10257942532348574
745.0,4.071622713028451,11.395186426390712,46.39689987288593,298.1624840374592,1.307708222218953,0.9337551773637397,5.323058860102684,0.10319220637037457
746.0,4.067686221057065,15.133441526306642,61.55809157373033,298.1625099551421,1.3113927396956573,0.9337094069603024,5.338053029128642,0.10508685057936484
747.0,4.063346626930938,19.1055834501614,77.63260806776088,298.16259109203185,1.3161480236056515,0.9336503351104888,5.3573851664837,0.10712963430089843
748.0,4.061223049583593,20.824730757521646,84.57387655381932,298.1627278517717,1.3216938827742206,0.9335814424500096,5.3799139010921415,0.1080746141585537
749.0,4.065660480254691,16.264199413747534,66.12471279945487,298.16284162865514,1.326844789016973,0.9335174560370562,5.400843519428249,0.10587479015391926
750.0,4.070727738942671,11.330382527584286,46.122902447868725,298.16287552091626,1.3305302407923765,0.9334716740274238,5.415837891677603,0.10344327416563534
751.0,4.072128922005748,10.04804903081238,40.916951068102925,298.16288170946683,1.3334994526591126,0.9334347894079613,5.427926748638311,0.1028088017197664
752.0,4.076348415040313,6.139097300201196,25.025099549453408,298.16287180179097,1.335747453698353,0.933406863929213,5.437085050427952,0.10081979578066123
753.0,4.082132511916812,0.8949486822723907,3.6532991124012346,298.1628561757456,1.3367241400443155,0.9333947311795737,5.441068135729174,0.09811195015753203
754.0,4.083528643052869,-9.27331670654008e-17,-3.7867854387257112e-16,298.16285159689284,1.3368074074494674,0.9333936968018699,5.441408077920785,0.09754498433840395
755.0,4.083989969362733,8.885428756590614e-44,3.628800191540325e-43,298.1628490056326,1.3368074074494674,0.9333936968018699,5.441408077920785,0.09741389434301957
756.0,4.084428220608151,2.1414182002128036e-51,8.746468929073091e-51,298.16284641489716,1.3368074074494674,0.9333936968018699,5.441408077920785,0.09727746039991145
757.0,4.084846941147655,-2.0439306805176816e-52,-8.349143988230496e-52,298.1628438246841,1.3368074074494674,0.9333936968018699,5.441408077920785,0.09714073426320957
758.0,4.0852483599242895,-6.261438752370889e-53,-2.557953239388956e-52,298.16284123499315,1.3368074074494674,0.9333936968018699,5.441408077920785,0.09700523733639893
759.0,4.085634089612558,-1.1630620433271867e-53,-4.751845932551992e-53,298.1628386458247,1.3368074074494674,0.9333936968018699,5.441408077920785,0.09687161481701867
760.0,4.086005377883758,-1.0455453017490176e-54,-4.272103725767583e-54,298.1628360571785,1.3368074074494674,0.9333936968018699,5.441408077920785,0.09674017571809009
761.0,4.086363233266434,-1.5298457355894382e-56,-6.251505366482123e-56,298.1628334690545,1.3368074074494674,0.9333936968018699,5.441408077920785,0.09661108192733292
762.0,4.086708496731596,6.603611016760359e-58,2.6987033251304934e-57,298.1628308814526,1.3368074074494674,0.9333936968018699,5.441408077920785,0.09648442248750695
763.0,4.0870418868968805,-5.673934618585361e-59,-2.3189608449672644e-58,298.1628282943726,1.3368074074494674,0.9333936968018699,5.441408077920785,0.09636024870823628
764.0,4.083484145158118,3.6680751517605854,14.978526725462807,298.1628086800015,1.337420275536458,0.9333860835337086,5.4439112326319306,0.09810502810390048
765.0,4.075024101574294,11.856342625285196,48.31488195455981,298.1627788657542,1.3395759058881254,0.9333593055169177,5.452702004629811,0.10217594086720302
766.0,4.072072213673879,14.48912941790416,59.000781302972314,298.16277037461936,1.3432349326472715,0.9333138517683568,5.46760696791041,0.10350857510444289
767.0,4.067672093793212,18.41166818146124,74.89262886191031,298.1628014009393,1.3478043778071334,0.9332570884744456,5.486203435889486,0.10553727200586163
768.0,4.064295721802289,21.213475929212063,86.21783946365241,298.16289563145256,1.3533910528524515,0.9331876887844416,5.5089165246836425,0.10704562671778399
769.0,4.051190436564905,33.18565537961956,134.44140970505347,298.1631984774388,1.3611643924110002,0.9330911255601118,5.540448659653844,0.11320358741176179
770.0,4.037822002014478,45.034914304790505,181.84296783871963,298.1639483581838,1.3720271208684893,0.9329561848339317,5.584377180257755,0.11935411290651612
771.0,4.03324983207816,48.02980175431792,193.71618986035006,298.16510264449096,1.3849526568828363,0.9327956191691573,5.636538232028666,0.12119377589460945
772.0,4.0243174575191585,55.171904607205384,222.02925887535832,298.16661690301015,1.3992859573159369,0.9326175657476281,5.694281991273438,0.12512309506286895
773.0,4.034400472058378,43.782716624816665,176.63701261915855,298.16805225869734,1.4130286082077086,0.9324468495874818,5.749651611574108,0.11997149907667118
774.0,4.024053330451309,52.54271592614447,211.4346910135587,298.1694828498661,1.426566158050601,0.9322786812664521,5.8041865230821506,0.12469307066649188
775.0,4.0203311716463865,54.63595024346004,219.65461385630337,298.17127695357584,1.4414520327845237,0.9320937635678941,5.864060123071794,0.12615698105182033
776.0,4.0289562097107625,44.83931723115776,180.65564559766383,298.17286381069465,1.4552667026604598,0.9319221527619819,5.919655858132676,0.12179571280619765
777.0,4.031322024600976,41.527924329660756,167.4124359861241,298.174073014256,1.4672620972052748,0.9317731416496239,5.967998555185432,0.12054058286319186
778.0,4.02987815243325,42.01874390090163,169.33041803893136,298.17522628122214,1.4788658131563928,0.9316289961098584,6.01476846932847,0.12110913185037152
779.0,4.033549339015081,37.63300486354164,151.7945818924897,298.17629499260687,1.4899274683062536,0.9314915842446427,6.059365216821367,0.11924997310957536
780.0,4.036456029528084,34.18924333398207,138.00337740045478,298.17717675265715,1.4999026500100219,0.9313676689439748,6.099614649494244,0.11780897217767092
781.0,4.0400097135331166,30.29337352750892,122.385523306823,298.17789709372704,1.5088583798541109,0.9312564176415637,6.1357793449395635,0.11609519940802444
782.0,4.042444794392556,27.63170008791236,111.69962218059764,298.178483671959,1.5169034399824115,0.9311564790064296,6.168290982743559,0.11494385737570136
783.0,4.045212584826699,24.76797660109488,100.19173064744223,298.1789674923256,1.5241810398196625,0.9310660740395073,6.197719983508869,0.11365163423923146
784.0,4.04303624930689,26.701465135944286,107.95499145422686,298.17943618059155,1.5313295697945728,0.9309772724249121,6.226629420770648,0.11470888692171144
785.0,4.0371375947943395,32.07952508109047,129.50945672801828,298.1800529238997,1.5394935572074808,0.9308758564322052,6.259611667521316,0.11747676557349054
786.0,4.0395337100108915,29.369946760895694,118.64089000186334,298.1807310593834,1.548028140904734,0.9307698367589473,6.294076874326029,0.11627224212418752
787.0,4.045932728411971,23.002803914083444,93.0677972012332,298.1812334197339,1.5553016504741033,0.9306794826028061,6.323480019183601,0.1132345976545915
788.0,4.047620424845635,21.36856954285832,86.4918585314077,298.18159415727473,1.5614643152731922,0.9306029277605814,6.348418829463657,0.1124885594627511
789.0,4.045817997003325,23.093754379134964,93.43312708547857,298.1819559445676,1.567639682864679,0.9305262151196934,6.373408732615847,0.11338229122610687
790.0,4.042055763065287,26.594964378623878,107.49832903513267,298.1824074779127,1.5745409308009537,0.9304404853316651,6.401316553913883,0.11516150352998061
791.0,4.041545821235048,26.86950083303698,108.59431881043226,298.1829302490513,1.5819665538856114,0.9303482415666383,6.431329440339373,0.1153649134811427
792.0,4.053860138457613,15.049877061542333,61.01009670847405,298.18323744573553,1.587535396978417,0.9302790633915724,6.453871821127582,0.1095527929745044
793.0,4.070099726967468,0.0,0.0,298.1833014941023,1.5896238959984894,0.9302531193043665,6.462345400100973,0.1020128526472854
794.0,4.0710160181992805,-2.224481515464732e-62,-9.055899881645135e-62,298.183294779541,1.5896238959984894,0.9302531193043665,6.462345400100973,0.1018314991427546
795.0,4.071874210643381,4.202055820046288e-82,1.7110242725330404e-81,298.18328806633525,1.5896238959984894,0.9302531193043665,6.462345400100973,0.10160908154918258
796.0,4.072686642458658,4.0520729797525105e-86,1.6502823498905703e-85,298.1832813544833,1.5896238959984894,0.9302531193043665,6.462345400100973,0.10137724779211912
797.0,4.073460054917378,-1.6369860743980889e-93,-6.6681973845166224e-93,298.1832746439848,1.5896238959984894,0.9302531193043665,6.462345400100973,0.10114347624635775
798.0,4.074198950972278,2.011284697322241e-101,8.19437400393687e-101,298.1832679348395,1.5896238959984894,0.9302531193043665,6.462345400100973,0.10091056997341538
799.0,4.074906657358127,-2.2048041401254968e-110,-8.984371068768148e-110,298.1832612270471,1.5896238959984894,0.9302531193043665,6.462345400100973,0.1006798415939193
800.0,4.068602528120901,6.599746987958336,26.85174728016559,298.18325748673766,1.5906458370880316,0.9302404243839996,6.466505135975649,0.10376213630059059
801.0,4.05879520985955,16.224203176724362,65.85071813747693,298.1833273396379,1.5940334959323967,0.930198341665436,6.48026672977669,0.10842145513611513
802.0,4.037440932972779,36.51090481762245,147.41062161054194,298.18377052723355,1.6013539818236593,0.9301074039525011,6.5098864569850985,0.11845241264384548
803.0,4.019954786933994,52.3690874735578,210.52136387669373,298.18511263159,1.6139590551371732,0.9299508191908425,6.560649286733264,0.12639090225432986
804.0,4.022209041312956,48.729307958576086,195.9994630479081,298.18679149056135,1.6279001865756495,0.9297776374338428,6.6167103214684335,0.12491709733922422
805.0,4.0408939259766985,29.631285447697838,119.73688138448394,298.1878558327675,1.6387796865281488,0.9296424883661099,6.660559656424632,0.1158279353015498
806.0,4.053785531003587,17.010276471309947,68.95601263776702,298.1882357486474,1.6452563596471592,0.9295620327994141,6.686766953747822,0.1097301444120074
807.0,4.065389626668765,6.178111902582084,25.11643204115603,298.1883190366915,1.6483615123707456,0.9295234594736553,6.699370927837225,0.10434752935204253
808.0,4.0725263443738005,-3.749038297688745e-13,-1.526805723340372e-12,298.1883166875167,1.6490430250180097,0.9295149934780371,6.702143287977361,0.10114489053215894
809.0,4.073331322699039,1.0229367698027689e-57,4.1667603855781946e-57,298.1883089617446,1.6490430250180097,0.9295149934780371,6.702143287977361,0.10094970620793098
810.0,4.074087721082343,-1.7533198903997915e-65,-7.14317903660723e-65,298.18830123753304,1.6490430250180097,0.9295149934780371,6.702143287977361,0.10073109713484776
811.0,4.074805105831585,1.145574684776263e-74,4.667993574637725e-74,298.18829351487915,1.6490430250180097,0.9295149934780371,6.702143287977361,0.10050762821409387
812.0,4.075489037113524,-3.249166417018755e-83,-1.3241942112317365e-82,298.18828579378265,1.6490430250180097,0.9295149934780371,6.702143287977361,0.10028438750087847
813.0,4.076143328150128,4.520794466534705e-91,1.8427406202703454e-90,298.1882780742431,1.6490430250180097,0.9295149934780371,6.702143287977361,0.10006344243492668
814.0,4.076770813241286,-5.52531200698386e-98,-2.2525430724123433e-97,298.18827035626026,1.6490430250180097,0.9295149934780371,6.702143287977361,0.09984576279441892
815.0,4.077373687879321,-1.6238705543866122e-112,-6.621127070977979e-112,298.18826263983397,1.6490430250180097,0.9295149934780371,6.702143287977361,0.09963183022234126
816.0,4.077953748177141,-2.4493054396587756e-127,-9.988154298087163e-127,298.1882549249638,1.6490430250180097,0.9295149934780371,6.702143287977361,0.09942189142639951
817.0,4.078512487632361,-1.8317965704767633e-142,-7.471005187491611e-142,298.18824721164947,1.6490430250180097,0.9295149934780371,6.702143287977361,0.09921607123361664
818.0,4.079051182227293,-6.333962441910203e-158,-2.583655698685708e-157,298.18823949989076,1.6490430250180097,0.9295149934780371,6.702143287977361,0.09901443217258306
819.0,4.073018215765453,6.211386850387975,25.299091786796225,298.1882245482387,1.6500364004549501,0.9295026534104974,6.706191019358416,0.10193687987380544
820.0,4.0610342956129655,17.812044652284047,72.33532420791504,298.1882737728943,1.653626648516433,0.9294580540556965,6.720785862268324,0.10761984673395911
821.0,4.057058844224466,21.363881123877945,86.67452286058914,298.18843308387386,1.6590676241992275,0.9293904642956617,6.74287057758448,0.10937672949203406
822.0,4.054922263410966,23.041903352209577,93.43312689423838,298.1886586157667,1.6652350794734898,0.9293138499444287,6.767885606393356,0.11025751641395623
823.0,4.052712879836019,24.744675011615737,100.28306312693158,298.1889359534738,1.6718721506340422,0.9292314018554777,6.794790971472875,0.11118047266157915
824.0,4.055112240451987,22.004775088650177,89.23183281037828,298.18920526025795,1.6783649394271398,0.9291507460940728,6.82111188790489,0.1099120776060424
825.0,4.0537543812056125,22.980950723908038,93.15912968131249,298.1894550120301,1.684612961081036,0.929073130918248,6.846444041451104,0.11047915467442934
826.0,4.052508740234661,23.821893423363996,96.53843130712117,298.1897348868407,1.6911134449484204,0.9289923795658581,6.872791325307066,0.11098203128295084
827.0,4.0524061413911046,23.552042503443655,95.44244168325939,298.1900281645357,1.697693119005208,0.9289106444844073,6.899455163463851,0.11093953194203043
828.0,4.043036590038611,32.123077483866126,129.8747776519162,298.1904889922031,1.705603878582966,0.9288123741790936,6.931468521059618,0.11529324784844208
829.0,4.038477890571556,35.77781501644747,144.48791491688212,298.19119884464016,1.7151597492718256,0.928693667710909,6.97007572677282,0.11726961954405599
830.0,4.038322075350295,35.1233356124756,141.83934156379738,298.19196850481853,1.7249802900837157,0.928571673415109,7.009734732172055,0.11715419159774684
831.0,4.04649814525521,26.588338279621983,107.58966153390845,298.192544309542,1.733448688289587,0.9284664759218685,7.043968548806805,0.11313690691338335
832.0,4.0566947156141815,16.52528453311087,67.03803443949164,298.19282637965813,1.7394358361582758,0.9283921014141828,7.068222252097434,0.10827449148936633
833.0,4.0564188978750595,16.84162726088418,68.31669509201836,298.1929806217815,1.7440813401785167,0.9283343932897078,7.087066848655768,0.10846443261744351
834.0,4.054807521619144,18.402510043387153,74.61863614059806,298.1931543814302,1.7489771173847928,0.9282735761815554,7.1069221515417835,0.10925338951747851
835.0,4.055689089452607,17.520245711864142,71.05666937813623,298.19333564332123,1.7539663506594094,0.9282115981284544,7.1271546929830745,0.10883045350093862
836.0,4.056725127620737,16.525162112186514,67.0380403785132,298.1934958106605,1.7586947735803207,0.9281528599555239,7.146334106003781,0.1083439207851309
837.0,4.052326620815566,20.71268114521969,83.9345491932384,298.19370565084654,1.764004322752344,0.9280869028229523,7.167858557881398,0.11042859831907251
838.0,4.048878073185647,23.84325477311942,96.53843144426223,298.1940015526176,1.7701925847599849,0.9280100300029815,7.192924356833314,0.11201446080419082
839.0,4.050684122963207,21.84845077435929,88.50117266304036,298.1943165200373,1.776538599391573,0.927931197523086,7.218624163399571,0.11108847322412885
840.0,4.04853765730548,23.709903350058248,95.99043656378417,298.1946323419515,1.7828661749225254,0.9278525941003413,7.244248254654696,0.11206821347613702
841.0,4.041752624170545,29.91875387263095,120.9242019766188,298.1950878925447,1.7903144837627878,0.9277600685246858,7.274376380874188,0.11521152551323322
842.0,4.040088285587259,30.993587599556776,125.21683018929185,298.1956957149524,1.7988193021472154,0.9276544186068668,7.3087415090400505,0.11586759065235674
843.0,4.0445218089350305,26.262603924660635,106.21967433271266,298.1962122437158,1.8066199929537168,0.9275575156154817,7.340277560180001,0.11366672245352089
844.0,4.051257000275109,19.545845312588796,79.1852426489198,298.19655597611205,1.8129818744821156,0.927478486031278,7.3660279799181065,0.11044438442129326
845.0,4.052575878860657,18.277418439518677,74.07062509583638,298.1967787615427,1.81818638180319,0.92741383376642,7.387117086229103,0.10985214484907185
846.0,4.052455695703915,18.413189871630056,74.61863617136486,298.1969914785453,1.82328699460082,0.9273504721167599,7.407787329207878,0.10993169085600993
847.0,4.0476032025587285,23.015875079459718,93.15912968131279,298.1972812065924,1.829170667566409,0.9272773830115973,7.431612962575491,0.11222365064226575
848.0,4.039067882472787,30.95619307902954,125.03416522913457,298.1977688617106,1.836666336288801,0.9271842691144248,7.461917861687607,0.11619216564874489
849.0,4.031077087840258,38.06391071518778,153.43855835759078,298.1985803814056,1.8462519487618967,0.927065193183082,7.500594779447069,0.11980570394056694
850.0,4.03532771890627,33.225570846217664,134.0760670122262,298.1994354803314,1.8560149774576524,0.9269439133235073,7.539974568443079,0.11761454374803727
851.0,4.040482032320674,27.7807492076642,112.247618017974,298.20006516926327,1.8643335346215009,0.9268405772096707,7.573567540170313,0.11509251304314955
852.0,4.039603991560879,28.30680069103112,114.34826505980757,298.20062043924656,1.8721234712645562,0.9267438078103781,7.605039209215499,0.11546788736911726
853.0,4.038682025287867,28.85600891046794,116.54024450825338,298.2012023457531,1.8800629732014322,0.9266451804571251,7.6371079727110684,0.11584355354798291
854.0,4.041227781675881,26.1032083163407,105.48901063886893,298.20173505099234,1.8876177347771652,0.9265513324872401,7.667630574633926,0.1145884283963276
855.0,4.045877727439259,21.46807056642969,86.8571885558122,298.2021471250004,1.894224588151451,0.9264692597745161,7.694344837671124,0.11237884032327922
856.0,4.045764679256429,21.558969784708683,87.22251847613097,298.20248349736374,1.9002005652718084,0.9263950240338905,7.718522577501624,0.11245755865388357
857.0,4.0298547292403635,36.62491772717407,147.59309791089166,298.2031588797819,1.9085935469946498,0.9262907633913707,7.752396193524518,0.1199072505137504
858.0,4.022650569612038,42.79808100927678,172.1617249502694,298.20434231556266,1.9197879150048363,0.9261517029191946,7.797458940318112,0.12307662528944563
859.0,4.025553933161812,39.09172893667322,157.3658631751203,298.2055801325011,1.931161395705472,0.9260104174446525,7.843226455398559,0.12148359589080099
860.0,4.031027682602252,33.14773027566247,133.6194183566282,298.20656824727007,1.9411942821274297,0.9258857853151872,7.883640354897344,0.11877969947470773
861.0,4.0150170090127455,47.9976605446278,192.71142347950058,298.207834629103,1.9524625692021784,0.9257458065937617,7.928964676012597,0.12618499961686436
862.0,3.994851522037207,66.27852331695192,264.7728597511039,298.21037411475555,1.9685789064853334,0.9255456036461449,7.993485917755155,0.13524979994459901
863.0,4.010794528046783,49.00462797232459,196.54749372036778,298.21293646561986,1.984588225351543,0.9253467301198566,8.057557892166791,0.12736110053627686
864.0,4.022168033079879,37.14910357327167,149.4199368499868,298.21440788962013,1.9964238322111512,0.9251997039476875,8.105096933619093,0.12192422356580214
865.0,4.019071581405995,39.6319999411775,159.28384467787055,298.21562569309884,2.007087796605872,0.9250672323402996,8.147972493928174,0.12333999941672263
866.0,4.00549724342433,52.01086177027193,208.32936344894807,298.2173442169451,2.019815102676106,0.924909129159303,8.199032877549046,0.12952722331282235
867.0,3.9984170117574447,57.630768010849046,230.43184321522557,298.21979768897705,2.0351599256653476,0.9247185102401819,8.2604334137612,0.13250914469389055
868.0,4.011794485921491,43.46027820817756,174.35370447218068,298.2219257006963,2.0491986601278533,0.9245441160232565,8.316652149732588,0.12601051764444135
869.0,4.0252434914606905,30.041457438849623,120.92418102972279,298.22313635256353,2.059405785698199,0.9244173194323204,8.357662789174185,0.11972256842419464
870.0,4.02959910913408,25.906553457014063,104.39302473111827,298.2238576416554,2.067077896778784,0.9243220137046113,8.388563932865107,0.1177977208098438
871.0,4.0321815181182785,23.602222168823356,95.16844401565105,298.2244497507531,2.0739540459642503,0.9242365957023074,8.416280690929877,0.11669909349351065
872.0,4.032798122580512,23.236254757485774,93.70712456179112,298.2249828069996,2.08045937641978,0.9241557841438536,8.442513364316843,0.11650661718880634
873.0,4.037648910495017,18.887878207621377,76.26262086656503,298.2254033319085,2.0861582879362413,0.9240849902119721,8.465512456784277,0.11433822637451149
874.0,4.044817146414245,12.509389703566448,50.598193964163386,298.2256674319654,2.0905186137673897,0.924030824673697,8.483131842861242,0.11113125057153617
875.0,4.052356858473366,6.040214499512955,24.477104653751592,298.2257734758253,2.093094525304059,0.9239988257726204,8.49355892537219,0.10780908033307444
876.0,4.058150226259238,1.4628860131316068,5.936611205181506,298.2257912791308,2.094136395013535,0.9239858832917572,8.497783043733438,0.10534252978146941
877.0,4.050326342852337,9.899188813156684,40.094945222797676,298.2258323933591,2.0957138686241623,0.9239662873462836,8.504176321339873,0.10922991424361153
878.0,4.0419228220884404,18.43854377459018,74.52717088859278,298.22604393450257,2.0998501490306247,0.9239149049809859,8.520907556894326,0.11322723709924148
879.0,4.0347167994480895,25.466233492209064,102.74904008968349,298.2264838020906,2.106108125018287,0.9238371661488411,8.546174525912674,0.1165606943745903
880.0,4.053918438940897,7.186886253368887,29.135050701102994,298.22675315838103,2.11064017010212,0.9237808674521475,8.564491419517928,0.10753157947419281
881.0,4.055357257439181,6.553738667868572,26.577751670100604,298.22679655136113,2.1125259099373586,0.9237574421125794,8.572137737143699,0.10704519294851589
882.0,4.038041701474659,23.65844144371765,95.53377314162819,298.2270266323017,2.1168994655996864,0.9237031122285753,8.589826726659846,0.1152606008110807
883.0,4.037969120921334,23.658866926022657,95.53377408326652,298.22748317952585,2.123471332781021,0.9236214741269438,8.616363886149676,0.1151937182298718
884.0,4.03600484809701,25.458105695011948,102.74903800843431,298.22798227760563,2.130356631683984,0.923535942463553,8.644157966661684,0.11604108113555045
885.0,4.0320047655754845,29.13031505893432,117.45356914033847,298.22858309460963,2.1379384013507,0.9234417589894323,8.674742439031121,0.1178274376188612
886.0,4.033305787723107,27.603732292270408,111.33429321717345,298.229231311431,2.1458180963663436,0.9233438745793,8.70651841828568,0.11710593877898637
887.0,4.034791869887641,25.986392982009416,104.84968713151684,298.2298161594897,2.153261026935179,0.9232514158144698,8.736543440447191,0.11633857497711456
888.0,4.040245544875708,20.6841931622025,83.56921927293723,298.23027041598965,2.1597424745523046,0.9231709009372384,8.762711319323088,0.11374946526702197
889.0,4.044320080461776,16.937175768634408,68.49936006739874,298.23057226794657,2.1649675246144073,0.9231059934830508,8.783831873376082,0.11187315700823647
890.0,4.052420324920647,9.53347283631028,38.633639088942665,298.2307303960338,2.1686434867911166,0.9230603293566321,8.798711238841406,0.10815070068003318
891.0,4.059109059402192,3.780104557144486,15.343856653392693,298.23076996383463,2.170492306629311,0.9230373626505676,8.80620809473844,0.10516280825515087
892.0,4.063945011585125,-1.6256140182926981e-07,-6.606405980403462e-07,298.2307628761807,2.171017168578922,0.9230308426263487,8.808339181611515,0.103077449409982
893.0,4.064108572469469,0.7640800601996575,3.105304322710416,298.2307477627617,2.1711497714363284,0.9230291953858841,8.808878090318274,0.10318410160451114
894.0,4.062116507870785,3.5074983342350623,14.247866884825527,298.2307386833314,2.171743001593793,0.9230218260671578,8.811288270412069,0.10426559838721827
895.0,4.054808073837278,11.149620211756513,45.209570054849614,298.230773560801,2.1737782446922895,0.9229965435441951,8.819546278544808,0.10778882172078147
896.0,4.050361063278447,15.69425667054765,63.56740613548424,298.2309063283096,2.177644752357673,0.9229485123930723,8.835213280363014,0.10986275078371213
897.0,4.047240374852054,18.797982995074676,76.07995574344856,298.23111207362984,2.182435259533038,0.9228890029871671,8.854608802615846,0.11127898450020351
898.0,4.0489525847015315,17.165925150999378,69.50401700893195,298.2313351155055,2.187430211007466,0.9228269539005284,8.874828721800636,0.1104082387467106
899.0,4.052483178957745,13.883045340204022,56.2608077138845,298.23149893328366,2.1917423839686268,0.9227733865345512,8.892295626187344,0.10872424983036855
900.0,4.057964252241458,8.89025318829784,36.076329631488285,298.2315819741066,2.1949050911015706,0.9227340982471854,8.90512009645174,0.1061696559445221
901.0,4.0677628433003035,-1.4977409956394572e-06,-6.092455170949786e-06,298.2315879010202,2.1961390771466136,0.9227187692279923,8.910130646886365,0.10164006954922664
902.0,4.0685945163447865,-1.5645870838856363e-59,-6.36567042984098e-59,298.23157145096104,2.1961390771466136,0.9227187692279923,8.910130646886365,0.10141035673780778
903.0,4.069389992116923,1.5785860361018865e-67,6.423882217008541e-67,298.23155500376157,2.1961390771466136,0.9227187692279923,8.910130646886365,0.10116511729930203
904.0,4.070149844338788,-2.490137402349993e-77,-1.0135232360557018e-76,298.23153855987874,2.1961390771466136,0.9227187692279923,8.910130646886365,0.10091631093096984
905.0,4.070878420949114,7.405855734049784e-86,3.014833829640553e-85,298.2315221193119,2.1961390771466136,0.9227187692279923,8.910130646886365,0.10066955577922143
906.0,4.071578631892846,-5.607188452461796e-93,-2.2830108688039765e-92,298.2315056820603,2.1961390771466136,0.9227187692279923,8.910130646886365,0.10042664592362788
907.0,4.065310483039498,6.605091790882889,26.85174889891434,298.23149302194906,2.197176597342642,0.9227058807783522,8.914350371113207,0.10346132158484116
908.0,4.055544585274227,16.237207298024163,65.85071813747705,298.23155554116977,2.2005669559157006,0.9226637645227863,8.928111869223908,0.1080575309792236
909.0,4.0342749157447075,36.53955781849954,147.41062153957608,298.23199285222523,2.2078932294507103,0.9225727549136558,8.957731596430401,0.11797021476966119
910.0,4.0167771702595765,52.41051588831492,210.5213637017102,298.2333288831896,2.220508246805233,0.9224160466235375,9.008494499061857,0.12582497620297162
911.0,4.01886243537655,48.769886615312664,195.99946529585367,298.2350015610317,2.2344607667852157,0.9222427233939724,9.064555584728224,0.12437101821691487
912.0,4.037301948666652,29.6576483272522,119.73688138448559,298.2360610683033,2.2453496128491874,0.9221074582254759,9.108404886543182,0.11538036272070998
913.0,4.035596512364369,30.82439915550298,124.39483772767503,298.23667965279344,2.253749873956261,0.9220031071558228,9.142312074399639,0.1161244990956937
914.0,4.00856630339087,56.30006870188945,225.682558276985,298.2380572537091,2.2659583846050326,0.9218514486384467,9.191393881841519,0.12863204953109048
915.0,4.032213820936771,31.869539954681734,128.5047994721643,298.2394773366132,2.278199157555249,0.9216993893471397,9.240586401173724,0.11712352067272824
916.0,4.030636006997462,32.90169612079164,132.6147610757515,298.2402368204471,2.287195144460711,0.9215876379570097,9.276853009874364,0.11782093052088874
917.0,4.050150759970891,13.80083864916257,55.89547714314143,298.24064351600316,2.2935534961334545,0.9215086522219447,9.302537201671763,0.10860868327218054
918.0,4.045759237592124,18.308215618714073,74.07063246324087,298.24084365240054,2.2981421703822886,0.9214516500573628,9.321109395228026,0.11080725813813026
919.0,4.040930756919921,23.008674782398515,92.97646160416193,298.24116609808726,2.3039791173967337,0.9213791413987983,9.344707643312969,0.11309680838276717
920.0,4.030669497847299,32.697488301986084,131.7927687550342,298.2417398382716,2.3117153777004384,0.9212830387863299,9.375925913650454,0.11785299200200829
921.0,4.01575784036532,46.44227355551767,186.50092415496107,298.24289560421755,2.3227051793193163,0.9211465195115612,9.420133591363335,0.12463344743464774
922.0,4.01568855140731,45.32862308796367,182.0256327853928,298.2444438422714,2.335451156893816,0.9209881843864122,9.471317817717964,0.12432887811790014
923.0,4.019611441376943,40.490102507452086,162.75447930147968,298.24582945174404,2.3473695118708098,0.920840130287319,9.519200752631079,0.1222461273798938
924.0,4.056817570177987,4.300046373354363,17.44450368000411,298.24629281936666,2.353449076772104,0.9207646077419613,9.543721811897905,0.1047723968535955
925.0,4.062274568725755,3.609829449247037e-14,1.4664118369113537e-13,298.24628517502686,2.3540461128821755,0.9207571911443208,9.546144659423799,0.10256785433655655
926.0,4.054962467772904,7.950837034822751,32.24034576358506,298.2462917843241,2.355149913512438,0.9207434793352491,9.550622485372074,0.10626679916747729
927.0,4.055984530062362,7.566033122592441,30.687713299174366,298.24632908129536,2.3572910637792868,0.9207168811952883,9.559306140206209,0.10590529473891841
928.0,4.0519378788506994,11.968975927068644,48.497546929941606,298.24640101439104,2.360138658666243,0.9206815073457609,9.57084845049776,0.10790822084904664
929.0,4.052573666794648,11.719192183880903,47.4928896405014,298.2464961444764,2.363428679943534,0.9206406375162294,9.584180452604185,0.10765959619093074
930.0,4.051533957771456,13.052218375789671,52.881505973760454,298.24660178526875,2.366923714175796,0.9205972209419155,9.598341958380821,0.10820058799722809
931.0,4.053657127153145,11.310503962681725,45.84890500001867,298.2466982842629,2.3703073510710113,0.9205551881854532,9.61205430792203,0.10724227433000995
932.0,4.054285264688779,11.060950274543668,44.84424771153769,298.2467749165232,2.3734144924766256,0.9205165901555699,9.624650565188219,0.10700827369647911
933.0,4.061378641747381,4.6775140948655665,18.997155841359344,298.2467982774345,2.3754153692099185,0.9204917345439761,9.632770054920568,0.10374564934733391
934.0,4.066931803674825,-5.8301949067141035e-09,-2.3711005087738566e-08,298.2467852710517,2.376064802078791,0.9204836670549218,9.635408542650257,0.10127049913429934
935.0,4.065319985094004,2.3140219980637724,9.407239874675813,298.2467670370544,2.3764519292506026,0.9204788580217316,9.636982493745531,0.10218883598167093
936.0,4.061738358136769,6.363552267671439,25.847084339609307,298.2467612106354,2.3777728199901977,0.9204624494411155,9.64234912387779,0.10397664014351615
937.0,4.0609754409152625,7.534244210602292,30.59638070511391,298.2467702325333,2.3797448230012903,0.9204379525093007,9.650357922475937,0.10438401144907705
938.0,4.061616401052802,7.308187948499521,29.68305603360209,298.2467805861605,2.381806267377366,0.9204123445046289,9.658730053291961,0.10412150161055785
939.0,4.06377322827493,5.6411740982370455,22.924452276453675,298.2467797871558,2.3835452670531816,0.920390742024184,9.665795446194139,0.10315314941595885
940.0,4.0600659032860635,9.62799634638666,39.090299682927274,298.2467895903308,2.3856658680117837,0.9203643991551331,9.674408686838117,0.10496299336729702
941.0,4.0575560536062305,12.26753271360326,49.776201624893375,298.2468374893046,2.388783170811958,0.9203256748967458,9.687060268242481,0.1061463158719914
942.0,4.057742108797633,12.221953820214647,49.59353666806507,298.246898639382,2.3921844881538528,0.9202834225074055,9.700861619336203,0.10603678804213572
943.0,4.056457187433057,13.576742263372317,55.073473736182784,298.2469718699832,2.3958192722322558,0.9202382699101582,9.715607622503253,0.10662993179069379
944.0,4.0550581274744,14.977861562357413,60.73609926062384,298.2470687448811,2.3998490396036023,0.9201882106881539,9.73195040516953,0.10726258077456802
945.0,4.053533706939073,16.44804639074801,66.67271045819463,298.24718819274005,2.4042137779884705,0.9201339903355469,9.749646274623476,0.10794387787329549
946.0,4.044445149842304,25.06624496871726,101.37905288848759,298.2474516686003,2.410199392696221,0.9200596348733389,9.773875073843179,0.1121629566296048
947.0,4.043327130217319,25.705652543541813,103.93636232924246,298.2478315054992,2.4172510409951835,0.9199720367578238,9.802391111754853,0.11253292357555644
948.0,4.048326404161683,20.507542155474052,83.0212243924644,298.24812957967544,2.4235138002269676,0.9198942385064972,9.827731718150384,0.1100597828470897
949.0,4.055495417215945,13.46736155789965,54.61682308005222,298.24828857183246,2.428232083913426,0.9198356262867897,9.846847955796974,0.10664047628292468
950.0,4.069382384074196,0.3366572753976711,1.3699871859736978,298.24830607822423,2.4301477217743948,0.9198118295431752,9.854623819993542,0.10014298972104238
951.0,4.070471717965351,0.0,0.0,298.24828599516536,2.430194476955184,0.919811248733476,9.854814095984988,0.0998189412413643
952.0,4.071180076698656,4.667195713124149e-42,1.9000994201324413e-41,298.24826617781565,2.430194476955184,0.919811248733476,9.854814095984988,0.09962479296742513
953.0,4.071853205075625,3.687747285210328e-56,1.5015965602792608e-55,298.2482463644721,2.430194476955184,0.919811248733476,9.854814095984988,0.09942421552526845
954.0,4.072496473514647,1.0747610465464514e-70,4.376960571931335e-70,298.24822655512435,2.430194476955184,0.919811248733476,9.854814095984988,0.09922369546607489
955.0,4.073113269372792,1.1910329851712633e-85,4.85121225616176e-85,298.2482067497716,2.430194476955184,0.919811248733476,9.854814095984988,0.09902549414937611
956.0,4.073706042827219,4.814056401453071e-101,1.9611050653110428e-100,298.24818694841315,2.430194476955184,0.919811248733476,9.854814095984988,0.09883059896443433
957.0,4.074276683225865,6.1632415360354095e-117,2.511075128335823e-116,298.24816715104816,2.430194476955184,0.919811248733476,9.854814095984988,0.09863947053036907
958.0,4.065399261345085,9.008787725651056,36.62431896547647,298.2481477479236,2.431606033927245,0.9197937138642578,9.860556247417003,0.10290974643246203
959.0,4.048168578683343,25.65234807654751,103.84502945292772,298.24828131047985,2.436518732734384,0.9197326865498834,9.880477869408779,0.11101472911687932
960.0,4.027842732689911,44.64762562462996,179.83361440402564,298.24899850704657,2.446279276696436,0.9196114375565659,9.919877760448678,0.12036432346945185
961.0,4.012442210749974,58.11219436840374,233.17182164309008,298.250709046315,2.460867419009627,0.9194302183973959,9.978500270467968,0.12714597852249993
962.0,4.009099633898064,59.345272588378364,237.9211106076485,298.25291587008184,2.477180935302238,0.9192275660210901,10.043929872851498,0.1281593212028901
963.0,4.013262254150147,53.29845268036103,213.90066834670066,298.2550041191082,2.492825204002829,0.9190332272794679,10.106680550661837,0.12572863148687727
964.0,4.027508424887962,37.91622278171579,152.70790669328923,298.2564167734218,2.505491874666461,0.9188758773333359,10.157597180784,0.11872303030246957
965.0,4.03969091909275,25.389659056529627,102.56637512952372,298.2571070644072,2.514283268951016,0.918766667466447,10.193051825168778,0.11290958072279908
966.0,4.051423689242767,13.93176251575886,56.44347268924985,298.25737082851356,2.5197434408023747,0.918698839244691,10.2151364510768,0.1074431249095269
967.0,4.054495722482747,11.263112147686194,45.66624002463713,298.25746293541044,2.5232426723126333,0.9186553705302778,10.229318348113416,0.10614326878844804
968.0,4.059169058418575,7.155092149984434,29.04372866535045,298.25750186448107,2.5258005755926014,0.9186235953342533,10.239694621709003,0.10407239836615012
969.0,4.065503423739693,1.6174961813137476,6.57593626301692,298.2574951354353,2.52701867869734,0.9186084636186665,10.244641766152196,0.10124388606324022
970.0,4.067958898023153,-2.3027891261819672e-08,-9.367651516122894e-08,298.2574735426479,2.5271852918340896,0.9186063938902597,10.245319272664268,0.100276851087783
971.0,4.068743992177293,-8.917711539978858e-57,-3.628388525225909e-56,298.2574518733514,2.5271852918340896,0.9186063938902597,10.245319272664268,0.1000800815137777
972.0,4.069494274788541,4.610265459113985e-65,1.8761448891119727e-64,298.25743020790014,2.5271852918340896,0.9186063938902597,10.245319272664268,0.09987782764460704
973.0,4.0702100540707296,-1.0004381075245375e-72,-4.0719932437218665e-72,298.25740854681817,2.5271852918340896,0.9186063938902597,10.245319272664268,0.09967497287307867
974.0,4.070895224374995,1.4855912183484033e-79,6.047686196147945e-79,298.2573868901043,2.5271852918340896,0.9186063938902597,10.245319272664268,0.09947396558624226
975.0,4.071552628342193,4.451529381399983e-94,1.8124636152981596e-93,298.25736523775817,2.5271852918340896,0.9186063938902597,10.245319272664268,0.09927574040589103
976.0,4.072184513862814,6.180457126381502e-109,2.516796179864382e-108,298.25734358977854,2.5271852918340896,0.9186063938902597,10.245319272664268,0.0990807248901285
977.0,4.072792705604469,3.7805928110159837e-124,1.5397570823566593e-123,298.25732194616467,2.5271852918340896,0.9186063938902597,10.245319272664268,0.09888912503658062
978.0,4.073378734339059,9.156759887468646e-140,3.72989510010637e-139,298.2573003069158,2.5271852918340896,0.9186063938902597,10.245319272664268,0.09870104559389126
979.0,4.073943913722722,7.085295862221636e-156,2.8865097954822624e-155,298.257278672031,2.5271852918340896,0.9186063938902597,10.245319272664268,0.09851654386864736
980.0,4.074489391861231,1.1400736017182243e-172,4.645217796141931e-172,298.2572570415096,2.5271852918340896,0.9186063938902597,10.245319272664268,0.09833565537206909
981.0,4.075016187267041,3.4572201894491385e-190,1.4088228234951665e-189,298.25723541535064,2.5271852918340896,0.9186063938902597,10.245319272664268,0.09815840578405449
982.0,4.075525213503479,-1.0142270394780344e-193,-4.1335078716097175e-193,298.25721379355275,2.5271852918340896,0.9186063938902597,10.245319272664268,0.0979848155093305
983.0,4.076017300828852,3.0416018808888252e-201,1.2397621888736428e-200,298.2571921761151,2.5271852918340896,0.9186063938902597,10.245319272664268,0.09781490219437006
984.0,4.076493218562559,1.6888958860453542e-201,6.884772626322091e-201,298.2571705630322,2.5271852918340896,0.9186063938902597,10.245319272664268,0.09764867609745806
985.0,4.076953654614284,6.908804485589892e-202,2.816687569654127e-201,298.25714895430895,2.5271852918340896,0.9186063938902597,10.245319272664268,0.09748615282672056
986.0,4.0773992581030445,1.9671469497170567e-202,8.020843513355994e-202,298.25712734994454,2.5271852918340896,0.9186063938902597,10.245319272664268,0.0973273378842167
987.0,4.077830633922137,3.547532278407221e-203,1.446623579971656e-202,298.25710574993803,2.5271852918340896,0.9186063938902597,10.245319272664268,0.09717223114974675
988.0,4.078248348165543,3.328343225751994e-204,1.3573810262551046e-203,298.2570841542886,2.5271852918340896,0.9186063938902597,10.245319272664268,0.09702082636991671
989.0,4.078652932573659,7.769134021417113e-206,3.1687601260010694e-205,298.2570625629954,2.5271852918340896,0.9186063938902597,10.245319272664268,0.09687311088607733
990.0,4.079044888209642,-2.5426288728864826e-207,-1.0371497306561851e-206,298.2570409760574,2.5271852918340896,0.9186063938902597,10.245319272664268,0.09672906558515237
991.0,4.07942468853434,1.9283243752141288e-208,7.866454063751074e-208,298.257019393474,2.5271852918340896,0.9186063938902597,10.245319272664268,0.09658866503584723
992.0,4.079792782005319,-2.0689836889059977e-209,-8.441024720085427e-209,298.2569978152442,2.5271852918340896,0.9186063938902597,10.245319272664268,0.09645187776846087
993.0,4.0801495942945305,2.6536305151609968e-210,1.0827209469841728e-209,298.25697624136694,2.5271852918340896,0.9186063938902597,10.245319272664268,0.09631866665865915
994.0,4.080495533239954,-3.825284169102243e-219,-1.5609054965395213e-218,298.2569546718402,2.5271852918340896,0.9186063938902597,10.245319272664268,0.09618898813533466
995.0,4.080830981354083,3.6202582451414433e-228,1.4773662007275768e-227,298.25693310666435,2.5271852918340896,0.9186063938902597,10.245319272664268,0.09606279641651254
996.0,4.081156306251463,-2.13399651987828e-237,-8.709173354619918e-237,298.2569115458388,2.5271852918340896,0.9186063938902597,10.245319272664268,0.09594004035140433
997.0,4.081471859080143,7.29993699179862e-247,2.9794487405084217e-246,298.25688998936295,2.5271852918340896,0.9186063938902597,10.245319272664268,0.09582066509459841
998.0,4.081777975646872,-1.3084413881606485e-256,-5.340767240618956e-256,298.2568684372361,2.5271852918340896,0.9186063938902597,10.245319272664268,0.095704612609215
999.0,4.0820749774260605,1.0445456586996057e-266,4.263913696156682e-266,298.25684688945745,2.5271852918340896,0.9186063938902597,10.245319272664268,0.09559182214668034
1000.0,4.082363172464143,-2.735647457433407e-277,-1.116790643307131e-276,298.2568253460265,2.5271852918340896,0.9186063938902597,10.245319272664268,0.09548223069959068
1001.0,4.082642856194354,1.0120917981334334e-288,4.1320093494623605e-288,298.2568038069425,2.5271852918340896,0.9186063938902597,10.245319272664268,0.09537577342398318
1002.0,4.082914312174873,-1.2911526046790912e-295,-5.271665448846128e-295,298.2567822722048,2.5271852918340896,0.9186063938902597,10.245319272664268,0.0952723840013471
1003.0,4.08317781289845,1.4051725011774105e-302,5.737569180102623e-302,298.2567607418122,2.5271852918340896,0.9186063938902597,10.245319272664268,0.09517199493794581
1004.0,4.083433620301532,-1.288059702288816e-309,-5.25970629328173e-309,298.25673921576384,2.5271852918340896,0.9186063938902597,10.245319272664268,0.09507453804048444
1005.0,4.0836819863010625,9.900952e-317,4.04323394e-316,298.25671769405926,2.5271852918340896,0.9186063938902597,10.245319272664268,0.0949799446293702
1006.0,4.083923153294252,0.0,0.0,298.2566961766976,2.5271852918340896,0.9186063938902597,10.245319272664268,0.09488814580792658
1007.0,4.084157354635005,0.0,0.0,298.2566746636781,2.5271852918340896,0.9186063938902597,10.245319272664268,0.09479907269621982
1008.0,4.0843848026435605,0.0,0.0,298.25665315500737,2.5271852918340896,0.9186063938902597,10.245319272664268,0.09471266187915087
1009.0,4.084605729832017,0.0,0.0,298.25663165067607,2.5271852918340896,0.9186063938902597,10.245319272664268,0.09462883843552697
1010.0,4.084820344615787,0.0,0.0,298.25661015068334,2.5271852918340896,0.9186063938902597,10.245319272664268,0.09454753478336325
1011.0,4.085028847925704,0.0,0.0,298.2565886550287,2.5271852918340896,0.9186063938902597,10.245319272664268,0.09446868406773677
1012.0,4.085231433568326,0.0,0.0,298.25656716371145,2.5271852918340896,0.9186063938902597,10.245319272664268,0.09439222026582415
1013.0,4.085428288532773,0.0,0.0,298.256545676731,2.5271852918340896,0.9186063938902597,10.245319272664268,0.09431807828939556
1014.0,4.085619593278013,0.0,0.0,298.25652419408686,2.5271852918340896,0.9186063938902597,10.245319272664268,0.0942461940723
1015.0,4.085805522002486,0.0,0.0,298.25650271577865,2.5271852918340896,0.9186063938902597,10.245319272664268,0.09417650464444018
1016.0,4.085986242897249,0.0,0.0,298.2564812418059,2.5271852918340896,0.9186063938902597,10.245319272664268,0.09410894819367918
1017.0,4.086161912137253,0.0,0.0,298.25645977217346,2.5271852918340896,0.9186063938902597,10.245319272664268,0.09404346687058265
1018.0,4.0863326925150965,0.0,0.0,298.25643830687665,2.5271852918340896,0.9186063938902597,10.245319272664268,0.09397999872092898
1019.0,4.086498736064508,0.0,0.0,298.2564168459147,2.5271852918340896,0.9186063938902597,10.245319272664268,0.09391848545579205
1020.0,4.086660189667787,0.0,0.0,298.2563953892873,2.5271852918340896,0.9186063938902597,10.245319272664268,0.09385887010163371
1021.0,4.086817195303228,0.0,0.0,298.2563739369938,2.5271852918340896,0.9186063938902597,10.245319272664268,0.0938010969931776
1022.0,4.086969890230861,0.0,0.0,298.2563524890339,2.5271852918340896,0.9186063938902597,10.245319272664268,0.0937451117830479
1023.0,4.087118407169113,0.0,0.0,298.256331045407,2.5271852918340896,0.9186063938902597,10.245319272664268,0.09369086144602268
1024.0,4.087262881606627,0.0,0.0,298.2563096061047,2.5271852918340896,0.9186063938902597,10.245319272664268,0.09363829111286315
1025.0,4.0874034401435555,0.0,0.0,298.25628817112283,2.5271852918340896,0.9186063938902597,10.245319272664268,0.09358734930797188
1026.0,4.087540201311528,0.0,0.0,298.2562667404616,2.5271852918340896,0.9186063938902597,10.245319272664268,0.09353798764568674
1027.0,4.086997890443624,0.6480641330931083,2.6486367448237096,298.25624066235673,2.5273003913201944,0.9186049640829789,10.245789695441875,0.09381355328447258
1028.0,4.082606584422306,4.966388547618905,20.275810585308477,298.25618976880884,2.528215105918343,0.9185936011687162,10.249525129672767,0.09592625660657936
1029.0,4.073014691276552,14.149419852016278,57.6307949303024,298.2561290182219,2.5308694433573846,0.9185606280328275,10.260345519130963,0.10049343457044427
1030.0,4.064512148305962,21.908943044104205,89.04916515930495,298.2561315960451,2.5358769792485236,0.9184984226180307,10.280717768258745,0.10443760179307032
1031.0,4.0604566115472345,25.057374709894283,101.7443828088067,298.25624077040385,2.542491030639819,0.9184162604889463,10.307584179430682,0.10618891771338806
1032.0,4.057498200893518,27.056485454915347,109.78164105582064,298.25641401497415,2.5497290459870947,0.9183263472548187,10.336962940999062,0.10741203354684851
1033.0,4.054110598621412,29.422043627476526,119.28021890325415,298.2566613136814,2.5575733165843126,0.9182289028995737,10.368777518835307,0.10884175378038277
1034.0,4.050625701807571,31.81486963126507,128.87012862805946,298.25699881694305,2.5660784586753755,0.9181232489605543,10.403243219771776,0.11030720433906127
1035.0,4.052255085811514,29.1875902756609,118.27556113712957,298.25735074417304,2.5745508955224468,0.9180180012978577,10.437568556597794,0.10932622445863571
1036.0,4.053738775039983,26.856273257013438,108.86831625502472,298.25764031034055,2.5823346771732347,0.9179213083580964,10.469116006048678,0.1084687738814096
1037.0,4.054230569727272,25.613991941844077,103.84502914337227,298.2578900773645,2.589622173396267,0.9178307804547047,10.498659347505033,0.10811701873404375
1038.0,4.048550844272759,30.387379435140968,123.02485066737664,298.2582220913592,2.5975338227586104,0.9177324990961663,10.530707405773288,0.11070501247191657
1039.0,4.042022470710434,35.81424404947218,144.761979219474,298.2587320769729,2.6067282283592625,0.9176182828775247,10.56790028727569,0.11363536356749433
1040.0,4.038223548989856,38.38103978518955,154.991218695269,298.25944408201815,2.6171178035736413,0.9174892198313833,10.60987055344594,0.11521234147999584
1041.0,4.038218570772018,37.20500193254585,150.24192972961546,298.26019548945976,2.6276158227433153,0.9173588096553625,10.652263809502521,0.11498524468641869
1042.0,4.044402326436892,30.147557937572863,121.92885345911067,298.2607924713508,2.6369691109128253,0.9172426197402133,10.690061602274646,0.11187298027587782
1043.0,4.052230466489677,21.907729920995752,88.77517063748647,298.2611054513619,2.6440177697410268,0.917155058760981,10.718599417380249,0.10809440844042745
1044.0,4.05848061866719,15.550337593040217,63.11074373508552,298.26124985158174,2.649219987245963,0.9170904349410439,10.73969461296745,0.10514532933046764
1045.0,4.059697121256698,14.308322910729743,58.08745733070079,298.2613195765515,2.6533670118014117,0.9170389191080569,10.756527684227732,0.10463015357868868
1046.0,4.05818104862662,15.731531521046868,63.84140308458471,298.26139101755405,2.657539246132466,0.9169870901101557,10.773462470645944,0.10539263420444114
1047.0,4.057930584781321,15.867545561075653,64.38939843769998,298.26147614064763,2.6619280108000356,0.9169325712944094,10.791272323809737,0.1055223061853662
1048.0,4.063483736561624,10.45152533707305,42.46960322945809,298.2615137622438,2.66542297250657,0.9168891556210363,10.8054655637122,0.1029102720860165
1049.0,4.072335603016134,2.085761460506153,8.493920655018137,298.261498685077,2.6671636202229894,0.9168675326680373,10.812543776342181,0.09879363391017404
1050.0,4.075005782673289,0.0,0.0,298.2614729313602,2.667453268120254,0.9168639345575124,10.81372348701996,0.09768633220081482
1051.0,4.075563954223837,-1.0925846017425472e-45,-4.4528984198019315e-45,298.261450455136,2.667453268120254,0.9168639345575124,10.81372348701996,0.09756716980832228
1052.0,4.076091799407763,-8.39367561326547e-64,-3.4213392334120304e-63,298.26142798346154,2.667453268120254,0.9168639345575124,10.81372348701996,0.09743822906048197
1053.0,4.076594404860879,1.3987172434647508e-68,5.702002888690835e-68,298.26140551631914,2.667453268120254,0.9168639345575124,10.81372348701996,0.09730705444320602
1054.0,4.077074921751533,-2.9819318363955856e-78,-1.2157559508540938e-77,298.2613830537076,2.667453268120254,0.9168639345575124,10.81372348701996,0.09717585769680215
1055.0,4.077535619380155,-1.4687699706476424e-78,-5.988961871991707e-78,298.26136059562174,2.667453268120254,0.9168639345575124,10.81372348701996,0.09704557254081168
1056.0,4.077978229242753,-4.90069297060927e-79,-1.9984919242347595e-78,298.2613381420664,2.667453268120254,0.9168639345575124,10.81372348701996,0.09691666827269674
1057.0,4.078404135653004,-1.0097942279470086e-79,-4.1183489554176124e-79,298.2613156930406,2.667453268120254,0.9168639345575124,10.81372348701996,0.0967893974483062
1058.0,4.0788144823192365,-1.0542801891718585e-80,-4.300213304016441e-80,298.2612932485433,2.667453268120254,0.9168639345575124,10.81372348701996,0.0966639148842441
1059.0,4.079210237538701,-2.590324836444786e-82,-1.0566479591376332e-81,298.26127080857367,2.667453268120254,0.9168639345575124,10.81372348701996,0.09654032627691625
1060.0,4.079592237643775,9.503136032354586e-84,3.876891999086663e-83,298.26124837313074,2.667453268120254,0.9168639345575124,10.81372348701996,0.09641871196804437
1061.0,4.079961217071258,-7.789843688291365e-85,-3.1782260135276097e-84,298.26122594221357,2.667453268120254,0.9168639345575124,10.81372348701996,0.09629913856846567
1062.0,4.078748145480897,1.500274422560562,6.119241518731315,298.2611971614749,2.667719902736131,0.9168606223262592,10.814811081165322,0.09692651010241643
1063.0,4.077071584659043,3.3826249006466598,13.791203863986615,298.2611606282965,2.6683980593438736,0.9168521980205729,10.817576432780339,0.09775708754300566
1064.0,4.069791783733,10.547533609415156,42.926265622245474,298.2611223550932,2.6704931648428576,0.9168261718653061,10.8261082946631,0.10122900176236417
1065.0,4.06088172867244,19.00472447480773,77.17593837820064,298.2611436514092,2.6745970036347946,0.9167751925014311,10.842789190640717,0.10540010976609346
1066.0,4.05903714870436,20.29592093243154,82.38189703190605,298.2612454984367,2.6801052693609844,0.9167067668402362,10.865151053658982,0.10612719947759805
1067.0,4.069133533665385,10.10029917878591,41.0994660884507,298.26126871565685,2.684085533275935,0.9166573225680008,10.881327754169323,0.10120569520176899
1068.0,4.072451606570165,6.862632536061057,27.94773889678254,298.26123684346896,2.6864414131663072,0.9166280569793005,10.89091765817026,0.09963910072363882
1069.0,4.068248043056763,11.00053752018425,44.75291523906208,298.26120762605655,2.6889222720064003,0.9165972388570633,10.901015005944958,0.10167146283965436
1070.0,4.058966185021152,19.84623834133896,80.55521032736512,298.26124733963854,2.693205884742886,0.9165440262764859,10.918419020311397,0.10605045754345199
1071.0,4.0516802552067475,26.373996703206718,106.85900169327051,298.2614520642965,2.699782397311981,0.916462330468174,10.945083740823314,0.10936715723526544
1072.0,4.0433743724150615,33.65639260296839,136.08539531878222,298.2618606693821,2.7081194259787638,0.9163587648946737,10.978826183702813,0.11311190845291749
1073.0,4.031255932983924,44.36061588967881,178.82899599608862,298.2626650854785,2.7189540720946175,0.9162241730174581,11.022564599836942,0.1185838613446979
1074.0,4.014877256801573,58.82764985804703,236.18579348615933,298.26422326378514,2.7332836463934544,0.9160461658833111,11.080205870502889,0.12592710701361254
1075.0,4.006294061421871,65.10894085869418,260.8455631076543,298.2665842095193,2.7504965554289202,0.9158323409263488,11.149238135826975,0.12942873564914006
1076.0,4.006002270350327,63.03898260105975,252.5343074204201,298.2691944754075,2.7682948863401196,0.9156112436479488,11.22054070118537,0.12902233420190815
1077.0,4.010260781660118,56.70899918492188,227.41787539848778,298.2715375276895,2.7849259662367034,0.9154046463821527,11.287198911030563,0.12657566297881928
1078.0,4.013086529252147,52.162853408924946,209.33404434271117,298.2735203282543,2.8000469214207633,0.9152168084295557,11.347858533641359,0.12491472307583085
1079.0,4.0112887087462905,52.36838318950303,210.06470418335255,298.2753903511194,2.8145651561993734,0.9150364576869643,11.406108383013816,0.12547364360770513
1080.0,4.021722216750643,40.80949836938581,164.12446624660802,298.2768893944826,2.827380788474863,0.9148772572860265,11.457584157762316,0.12033774925004011
1081.0,4.03633200961233,25.88596647698981,104.4843550908257,298.27770258596007,2.8366421873968433,0.914762208852213,11.494890678966799,0.1134205889861518
1082.0,4.051333683351561,11.40716427675401,46.21422886593817,298.27793919288297,2.841584778300952,0.9147008102074415,11.514876515632134,0.1065070813611747
1083.0,4.063799986585758,4.6676421408542446e-14,1.89683640693906e-13,298.27794702974955,2.842999892088755,0.9146832311541769,11.520615889360414,0.10090892191809228
1084.0,4.064771532922524,2.3192138192343296e-61,9.427074311184228e-61,298.2779212318622,2.842999892088755,0.9146832311541769,11.520615889360414,0.1007633261255195
1085.0,4.059206236860025,6.1650228170142976,25.025099069208796,298.2779065650722,2.843924955733575,0.9146717396803282,11.524372509648487,0.10360460667226792
1086.0,4.048926590367962,16.489319191286157,66.76404293066327,298.27799038974797,2.847297543990559,0.9146298441740303,11.53803990597632,0.1085332886083896
1087.0,4.047362129619333,18.03017600390209,72.97465154856455,298.278170678555,2.852091894254396,0.9145702870278957,11.557448064653713,0.10924750172549336
1088.0,4.0472651612214925,18.098307403792163,73.24864903244502,298.2783699797093,2.8571097418257003,0.9145079535176931,11.577756867072777,0.10927817797419451
1089.0,4.048787052277135,16.62523304560436,67.31202829613291,298.2785475846717,2.861881943641927,0.9144486715075537,11.597075671735261,0.10856263781188777
1090.0,4.0488312668305655,16.625053843615277,67.3120378147712,298.2787113563438,2.8665000319991796,0.9143913039503208,11.615773460020362,0.1085582028962502
1091.0,4.044036545280129,21.229415291791945,85.85253127493543,298.2789463117117,2.8719028773617015,0.9143241878588608,11.637632212461124,0.110808859844772
1092.0,4.03231233358083,32.299114210237775,130.2401165936776,298.2794253935394,2.879336385754329,0.9142318461396978,11.667645409560063,0.11624000178450007
1093.0,4.020714016108711,42.773255452192046,171.97902771122688,298.28039082476204,2.8897620593497755,0.9141023346664624,11.709620424899006,0.12145053808386982
1094.0,4.0226777024367015,39.732698252971,159.83183931987213,298.2815597171204,2.9011600913730042,0.9139607442065465,11.75546112855993,0.12022508163389756
1095.0,4.030575617961565,31.180034426344616,125.67348652602684,298.28245264566476,2.911008221925644,0.9138384071810478,11.795113195860274,0.11632224058118044
1096.0,4.038077710053101,23.499905988578774,94.89444656082334,298.2829713401394,2.9184697918015536,0.9137457168720303,11.825217478673906,0.11275169134028538
1097.0,4.048258847620067,13.626798985206387,55.16480955660191,298.2832226502241,2.9236254410560085,0.9136816715396768,11.846058905331248,0.1080171655013818
1098.0,4.062700689066855,0.17984570507609418,0.7306592699383622,298.2832441185215,2.9253908845209287,0.9136597405649574,11.853215069582067,0.10140562183334234
1099.0,4.063824085774723,0.0,0.0,298.28321733336895,2.925408855730277,0.9136595173201207,11.85328808823523,0.10114332013439958
1100.0,4.064717024639242,-3.552972198706002e-38,-1.4441826584150205e-37,298.28319047283327,2.925408855730277,0.9136595173201207,11.85328808823523,0.10093773911972469
1101.0,4.056097648859167,9.02944824226246,36.6243237859363,298.28318481705935,2.926761445936983,0.9136427149573045,11.858777938826975,0.10515042898033802
1102.0,4.042395127336192,22.45809287303995,90.78448519924035,298.28336051314125,2.9314186909428086,0.9135848609820769,11.877627002071476,0.1115925264467702
1103.0,4.025699494796034,38.22819587774593,153.8952288320056,298.2839875418484,2.9398449827206905,0.9134801865500535,11.911610367500861,0.11926118973839275
1104.0,4.011556340582179,50.88501211191911,204.1280929781701,298.2853588647463,2.952220359276528,0.9133264551642667,11.961335940530388,0.1255250730237033
1105.0,4.015671589023925,45.328814561532276,182.02563279887914,298.286978446295,2.9655832412862777,0.9131604566299841,12.014968283654092,0.12316003994538123
1106.0,4.0299537016909746,30.368965096415266,122.3855233068227,298.2880222781237,2.9760948117293076,0.9130298781151638,12.057246513227913,0.11622383700835838
1107.0,4.041260650247757,19.096997780286003,77.1759456673386,298.28847850919493,2.9829640207820742,0.9129445463256884,12.08496331066094,0.11090887971604807
1108.0,4.055484855504416,5.607661722892427,22.741787191982038,298.2885969280266,2.986393576891833,0.9129019431442008,12.09884070883122,0.10435787662393001
1109.0,4.062106140946383,-7.3929078102386026e-09,-3.00307762154207e-08,298.2885792491537,2.987072526079761,0.912893508992798,12.101595825930099,0.1014959905716496
1110.0,4.056778759219319,5.966090010142462,24.203107228736513,298.2885656920895,2.9880421480684367,0.9128814639991498,12.10553077469891,0.10422042772109642
1111.0,4.042811951641215,19.902957622742747,80.463914950233,298.2886810192285,2.9916334228247057,0.9128368518903763,12.120067891612807,0.1108684075936247
1112.0,4.022503416695227,39.30298490987421,158.09639108628997,298.2893150681484,2.9998531381841103,0.912734743625042,12.153201352763102,0.1202552926760971
1113.0,3.9958943175152974,64.04413852028551,255.91360918337145,298.29125467099055,3.014331994281796,0.9125548820586112,12.211229011711737,0.1322604969737786
1114.0,3.9893975657188694,68.15485012918893,271.8967931973207,298.29437148448994,3.0326927520591087,0.912326798111067,12.284536051164777,0.1345982183349522
1115.0,4.006943329526791,48.84657960718545,195.7254763272111,298.29681827788664,3.0486193756698805,0.9121289518550325,12.348220449555647,0.1259037641680262
1116.0,4.024875223269673,30.40728383311268,122.3855233068237,298.2980191144947,3.0594645950842994,0.9119942286324931,12.391771356228032,0.1173729110944223
1117.0,4.037643824435827,17.915231367207042,72.33532329314254,298.2985098537505,3.0661747355495876,0.9119108728503156,12.418815863009149,0.11147886825650294
1118.0,4.053503304449102,3.131911364026961,12.69521306332498,298.29860142749527,3.0689230658401785,0.9118767321013642,12.42993070114053,0.10427826724403629
1119.0,4.0552120385047825,2.454924730581763,9.955240321078277,298.2985863021729,3.0696748929877447,0.9118673926336925,12.432979012024878,0.10378642046944409
1120.0,4.047699829453503,10.514844856496463,42.56093573237078,298.29861448277944,3.0715954572079576,0.9118435346930688,12.440757924940137,0.10752166058278056
1121.0,4.045061778711222,13.524677383285754,54.70815555252931,298.2987185806992,3.074934214258162,0.9118020594502091,12.454267530637441,0.10884238123793286
1122.0,4.051169115021759,8.025920909550829,32.51436290837966,298.29879911284695,3.077927055983735,0.9117648812921275,12.466381606323552,0.10604808437331972
1123.0,4.0601842609503,-8.475190777408603e-07,-3.441083620298555e-06,298.29879520515317,3.079041159312693,0.9117510414992211,12.470897457495605,0.10197873516058145
1124.0,4.0611468872125265,2.773033925392901e-65,1.1261698094244114e-64,298.2987652043472,3.079041159312693,0.9117510414992211,12.470897457495605,0.10175165595188768
1125.0,4.062066733814193,-2.402635904179063e-72,-9.759667379833358e-72,298.29873520891243,3.079041159312693,0.9117510414992211,12.470897457495605,0.10150978403656244
1126.0,4.062945076218623,8.339309473814361e-80,3.3882156365697376e-79,298.29870521952625,3.079041159312693,0.9117510414992211,12.470897457495605,0.10126448982658848
1127.0,4.06378654217025,-8.060257916958296e-88,-3.275516764935634e-87,298.29867523618765,3.079041159312693,0.9117510414992211,12.470897457495605,0.10102059095095584
1128.0,4.0645943962541935,3.7902048348196794e-97,1.540564533226362e-96,298.2986452588953,3.079041159312693,0.9117510414992211,12.470897457495605,0.10077964359804306
1129.0,4.065371184168148,-4.74181951438021e-105,-1.9277256414287507e-104,298.2986152876481,3.079041159312693,0.9117510414992211,12.470897457495605,0.10054233961136674
1130.0,4.066118993426606,3.7150266946849636e-112,1.5105740604345396e-111,298.2985853224448,3.079041159312693,0.9117510414992211,12.470897457495605,0.10030903561255028
1131.0,4.06683959506131,-4.674150039512389e-119,-1.9009018453946372e-118,298.2985553632843,3.079041159312693,0.9117510414992211,12.470897457495605,0.10007993656496626
1132.0,4.067534527972008,7.379519301294594e-126,3.0016449557851627e-125,298.29852541016544,3.079041159312693,0.9117510414992211,12.470897457495605,0.09985517160783505
1133.0,4.068205149310959,1.2343837936276625e-140,5.021726505462053e-140,298.2984954630872,3.079041159312693,0.9117510414992211,12.470897457495605,0.09963482924155721
1134.0,4.068852683419866,1.154829780563618e-155,4.698832251539452e-155,298.2984655220483,3.079041159312693,0.9117510414992211,12.470897457495605,0.09941897335306926
1135.0,4.069478235860178,5.676853987645705e-171,2.3101833750880257e-170,298.29843558704744,3.079041159312693,0.9117510414992211,12.470897457495605,0.09920765207592386
1136.0,4.070082817304909,1.321140429434751e-186,5.377150961089209e-186,298.29840565808377,3.079041159312693,0.9117510414992211,12.470897457495605,0.0990009014016936
1137.0,4.070667358335768,1.2184387105119094e-202,4.959858687013554e-202,298.29837573515596,3.079041159312693,0.9117510414992211,12.470897457495605,0.09879874679989967
1138.0,4.069328285411946,1.8179734774874101,7.397930894068236,298.29834256302223,3.079357749669207,0.9117471086997614,12.472185860169953,0.09949692221377635
1139.0,4.06899629941366,2.581283970418709,10.503234923369527,298.2983071703552,3.0799687558112403,0.911739518561351,12.474672135794814,0.09969570317672263
1140.0,4.068562376501292,3.38969965511159,13.791204484426423,298.29827066449286,3.08082759338158,0.9117288497716574,12.478166500320231,0.09993367673179535
1141.0,4.065537669561368,6.6496528382956495,27.03441410359663,298.2982368048449,3.0822219035457454,0.9117115291485001,12.483836840070857,0.1013885410533201
1142.0,4.0589233151291655,13.208469747278333,53.61216581440626,298.2982331501192,3.084979618549355,0.9116772718192626,12.495037805048971,0.10449783237268377
1143.0,4.0528237675573315,18.974905556644273,76.90194822712358,298.2983109336699,3.0894492209426225,0.9116217488081662,12.513164804552014,0.10728356120154993
1144.0,4.057849159695253,13.774656357485238,55.89547772531234,298.2983954476304,3.0939975466529632,0.911565247867665,12.531608807839637,0.10476274413022132
1145.0,4.066299210030833,5.547826519815175,22.559122594912548,298.2983944894878,3.096680693207333,0.9115319168545672,12.542505186223464,0.10072596773620646
1146.0,4.072362657911809,-9.085806762076237e-07,-3.700070017488187e-06,298.2983604828117,3.0974509489262623,0.9115223484605433,12.545638391677148,0.09792354642865811
1147.0,4.072899748928048,3.700749384916096e-73,1.5072781240670395e-72,298.2983305698048,3.0974509489262623,0.9115223484605433,12.545638391677148,0.0977782383816827
1148.0,4.073413736018368,2.228753710586899e-80,9.07863597890658e-80,298.2983006620223,3.0974509489262623,0.9115223484605433,12.545638391677148,0.09762193252072213
1149.0,4.073905411228008,-2.2306932051497794e-81,-9.087633119249235e-81,298.2982707602702,3.0974509489262623,0.9115223484605433,12.545638391677148,0.09746323225685688
1150.0,4.073132432732518,1.1884272157992744,4.840621436614031,298.2982370709577,3.0976680360775437,0.9115196517257448,12.546522643074363,0.09789307322118562
1151.0,4.073532693708495,1.1883104422108877,4.840621436621251,298.29820139472497,3.0979981384637925,0.9115155510749839,12.54786726014009,0.0977500774039079
1152.0,4.067771239503844,7.095055710588616,28.86106356220988,298.29816087733593,3.0992487692581974,0.911500015288718,12.552956920192138,0.10052224653682
1153.0,4.055426329394945,19.075333404345457,77.35860932996947,298.2981840418851,3.102996306312395,0.9114534620333864,12.568172985306415,0.10633249378605343
1154.0,4.040617451905445,32.91083419276583,132.98009099605608,298.2985006030301,3.1104083645974474,0.911361386775187,12.598167132036926,0.11314893722443736
1155.0,4.0384944117423665,33.90060098670056,136.90738763949795,298.29905952459285,3.1196877179126603,0.9112461153054328,12.635651512542008,0.11382394935782578
1156.0,4.0359986541851445,35.256702529515096,142.2960039601289,298.29968714535966,3.129293072708383,0.9111267941278461,12.67443058048559,0.1147226642672794
1157.0,4.025722258101222,44.10397188173539,177.5503412749726,298.3006220045955,3.140537568693192,0.9109871109479106,12.719743055116167,0.11927821629505833
1158.0,4.009178691389883,58.75180037034818,235.54646612559213,298.30225121909143,3.1548212408970224,0.9108096740261239,12.777118081138651,0.12665227601590878
1159.0,3.9940308201841512,71.46013198713904,285.41396957106065,298.304978530071,3.1729044084789155,0.9105850384039886,12.849473963575834,0.1331513471309661
1160.0,3.9883688977902554,74.2866479493882,296.28255620243414,298.3085374375062,3.193227651011927,0.910332575763827,12.930575921413542,0.13508854327748654
1161.0,3.9893901574797086,70.46725492240283,281.1213732120474,298.3121130012089,3.2133322233553288,0.9100828295235363,13.010770112793299,0.1339435383697452
1162.0,3.9845759101349953,72.6611735799855,289.5239618489476,298.3157058701011,3.2332111602381617,0.9098358862082215,13.090026793012491,0.13560181321005366
1163.0,3.9788389182470003,75.70412514003716,301.214519379021,298.3196594297088,3.2538174609686044,0.9095799073171602,13.172074579131387,0.13765518720999498
1164.0,3.971675274947612,80.04893155767769,317.92836225360213,298.32411003731283,3.2754497219836947,0.9093111835778422,13.258067557838269,0.14032372028991247
1165.0,3.9662733023295926,82.48371158055313,327.15294311900215,298.32905332934314,3.2980236614399234,0.9090307619696903,13.347662566144008,0.14212462717701063
1166.0,3.9929424205030024,53.61543212031966,214.08333330682362,298.33268400744225,3.316812054078325,0.9087973657878469,13.422416613366156,0.12926213355736735
1167.0,3.991656821644926,53.586938438514956,213.90066836916492,298.33504680468394,3.331701270328102,0.908612406579775,13.481858835572279,0.12971008870407386
1168.0,3.976083923894083,67.3493911177586,267.78683130737494,298.3380952140358,3.3486346767099717,0.9084020537054661,13.54930569492536,0.13659664887379433
1169.0,3.9751053809591292,66.28609301583128,263.4942050299883,298.3417486791031,3.3671951931449424,0.9081714882839137,13.623094695187186,0.13656518260079115
1170.0,3.9725034105545642,66.90428921468187,265.7775170860527,298.3454408931663,3.385693922868981,0.9079416903991431,13.696604943134957,0.13732966118737938
1171.0,3.9701001941787193,67.33587461366935,267.33016887892256,298.3492459398973,3.4043384437878155,0.9077100814436296,13.770647886208003,0.13800262714739753
1172.0,3.9701600414266602,65.40246187589453,259.658240750607,298.3530315830135,3.422774088022897,0.9074810672295291,13.84383959936481,0.1375625461194604
1173.0,3.9684893928589258,65.29190841542527,259.1102459861316,298.35676559595794,3.440926083631551,0.9072555766008502,13.915890716251788,0.13795282156681216
1174.0,3.9670566854418032,64.99317047650618,257.83159144688267,298.36052844766846,3.459021197284561,0.9070307925803159,13.987687955865352,0.13823915066123832
1175.0,3.9682353447063416,62.23497437325226,246.963024984833,298.3641821652465,3.4766912785927713,0.9068112884646861,14.05779624589579,0.13735846638882787
1176.0,3.967647575426968,61.36946068510796,243.49239189252924,298.367693927918,3.4938585089974428,0.906598030944131,14.12591474562445,0.13733236533871096
1177.0,3.9648966606286997,62.65594467661132,248.42434581683278,298.3712639941744,3.5110844960747563,0.9063840435270216,14.194237599637452,0.13829194418957452
1178.0,3.9571854520645555,68.66348058273344,271.71412645010986,298.375253750989,3.529323837132512,0.9061574678617079,14.266483129856358,0.14145087065968276
1179.0,3.953598467645544,70.3890567432207,278.2900668790126,298.37971126314875,3.5486366817049975,0.9059175567490062,14.34287280938718,0.14264236613441755
1180.0,3.949922259320826,72.14251784817307,284.9573370919488,298.38442183560784,3.568432873913117,0.9056716413178494,14.421102431805858,0.14386293341623846
1181.0,3.948675946198602,71.49452113823446,282.3086959035339,298.38925341429854,3.588382420657043,0.9054238208614032,14.499889066859877,0.1439792070336562
1182.0,3.9502934957870015,68.18214489841077,269.33948352099895,298.39391019553284,3.60778143505216,0.9051828393161222,14.576504680872342,0.14284958230190586
1183.0,3.9500102814109743,66.93844091371234,264.40752983078477,298.3983530694254,3.6265481236337656,0.9049497127498911,14.650635829448007,0.14264562911980283
1184.0,3.9500636174734987,65.48086487280648,258.6535819747713,298.4026840138121,3.6449394474846275,0.9047212490995697,14.723282090999604,0.1423146998054648
1185.0,3.953055519166838,61.34184848590005,242.48773271308315,298.4067420050563,3.662552926559052,0.9045024481172788,14.792882072273416,0.14070648404893676
1186.0,3.9593878075098643,54.323547025138964,215.087989752024,298.4102418357017,3.678616928403435,0.9043028952993362,14.856432825677697,0.13769670849528542
1187.0,3.958772129234498,54.33199577297335,215.08799059173344,298.4134031958656,3.6937079741262435,0.9041154288928417,14.91617948972985,0.137905425633208
1188.0,3.9581527088523107,54.34049831041096,215.08799058773755,298.4165741320844,3.7088013857188336,0.9039279330966604,14.975926153782005,0.13808563523996997
1189.0,3.95753505509336,54.34897924931934,215.0879905877229,298.419754715916,3.7238971570386936,0.903740407987097,15.035672817834142,0.13825293164119845
1190.0,3.9569218255033323,54.35740205971146,215.08799058773207,298.42294493010786,3.7389952766464303,0.9035528537062555,15.095419481886282,0.13841129994541393
1191.0,3.956314549952568,54.36574566355273,215.0879905877344,298.4261446872852,3.7540957252806835,0.9033652704934076,15.155166145938423,0.13856235056681168
1192.0,3.955714177691085,54.37399693859591,215.08799058773548,298.4293538579018,3.7691984790092117,0.9031776586458482,15.214912809990585,0.13870691994353154
1193.0,3.955121304734846,54.38214759143319,215.0879905361122,298.4325722774662,3.7843035087453623,0.9029900185249022,15.274659474042725,0.13884552290338253
1194.0,3.954536342183266,54.390191897141186,215.08799051556662,298.4357997820041,3.7994107881903667,0.9028023504572624,15.334406138094874,0.13897851573224645
1195.0,3.951290382978734,56.90813485258262,224.8605659562666,298.4391907192202,3.8149466093575635,0.9026093588899681,15.395812248170017,0.14028318212438778
1196.0,3.9530649280849635,54.54906240881775,215.63598546821532,298.44257139805205,3.8304265197348326,0.902417061866648,15.456991300819508,0.13931664961261556
1197.0,3.9498256748277156,57.09109913560918,225.49988916996352,298.4459711548722,3.8459322767957844,0.9022244437665119,15.518261278885086,0.14062822873610667
1198.0,3.940950219969072,64.84433068151193,255.54827926305168,298.4499257052629,3.8628679727896698,0.9020140624498177,15.585076840280973,0.14437256061758721
1199.0,3.9363420171095735,68.09896799333649,268.06082903397044,298.4545148752604,3.881332196396698,0.9017846932124634,15.657800569094253,0.14606959580485473
1200.0,3.925959329874414,76.72380024085922,301.2145193790221,298.4598592953605,3.90144631464941,0.9015348283894483,15.736869448370175,0.15027351625120752
1201.0,3.922466486548787,78.25904096937357,306.96846547181633,298.46589958850933,3.9229716802054866,0.9012674325440312,15.821339425375372,0.1512743091817713
1202.0,3.9243648951292456,74.59056554250176,292.7205969228311,298.4718596763621,3.944200337886211,0.9010037225107302,15.904627611114622,0.14991842200937988
1203.0,3.927060802388738,70.46934808679603,276.7374146415445,298.47736817604607,3.96434724629724,0.900753450356556,15.983717781331189,0.1483274376012746
1204.0,3.9305192099092894,65.94588771192137,259.2015784662279,298.4823770273364,3.9832934877535298,0.9005180933198319,16.05815263544998,0.14650234400361734
1205.0,3.9319522899986947,63.668709428406665,250.34232783828506,298.48700311582274,4.001295419946131,0.9002944668329673,16.1289221662934,0.14566205109697195
1206.0,3.9309340168263307,63.871076610375226,251.07298773904458,298.491524974458,4.019009304979099,0.9000744185716881,16.198563286998823,0.1459335994121475
1207.0,3.929938321191537,64.04994036226658,251.712315099704,298.49608477365007,4.0367762559017635,0.8998537111068103,16.268395094677786,0.1461801719817089
1208.0,3.928919853577675,64.25251324749398,252.44297494034166,298.5006826481805,4.0545962076159,0.8996323452470074,16.338417268462045,0.14643117460478713
1209.0,3.9307338967542695,61.78313539171426,242.8530645319696,298.5051630256114,4.072099119928345,0.8994149177648653,16.4072004116803,0.1454394383611008
1210.0,3.9301040009868284,61.79303765963967,242.85306453927964,298.50951354245973,4.089262480126357,0.8992017083214117,16.474659596272527,0.14557443375701848
1211.0,3.9294816425684793,61.802824550982784,242.85306453196736,298.51387494175384,4.106428586152939,0.8989884647682864,16.542118780864737,0.1456983819856322
1212.0,3.9316783288768957,59.166544893282534,232.6238223514409,298.5180951119833,4.123226963636387,0.8987797892715976,16.6081458870607,0.14458796353032516
1213.0,3.9286467800663516,61.6299754714127,242.12240469133374,298.5223127549545,4.140004438250014,0.898571373437888,16.674083936313504,0.14582143651211293
1214.0,3.9280564425304783,61.639237684266476,242.12240469835038,298.5266780550119,4.157125166584778,0.8983586935827977,16.741340159838867,0.1459221731464413
1215.0,3.9274773875245694,61.648325570314874,242.12240465616438,298.53105322583656,4.1742484523056165,0.8981459819589364,16.808596383364247,0.1460238351065659
1216.0,3.929744324956197,59.00973390297845,231.89316692240484,298.5352508032964,4.190917565540286,0.8979389122293132,16.874087016847955,0.14489155010915544
1217.0,3.929542505276714,58.85006696105517,231.2538395618471,298.53933006299934,4.207286967102825,0.8977355656260518,16.938412917863598,0.14488931010667142
1218.0,3.929352814279084,58.69020245708123,230.61451219534132,298.5433941038186,4.223611733769342,0.8975327734935485,17.002560202284492,0.14487631042448107
1219.0,3.9291761589197596,58.53012833515325,229.97518483299802,298.5474427446457,4.239892055734499,0.8973305334691366,17.066529861868446,0.14485714176519607
1220.0,3.931851545055591,55.72606625669218,219.10661971124537,298.55129224307495,4.255664783703385,0.8971345989602063,17.128529551930455,0.14360045420723427
1221.0,3.9348727368183485,52.758689062218615,207.59872722120042,298.5548677254183,4.2707318016085845,0.8969474310359181,17.187793090594127,0.14224341547854336
1222.0,3.9354231956763104,52.28715372864576,205.77207761960562,298.5582573279046,4.285321466594403,0.8967661929615601,17.245205561845676,0.14201821309256396
1223.0,3.938804511217155,49.18146856423233,193.716190249083,298.5614572110937,4.299411144518993,0.8965911659065963,17.300677850160085,0.1405472576252364
1224.0,3.9341886113026323,53.742895271709656,211.43468651639023,298.5647222263392,4.313706206925574,0.8964135874916077,17.356949902587882,0.14262860376260078
1225.0,3.9344647770558168,53.414135982811636,210.15603662124207,298.5681960008839,4.328589119754544,0.8962287065869,17.415504122786942,0.14244983312499737
1226.0,3.931981282587217,55.677771336448124,218.9239547510851,298.5717927561938,4.343808889022072,0.8960396411301605,17.475362808998405,0.14348648153003069
1227.0,3.9346776367886767,52.94700208500661,208.32938503887894,298.57533795885433,4.358895297139736,0.8958522323336678,17.53470219779222,0.14221168407008
1228.0,3.9322414481992487,55.20955618046026,217.09730514949084,298.57885522664924,4.373917166464492,0.8956656252613107,17.593790034298728,0.14324869679617985
1229.0,3.934988131934933,52.455406668890205,206.4114026979035,298.5823442970659,4.3888702668765855,0.8954798724611603,17.65260934096898,0.141957924478397
1230.0,3.9353130101134615,52.14936708000531,205.22408273912757,298.58567110926407,4.403398682178487,0.8952993952524411,17.709780832225952,0.1417920130111205
1231.0,3.9329219453505777,54.38721421857095,213.90066834670068,298.5891164268185,4.418262530037212,0.8951147511796619,17.768253158930328,0.1428047732647098
1232.0,3.9302136937843626,56.795023608015846,223.21657952303002,298.5927781666717,4.43370471476494,0.894922922797951,17.828965056267805,0.14390789209682392
1233.0,3.932632494088497,54.22864659578918,213.26133771304208,298.59643210177285,4.449124357067167,0.8947313744463705,17.88958580836523,0.1427176358893728
1234.0,3.929943372776467,56.636249645761474,222.57725395427386,298.6000772489487,4.464522431530052,0.8945400940182602,17.95011993264725,0.14383081474604895
1235.0,3.9350871549324196,51.52569304713513,202.75809285877213,298.60358173663275,4.47954418310718,0.8943534884086064,18.00919194447083,0.14145477187988073
1236.0,3.935494602801066,51.19545861210353,201.47945105585882,298.60679544513556,4.493796363448484,0.8941764426900809,18.06527933575401,0.14127129643006767
1237.0,3.9440475078277024,43.280513504077746,170.70040142326104,298.6095562986117,4.50676178791176,0.8940153815166241,18.11636587155975,0.13752173711525056
1238.0,3.9481266787028146,40.020287844524624,158.00516612833363,298.6118175728687,4.51823872082685,0.8938728109214056,18.161659130501885,0.1358807554315966
1239.0,3.9551699214786007,34.17604411629599,135.17206172389962,298.6136655054778,4.528374855895823,0.8937468962000519,18.201719541641147,0.1329734813844651
1240.0,3.9547607234548847,35.54214696455584,140.5606868426867,298.6153756371502,4.538097747659412,0.8936261149359079,18.240172925556905,0.13341107002179808
1241.0,3.956689663859375,34.60149751558097,136.90738757395505,298.61707452899566,4.54783980054644,0.8935050956453858,18.2787097459746,0.1327563030888591
1242.0,3.956009764671607,36.10810065986623,142.8439987941761,298.61877692661284,4.5576607975990715,0.893383095681999,18.31756509986865,0.13324825346219832
1243.0,3.960240992772134,32.88691694050458,130.24011659367855,298.6203996816632,4.567242998426003,0.893264062131354,18.355492044785667,0.13151877351045096
1244.0,3.9596109922393787,34.368374970546455,136.08539531878048,298.62194111906325,4.576584027939166,0.8931480244976501,18.392481866323834,0.13199156377616156
1245.0,3.9612486216480947,33.59330256346923,133.0714234761499,298.62349209529367,4.586023058382932,0.8930307694610815,18.429864433867763,0.13140466263944986
1246.0,3.9654019480118734,30.471783877053795,120.83287114546592,298.6248910227665,4.594920216952878,0.8929202457521381,18.46512626399411,0.12970733393902845
1247.0,3.9673045164255156,29.605382923401592,117.45356938251797,298.62613919822866,4.603264232418813,0.8928165933861016,18.498221513885078,0.12905441386286687
1248.0,3.9691864442879217,28.762972386953013,114.1656000957217,298.627316359857,4.611370805259901,0.8927158906178894,18.530390337364764,0.12840162966752755
1249.0,3.9710720666595423,27.921334328853824,110.87763081717358,298.628425260402,4.619243482679714,0.8926180933828607,18.561645836228834,0.12774259821657385
1250.0,3.970518298040409,29.37439605231254,116.6315770195929,298.6295385043124,4.62720141649566,0.8925192370621656,18.593245200988754,0.1281663505190422
1251.0,3.9721220812110056,28.672734707259067,113.89160265940892,298.63066133104604,4.635263447789584,0.8924190876050982,18.62526206792659,0.1275811333303802
1252.0,3.9737063242811215,27.9947614765827,111.24296072623818,298.6317284905647,4.643133783646876,0.8923213194578027,18.656530207073192,0.127009340509567
1253.0,3.975317755679999,27.29416690770813,108.50298633470558,298.6327413322221,4.650812647867985,0.8922259298401493,18.687049914392986,0.12642526033412618
1254.0,3.9768836659151803,26.64037618450467,105.9456769019924,298.6337018464229,4.658303418568813,0.892132876787965,18.71683394518987,0.12586110064536105
1255.0,3.9784746869546246,25.963979438871785,103.29703497016173,298.6346119947033,4.665609432055452,0.892042118856454,18.74589489402781,0.12528408145022168
1256.0,3.9800431455803644,25.31121443968392,100.73972553697872,298.63547305007654,4.672730850410321,0.8919536540321699,18.774232833193743,0.12471612101940198
1257.0,3.9815876107802435,24.682051029270742,98.27374858679015,298.6362875269016,4.679674226288373,0.8918674009156723,18.8018731045312,0.12415743936366216
1258.0,3.9831312362031186,24.05338060501835,95.80777162413087,298.637057255195,4.686442901034909,0.8917833179995663,18.82882837391802,0.12359737566878079
1259.0,3.9824255885253397,25.54834487178068,101.74438236184953,298.6378388194139,4.6933322914257145,0.8916977355102396,18.856267309423814,0.12404683377264572
1260.0,3.9814939621999534,27.13713117741528,108.04632393430705,298.6386925705254,4.700649800728605,0.8916068347735576,18.885405344139354,0.1245561475336969
1261.0,3.980338188626045,28.82006240271856,114.71359498012637,298.6396274896224,4.708421718778152,0.8915102892077248,18.9163446908947,0.125131301698318
1262.0,3.974537089615178,34.79081254569019,138.2773748406947,298.6407818644536,4.717256632764247,0.8914005387234255,18.951484014291484,0.1277649212188083
1263.0,3.9724534729862824,36.87829135159833,146.49729655745676,298.64218656003544,4.72721064185548,0.8912768864365779,18.9910361389588,0.12860990783145637
1264.0,3.967872034022644,41.22523872246497,163.57647182277617,298.64381215824017,4.738058477141422,0.89114213071874,19.034103269146453,0.1305598875967679
1265.0,3.96720430272826,41.60052745217942,165.03779150405128,298.6456091864996,4.749562062908956,0.8909992290321869,19.079744176466207,0.13067773642488237
1266.0,3.9687691091650326,39.858165377464495,158.1878554980723,298.64734537940643,4.760825440790093,0.890859311294533,19.124438761912966,0.12981479023310316
1267.0,3.9683657251841935,40.09236831924003,159.10118027953274,298.64904051564423,4.771929706326013,0.8907213701077513,19.168506788871724,0.12988074705310865
1268.0,3.972454348132355,36.07357357796406,143.30062421245577,298.65057331247897,4.7823942423173555,0.890591375871834,19.210059014708357,0.12793358957682605
1269.0,3.977060147443748,31.806279065634737,126.49548491041028,298.65183053536765,4.791721359108186,0.890475511066979,19.24713501879754,0.1258350085226005
1270.0,3.979868493528445,29.466024856032718,117.27090395405065,298.6529003698002,4.800231320904913,0.8903697972558395,19.28099131055836,0.1246125406689915
1271.0,3.9829187963673145,27.01276790995372,107.58966105046248,298.6538245860255,4.808075445210163,0.8902723547178861,19.312221535523484,0.12330739273208331
1272.0,3.983946826904449,26.593145314339925,105.94567689247346,298.65466124419316,4.815520692705267,0.8901798671713631,19.34187916597023,0.12294499528456465
1273.0,3.9827531554747138,28.27515104290076,112.61294703763714,298.6555236702413,4.823141995394885,0.8900851926037902,19.37223745852182,0.12357512553976918
1274.0,3.983546814362684,27.94853390846591,111.33429321717684,298.65641510047294,4.830950815412519,0.8899881886284159,19.403341152341532,0.12326242364701223
1275.0,3.982134618404273,29.701547797153886,118.27556170323567,298.6573503149573,4.839018548949331,0.8898879683360331,19.435472234080386,0.12394631192023875
1276.0,3.9783242069323728,33.632775097522945,133.80208331678782,298.6584322651162,4.847815098211333,0.8897786944321573,19.470484133251496,0.12568076402272385
1277.0,3.9762301237990574,35.69478365811378,141.9306740438823,298.6596930616054,4.857443912871307,0.8896590818276856,19.508780521696437,0.12656353709507878
1278.0,3.9760540180643456,35.811217804731754,142.38733644428112,298.6610216842419,4.867375310484152,0.8895357104287682,19.54826916867674,0.12655254950500316
1279.0,3.9736670904945393,38.01625013157654,151.0639220518544,298.6624451779906,4.877709326134672,0.8894073375635444,19.58934215682289,0.12754690339320662
1280.0,3.973234327952537,38.25026019317806,151.9772468526515,298.6639317690581,4.888301912907372,0.8892757526346909,19.63143127621477,0.12762614481956436
1281.0,3.9772052727774354,34.308186211049275,136.4506990980153,298.6652701828805,4.898267416408904,0.8891519575601378,19.671049781118047,0.12573143036861445
1282.0,3.9750522517556295,36.39465327339496,144.67064844627401,298.6665899863429,4.9081637096975825,0.8890290222397815,19.710395872785494,0.12667429935463087
1283.0,3.977042748728806,34.42441942150558,136.90738763949787,298.6678948412908,4.917999527018396,0.8889068381736844,19.749503339523205,0.12570140252353343
1284.0,3.977087337355313,34.42403347635273,136.90738763949784,298.6691348890558,4.927561811136298,0.8887880520355739,19.787533169423064,0.1256523945109163
1285.0,3.981558992833874,30.233435938466716,120.37620874506898,298.6702154616852,4.936406743365245,0.8886781771010528,19.82273392923347,0.12360442197156218
1286.0,3.9820676988457406,30.023150148879154,119.55421642544736,298.6711911624884,4.94477570842029,0.8885742148022324,19.856057586635732,0.12341962055827534
1287.0,3.9847745309918614,27.733639641827207,110.51230089645931,298.6720739411367,4.952708794971593,0.88847566714321,19.88766115178534,0.12223216522834303
1288.0,3.987681316037765,25.354346679386286,101.10505453373284,298.6728450082228,4.960081987094568,0.8883840746944773,19.91705207617737,0.12098395602979342
1289.0,3.988646599583971,24.936044927416624,99.46107080681345,298.6735383415921,4.9670667468430105,0.8882973074926334,19.944908429642062,0.12064816050774343
1290.0,3.987427343207336,26.592837824868937,106.0370086763607,298.6742554714205,4.974224247817231,0.888208394437053,19.973452779068747,0.12129454487077465
1291.0,3.990298785180403,24.239061186002733,96.72109640442017,298.67494933498153,4.981284034578302,0.8881206952226297,20.001613018906625,0.12003958741677878
1292.0,3.993339982943691,21.841996636568656,87.22251847613123,298.67552473087045,4.987684065591984,0.8880411917317765,20.02716045284407,0.11874971807696141
1293.0,3.9944908315194936,21.355546925115203,85.30453639445699,298.67602861552916,4.993683707715131,0.8879666620159611,20.051122497286528,0.11835148609408043
1294.0,3.9956151260087327,20.892374305392604,83.47788679286288,298.67650519859615,4.999551337368435,0.8878937722066033,20.07456397697303,0.1179566236833954
1295.0,3.9925536853491645,24.385500241798923,97.36041885947724,298.67705969446087,5.005963051955464,0.8878141235781929,20.10017021601892,0.11945464316694147
1296.0,3.9890858888021046,28.04709764079705,111.8822814207583,298.67777764772933,5.013374655701452,0.8877220539664415,20.129745081949594,0.1210632154765367
1297.0,3.9851918761912346,31.901804535563407,127.13481227096797,298.6786856416446,5.021822769517278,0.8876171084532015,20.16342484123361,0.12280135360058926
1298.0,3.982950076697718,33.98353804885396,135.3547354781427,298.67973381285725,5.030973494844545,0.8875034348466516,20.199881886906283,0.1237316724138191
1299.0,3.9804431572823056,36.207690418118446,144.12265356579567,298.68091050388205,5.040722358554023,0.8873823309496394,20.238698785607152,0.12475967483562697
1300.0,3.9818777198928066,34.54317904160957,137.5467150000533,298.68210667873495,5.050548754717058,0.8872602639165582,20.277819090114857,0.12396563957922782
1301.0,3.9814452285311472,34.77632664858211,138.46003980083785,298.68326133642546,5.0601764867674355,0.8871406647606529,20.316153457937254,0.12407069592284073
1302.0,3.9810297225387012,34.9864336139536,139.28203210277638,298.6844310400348,5.069866192364283,0.8870202957470275,20.354730447679998,0.12416631735773728
1303.0,3.978463789007309,37.23580018464034,148.14128268930327,298.68569319424284,5.079961557881722,0.8868948874797301,20.39490472349224,0.12523711631452833
1304.0,3.982005235160414,33.53287552148695,133.5280858765435,298.68689935797187,5.089790208234045,0.8867727924442975,20.4340244597798,0.12349489733798641
1305.0,3.9817909558381483,33.649367775196,133.98474827694707,298.68799755995565,5.099121076577019,0.8866568810363102,20.471179030926674,0.12354622003587776
1306.0,3.983715237695195,31.730217871562093,126.40415243033031,298.6890280432234,5.108128960700116,0.8865449818546569,20.507057388069917,0.12261977800190052
1307.0,3.983730899371926,31.73009312708828,126.40415243033036,298.69001737434195,5.116942891869946,0.8864354920264602,20.542169652633905,0.12259348989246797
1308.0,3.9858648797779126,29.71957912180825,118.45822666339639,298.6909318084289,5.125390541620894,0.8863305522780013,20.57583443089333,0.12160206618381636
1309.0,3.9840082212111336,31.613260488570763,125.94748968575502,298.69185791252033,5.133909050214308,0.8862247322954744,20.60978009644736,0.12245834356604979
1310.0,3.986115178597425,29.603149677304607,118.00156426299536,298.69277893980933,5.142411166203232,0.8861191159477859,20.643661345225553,0.12146427743456734
1311.0,3.9863583026817686,29.486787924693214,117.54490186301732,298.6936399107423,5.150618094737685,0.8860171665249976,20.676376106311242,0.1213616618840581
1312.0,3.988692972618285,27.38581747069258,109.23361769475855,298.69442659250734,5.15844544504661,0.8859199323596694,20.70758990021102,0.120305373534383
1313.0,3.9912646676153014,25.171402163044025,100.465728087693,298.69510182580154,5.165671018346384,0.8858301736851381,20.73642179800309,0.11917599114495915
1314.0,3.9898343674660564,26.874381289489193,107.22433007319073,298.6957732207057,5.1728996271165,0.8857403773029006,20.765267883593708,0.11990020058018622
1315.0,3.992361500604871,24.6840738222437,98.54774600601428,298.6964289764999,5.180060348229383,0.8856514242455977,20.793846782410387,0.11877171296549109
1316.0,3.999247311463076,18.452629154725585,73.79662753646147,298.69689624422995,5.186051013677953,0.8855770060412677,20.817782621766906,0.11569204895991797
1317.0,3.9963651727586287,21.848316453008096,87.31385095621089,298.6973110806541,5.1917506364396395,0.8855062032740417,20.840566678758208,0.11717262399536596
1318.0,3.997195692721391,21.50103981932521,85.94386375483785,298.69776701426764,5.1977713733866,0.8854314115107255,20.864630232618286,0.11687377528843171
1319.0,3.985820399331036,32.790433561935295,130.69677899407074,298.69849732408983,5.205471586194553,0.8853357566932354,20.89535855089728,0.12214650422299053
1320.0,3.9792424645204325,38.88107078631203,154.71720793891768,298.6996673039106,5.215425594308896,0.8852121044185229,20.934999458382496,0.12501186941484715
1321.0,3.96978990832589,47.394172817458674,188.14490896420065,298.70135209002086,5.227522238248357,0.8850618355497099,20.983070780116424,0.12909360837551365
1322.0,3.961260618579694,54.59759749569795,216.2753128287736,298.7036226546122,5.241687278898274,0.8848858723118227,21.039240531044463,0.1326203849562579
1323.0,3.949542776910255,64.54138063294096,254.90894369064736,298.70667742343517,5.258233315624924,0.8846803314829201,21.104683409174147,0.1374888592062159
1324.0,3.9471087061685872,64.9514089092888,256.37027158376975,298.7102869692456,5.27623125084876,0.8844567546478415,21.175740077466365,0.13799472645687516
1325.0,3.9515452077154207,58.75351317306942,232.16716341548732,298.71365214641503,5.293411337368641,0.884243337423992,21.243588407625666,0.1354396976440988
1326.0,3.9618256743024145,47.420287253565995,187.8709115239733,298.7162515802594,5.308156641454765,0.8840601659446613,21.30192596519766,0.13041050901078216
1327.0,3.967194985641381,41.577603223679056,164.94645902396647,298.71816126964376,5.320517225795753,0.8839066183130961,21.35092824122492,0.12784311319549196
1328.0,3.971094115005175,37.51189731348151,148.96327466424486,298.71971598903855,5.331501721645785,0.8837701649484995,21.39452657611858,0.12603121055766936
1329.0,3.9709838547227303,37.51293897426896,148.9632750100211,298.72113239875017,5.341921835360534,0.8836407225421051,21.435905263621365,0.12609187074748254
1330.0,3.9708611414224713,37.51409825351743,148.96327501039696,298.7225490061141,5.352342261325688,0.8835112762568237,21.477283951124146,0.12613420331617115
1331.0,3.970731380047068,37.515324194068434,148.9632750100265,298.7239660315106,5.362763020147945,0.8833818258366715,21.518662638626925,0.1261702955261634
1332.0,3.9728747359066343,35.35710613192279,140.4693536862856,298.7252977045605,5.372821283110404,0.8832568784706781,21.558614109029733,0.12517495024755107
1333.0,3.9775424636178,30.90690277018006,122.9335181872978,298.726436139774,5.382024169956851,0.8831425568949459,21.595196643274768,0.12306902465458205
1334.0,3.978145491167749,30.580797946240484,121.65486346614854,298.72742811917493,5.390564121201522,0.8830364705440804,21.629167233282637,0.12288426944770553
1335.0,3.978769991269442,30.23167374061045,120.28487626498925,298.7283958756923,5.39900994032143,0.8829315535363798,21.662768578673354,0.12267326706782261
1336.0,3.9748726520979205,34.16748403420181,135.81139787854113,298.72948801929584,5.408069852150485,0.88281900804782,21.69879424195597,0.12449992720921935
1337.0,3.974996508890411,34.05153568699009,135.35473547814286,298.7306675623299,5.417544714201238,0.8827013078981212,21.736456194967786,0.12442369743856123
1338.0,3.9728714175155933,36.06979591972049,143.30066124507812,298.73192174788335,5.42735733441789,0.8825794119948088,21.775448131111574,0.12537210949629446
1339.0,3.9727496655074854,36.0709013430306,143.30066124507832,298.73322310590663,5.437376876335016,0.8824549456355898,21.81525387034631,0.1253763813495104
1340.0,3.970379630342748,38.20875118191924,151.70324739352654,298.73460937604955,5.447754648676076,0.8823260292089928,21.856467302607115,0.12640282597393082
1341.0,3.970007690512811,38.327359459889685,152.159911812811,298.7360577313895,5.458384673492951,0.8821939792112676,21.898670555881946,0.12648612839108148
1342.0,3.962854463465957,44.895818381299044,177.91559426328786,298.73779391655756,5.4701294717327045,0.8820480810964881,21.945246055248937,0.12963769463265862
1343.0,3.9616644202776574,45.4165135311291,179.92498574933293,298.7397574493993,5.48269164683774,0.8818920292318293,21.995018693976387,0.12997317822979712
1344.0,3.9604691778667904,45.937562478391065,181.93430030199778,298.74176597153655,5.4953800703932805,0.8817344090634375,22.045278334618164,0.1303235122242199
1345.0,3.9615086483144824,44.31166043621555,175.54102603924258,298.7437424000148,5.507913561891281,0.8815787135168784,22.094923224229,0.1296673559984024
1346.0,3.9651383047071107,40.332306224753644,159.92317232894771,298.7455168991412,5.519668998861753,0.8814326832439533,22.141513140762722,0.12788380497820936
1347.0,3.967035637312619,38.26398242172631,151.7945818924919,298.7470777685105,5.530585080001065,0.8812970797515395,22.184807034637238,0.12696763713869963
1348.0,3.9714772769450284,33.89773282073555,134.62407563750494,298.74842315394994,5.540607049093739,0.8811725832410715,22.224585937865392,0.12492910909016962
1349.0,3.983239965445402,22.83747142532947,90.96712889108971,298.7493105434804,5.548485659073375,0.8810747123096475,22.25591728196797,0.11964538487604627
1350.0,3.993844720425008,13.560907966774813,54.16016068727301,298.7496722505711,5.553343321613434,0.8810143686756094,22.27529372138714,0.11508461619596932
1351.0,4.00279267692235,6.297542777849871,25.207758113782695,298.74977024278223,5.556100901785026,0.880980113021304,22.286317017135403,0.11138263116777646
1352.0,4.005591713566845,5.198679100665184,20.823785927117598,298.74974890002835,5.5576601864454505,0.8809607430255223,22.29256114625116,0.11054701240964337
1353.0,4.010414438330711,2.1635117531614694,8.676578772376946,298.7496807120566,5.558595754784238,0.8809491210585808,22.296310978426977,0.10875018419562113
1354.0,4.013178518399643,1.160660872242895,4.6579392796321795,298.7495804982953,5.559023292276252,0.8809438100338354,22.298026241268783,0.10789899207690876
1355.0,4.016082747740136,-5.210849456100362e-06,-2.092720260171574e-05,298.7494649644752,5.5591449669284145,0.8809422985474731,22.29851467064293,0.10695784195510133
1356.0,4.0177569538393545,-6.027463245769633e-55,-2.421688236970207e-54,298.7493440946925,5.5591449669284145,0.8809422985474731,22.29851467064293,0.10656597335372102
1357.0,4.019354526766028,-3.351743656292244e-66,-1.347184603747755e-65,298.74922324929895,5.5591449669284145,0.8809422985474731,22.29851467064293,0.10617497980226419
1358.0,4.020882273236962,6.027864050464744e-82,2.423733170599604e-81,298.74910242827275,5.5591449669284145,0.8809422985474731,22.29851467064293,0.10578877774442179
1359.0,4.022345513723353,-4.316869618444697e-98,-1.736394114307967e-97,298.74898163160935,5.5591449669284145,0.8809422985474731,22.29851467064293,0.10540856700941566
1360.0,4.023748755127697,9.167583704887344e-115,3.688805352006941e-114,298.7488608593039,5.5591449669284145,0.8809422985474731,22.29851467064293,0.10503493826953764
1361.0,4.025095919573209,-2.46734486423525e-132,-9.931299745213218e-132,298.7487401113514,5.5591449669284145,0.8809422985474731,22.29851467064293,0.10466822912767015
1362.0,4.014465874826941,11.420922687206575,45.848904386827606,298.748691690951,5.5608034999392135,0.880921695652929,22.30517852490355,0.10982141460834921
1363.0,3.998876266298835,26.950652262891477,107.77232369534973,298.7489725536827,5.566221900548475,0.8808543863285904,22.326881295101256,0.11704425888365685
1364.0,3.9846511096228796,40.3181656398258,160.65382345469092,298.7498986351391,5.575776745582289,0.8807356926014622,22.365010107494044,0.12335713561857742
1365.0,3.992205758408999,32.00590033777401,127.77413963152593,298.75090655410486,5.585720715202507,0.8806121650285402,22.404672262988424,0.11945101585128873
1366.0,4.002974193104301,21.15057077764253,84.66518899232899,298.7514694398644,5.593102538583695,0.8805204653592087,22.434177504717596,0.11428159049788347
1367.0,4.0185819210237215,6.386416487100861,25.664337835191343,298.75156199055175,5.596615683107775,0.8804768238123257,22.448265945662843,0.1071029989366401
1368.0,4.0262370256169895,-1.0188845103488442e-06,-4.102270540394153e-06,298.75147302608275,5.59750225769396,0.880465810463429,22.45183044647455,0.10381778256325137
1369.0,4.02753596360674,4.560628625627127e-76,1.836809580636763e-75,298.7513517544821,5.59750225769396,0.880465810463429,22.45183044647455,0.10352380362710004
1370.0,4.021147322432983,7.313598726260959,29.409057935453525,298.75126570051964,5.5985870125455754,0.880452335247881,22.456194561788806,0.1067493675795615
1371.0,4.012718835793831,16.114609207013743,64.66339589644073,298.7513190949238,5.602036738573589,0.8804094815084026,22.470047948782362,0.11075690494290386
1372.0,4.012956819125438,16.113653550493332,64.66339589647704,298.7514570385833,5.606512886660487,0.8803538771843418,22.48801000319804,0.11060287488845094
1373.0,4.021135715361298,8.517414592958104,34.24968002228335,298.7514884518745,5.6097355637171695,0.8803138439289793,22.500956446444995,0.10680449904882588
1374.0,4.030665677985747,-1.8991752614994084e-14,-7.654940543005271e-14,298.7514066171679,5.61091791410881,0.8802991563464744,22.505713324709212,0.10250397536954595
1375.0,4.031796656930398,3.046057788688724e-54,1.2281085609251997e-53,298.75128535589107,5.61091791410881,0.8802991563464744,22.505713324709212,0.10223834064439874
1376.0,4.032874540697339,-2.1787985113516674e-61,-8.786821045739402e-61,298.7511641191035,5.61091791410881,0.8802991563464744,22.505713324709212,0.10195538328257349
1377.0,4.033907114687404,6.10742275172407e-69,2.463677609058345e-68,298.75104290676364,5.61091791410881,0.8802991563464744,22.505713324709212,0.10167284014872338
1378.0,4.034898860673458,-4.135366865964153e-77,-1.668578705594553e-76,298.7509217188667,5.61091791410881,0.8802991563464744,22.505713324709212,0.10139444486280841
1379.0,4.035853043883593,-2.5708694858577953e-84,-1.037565143992663e-83,298.7508005554077,5.61091791410881,0.8802991563464744,22.505713324709212,0.10112152912872482
1380.0,4.036772266939515,7.845619519592194e-92,3.167097929364909e-91,298.7506794163818,5.61091791410881,0.8802991563464744,22.505713324709212,0.10085463845862636
1381.0,4.03765870583549,-7.891045339507978e-99,-3.186134791320696e-98,298.7505583017841,5.61091791410881,0.8802991563464744,22.505713324709212,0.10059399593174492
1382.0,4.019921130881381,17.948768344513933,72.15263314140638,298.7505246997522,5.613499947791256,0.8802670813938974,22.516107727340536,0.10903215124254009
1383.0,4.005365815982509,31.809531404799802,127.40880971120721,298.75090121474557,5.620695626894946,0.8801776940758391,22.544969109343846,0.11563636297455626
1384.0,4.007973877785727,28.347890650908894,113.61760521916906,298.751439617504,5.6290507785359125,0.8800739033722247,22.578444972484135,0.11404352026652612
1385.0,4.019999996660028,16.039982831403794,64.48073092867016,298.7517048633191,5.635214302390885,0.8799973378584983,22.60317989147806,0.10819302853590824
1386.0,4.021348984225431,14.785447563178888,59.45744453950779,298.75177352810255,5.6394956022885525,0.8799441540088379,22.620393523085983,0.10757272580904079
1387.0,4.011711905247233,24.177980124179275,96.99509070900096,298.75196884927755,5.6450850771991155,0.8798747195378991,22.642838279050526,0.1120642571944852
1388.0,3.995739785885922,39.22340818860224,156.72653263724163,298.7526287003294,5.654030005214364,0.8797636024196973,22.678641367134208,0.11932521910375866
1389.0,3.98010433912655,53.19174269098901,211.70868589010828,298.7541113167599,5.666993985515918,0.8796025591861376,22.730329447120052,0.1261565420579384
1390.0,3.9756876209310072,55.5021549532469,220.6592303826183,298.75619575457824,5.6821695679086845,0.8794140426346747,22.790687818649605,0.12758321231338488
1391.0,3.983077871574509,46.250065467075686,184.21761232078154,298.75804512418534,5.696300650206419,0.8792385012396717,22.846917776684755,0.12357601704198753
1392.0,3.9942607204861957,34.001635692426746,135.8113978785416,298.7592222594869,5.70744571602161,0.8791000532171228,22.891365850686725,0.11804632961478542
1393.0,4.005481981973756,22.528247717718248,90.23649031876184,298.75980008011663,5.715296137164645,0.879002532457582,22.92276125921666,0.11273188457592273
1394.0,4.014059488258663,14.288975449968332,57.356797482440484,298.76000861590444,5.720409042989109,0.8789390180995141,22.94326027614422,0.10882483818466193
1395.0,4.017526178739585,11.412223035433929,45.84890480247074,298.7600627861367,5.723978569242296,0.8788946761584807,22.957594386871207,0.10739460406518703
1396.0,4.024214304846396,5.560453774189159,22.376457619529145,298.76003174240935,5.726335522507735,0.8788653972359287,22.96706999262357,0.10447185130494657
1397.0,4.029788082702681,1.065223896554764,4.292626563746501,298.759932434894,5.727255541992745,0.8788539684224503,22.970774023004058,0.1021383239295244
1398.0,4.032001177099877,1.0621355496509555e-09,4.282531786432277e-09,298.75981184609077,5.727403469538907,0.8788521308131813,22.971370220773256,0.10140819225042547
1399.0,4.033103532426988,1.4345330499855748e-49,5.785620311280083e-49,298.75968889350344,5.727403469538907,0.8788521308131813,22.971370220773256,0.10117133453170819
1400.0,4.034160379264318,-3.953549546774227e-57,-1.5949252939054987e-56,298.7595659623192,5.727403469538907,0.8788521308131813,22.971370220773256,0.10093201963059481
1401.0,4.035169895511306,1.4816487124583703e-65,5.978704280235103e-65,298.75944305592486,5.727403469538907,0.8788521308131813,22.971370220773256,0.10069389502923304
1402.0,4.036136570359803,-1.0500181703123972e-74,-4.238016736740154e-74,298.7593201743157,5.727403469538907,0.8788521308131813,22.971370220773256,0.10045886428019801
1403.0,4.037063925086649,7.618938579479522e-82,3.0758142086667697e-81,298.7591973174862,5.727403469538907,0.8788521308131813,22.971370220773256,0.10022767943973823
1404.0,4.0379548498384565,-1.1170530311897129e-88,-4.51060970481925e-88,298.75907448543194,5.727403469538907,0.8788521308131813,22.971370220773256,0.1000006814628746
1405.0,4.038811800811374,2.1866732787367725e-95,8.831561842680974e-95,298.758951678148,5.727403469538907,0.8788521308131813,22.971370220773256,0.09977803287808332
1406.0,4.039636904504961,8.249844693799621e-110,3.332637708150738e-109,298.7588288956311,5.727403469538907,0.8788521308131813,22.971370220773256,0.09955981339970266
1407.0,4.040432049429921,1.6825160204626586e-124,6.798091652756614e-124,298.75870613787527,5.727403469538907,0.8788521308131813,22.971370220773256,0.09934606301544889
1408.0,4.034598434062636,6.3610854427234065,25.66442536615049,298.7585933244049,5.728408278823848,0.8788396487102628,22.975425919519942,0.10222694957579412
1409.0,4.036327214343239,5.0685869712311655,20.458475530245927,298.7584886884622,5.729947837683376,0.878820523755486,22.981639035531007,0.10145332349280398
1410.0,4.0389539207170815,2.9622905189126207,11.964554905665167,298.7583745839064,5.731063178999335,0.8788066685838591,22.98614217699422,0.100288481367487
1411.0,4.041006617371208,1.5142950107700461,6.11927615917396,298.75825345004137,5.731684899957118,0.8787989453421475,22.9886538131076,0.09942944420979218
1412.0,4.04239924920502,0.7681825794763295,3.10530068252749,298.75813032369865,5.731973839496795,0.8787953560310957,22.989821642775198,0.09889699001952508
1413.0,4.039464001830427,4.205464812765029,16.98782372212887,298.7580098501862,5.732784268181269,0.8787852885940215,22.993095955737683,0.1003941604977904
1414.0,4.03046205374779,13.324402191515686,53.70349742177787,298.7579331868734,5.735318738141148,0.878753804495141,23.003319745983884,0.1046799238489398
1415.0,4.018047398376512,25.253655646164436,101.47038536856734,298.7580523698967,5.740822027981712,0.8786854406461899,23.025460213384754,0.11040877723806405
1416.0,4.007524534345298,34.75512898995286,139.2820321215716,298.75850652646363,5.7491556715085785,0.878581917124117,23.058898115334873,0.11506545557560166
1417.0,4.002426334228438,38.49612220913938,154.07789329553566,298.7592614856086,5.759329278840041,0.8784555369088193,23.099642618029975,0.11705338397579568
1418.0,4.007784722086065,31.904276546333957,127.865472111606,298.75997139777974,5.769106725402101,0.8783340779453155,23.138800674282862,0.11413838154951797
1419.0,4.023077777617284,16.141222452418262,64.93739335190106,298.7602660246431,5.775777825557595,0.8782512071359304,23.16557835043551,0.10673945318984719
1420.0,4.039749449230541,0.0,0.0,298.7602114957896,5.77801737558944,0.8782233866386404,23.174597400795978,0.09897636176842636
1421.0,4.040631165648408,-1.554911294331226e-60,-6.282823035693458e-60,298.76008845919006,5.77801737558944,0.8782233866386404,23.174597400795978,0.09885549451716868
1422.0,4.041455993183755,-2.4183793772840737e-74,-9.773773828116716e-74,298.7599654474683,5.77801737558944,0.8782233866386404,23.174597400795978,0.09869033267399308
1423.0,4.0422373403687715,-5.309447046932439e-89,-2.146204510982101e-88,298.7598424605573,5.77801737558944,0.8782233866386404,23.174597400795978,0.0985159644297731
1424.0,4.034605074536019,8.081508545717861,32.60569538845949,298.7597323309013,5.779290180231367,0.8782075754008525,23.17973544136584,0.10226769731874241
1425.0,4.0216754558327805,20.870542666871188,83.93454919326668,298.75974764800026,5.7833098490284405,0.8781576416269758,23.19592161261227,0.10836480271038104
1426.0,4.005101131843613,36.532068854141116,146.3146303163094,298.76017289832623,5.79128010175951,0.8780586322762793,23.227900733934526,0.11594668477766765
1427.0,4.009549220040107,30.93352921778503,124.02950794825782,298.7607805927325,5.800511159802354,0.8779439607477968,23.26489534125222,0.11345373062101562
1428.0,4.0244465365093545,15.56837214108989,62.65408134229793,298.76104088764083,5.806967938695247,0.8778637523143447,23.29082301075483,0.10622197607913492
1429.0,4.038951904568202,1.5150653727842247,6.119276172952177,298.7609832057241,5.809338903970808,0.8778342993295551,23.300374838534758,0.09946459994666826
1430.0,4.041282951009386,0.0,0.0,298.76086044258585,5.809549304486452,0.8778316856585533,23.30122473790566,0.09862694023118562
1431.0,4.042084827944938,5.660188336675578e-51,2.287896139898725e-50,298.76073727513943,5.809549304486452,0.8778316856585533,23.30122473790566,0.09847197252682831
1432.0,4.042844742869949,4.6539790754749696e-66,1.8815314838710728e-65,298.7606141326101,5.809549304486452,0.8778316856585533,23.30122473790566,0.09830601566746067
1433.0,4.043569432321549,5.964512420204283e-82,2.411792010104026e-81,298.76049101491736,5.809549304486452,0.8778316856585533,23.30122473790566,0.09813817527342872
1434.0,4.044263103446777,3.106522617692128e-99,1.2563594802755173e-98,298.76036792205633,5.809549304486452,0.8778316856585533,23.30122473790566,0.09797140658483966
1435.0,4.044928788254552,-2.0130060760059444e-106,-8.142466227767775e-106,298.7602448540199,5.809549304486452,0.8778316856585533,23.30122473790566,0.09780695723185048
1436.0,4.040247538753258,5.131485827748264,20.732472985707147,298.76012279515044,5.8103993450182285,0.8778211261488418,23.30466012593645,0.10014320714265056
1437.0,4.036165376010687,9.413467530093213,37.994311713163064,298.7600197483637,5.812419328983923,0.8777960331803238,23.312816633524974,0.10211179387355232
1438.0,4.0383307176722285,7.395560954867025,29.865720978456864,298.7599242832173,5.814753881402846,0.8777670325291571,23.3222416210904,0.10107242281877526
1439.0,4.042874505917861,3.1853275880808627,12.877879698848949,298.7598083631109,5.816223264632111,0.8777487793213402,23.32817813951018,0.0989639553995338
1440.0,4.0465922652895,-1.694704314823478e-07,-6.857777372317428e-07,298.7596837385276,5.816665566811816,0.8777432848843252,23.32996672892759,0.09731546767398033
1441.0,4.0471836880112395,3.082512478624251e-70,1.2475494221579162e-69,298.75956081144824,5.816665566811816,0.8777432848843252,23.32996672892759,0.09717856749735675
1442.0,4.047753425476909,-1.0932801720606195e-71,-4.425328561464357e-71,298.759437906168,5.816665566811816,0.8777432848843252,23.32996672892759,0.09703668138560295
1443.0,4.047690403391287,0.5866665126212853,2.37464441312821,298.75931384734463,5.816768905883476,0.8777420011691494,23.33038501507491,0.09718107734289644
1444.0,4.045285373470307,3.3866186919971226,13.699839060257103,298.7591866646927,5.817404751083328,0.8777341024710146,23.332957605368932,0.09841155227381536
1445.0,4.04603180089689,2.979680934049322,12.055883815689706,298.7590585576995,5.81827326897569,0.8777233134288733,23.33647141142431,0.09810973381431334
1446.0,4.049458459544401,-5.316912197557942e-06,-2.1530615077055822e-05,298.7589328396203,5.818583643368803,0.8777194578463502,23.33772756658439,0.09655719690196851
1447.0,4.049953498124539,-2.093972276162503e-53,-8.480490344820132e-53,298.75881006083546,5.818583643368803,0.8777194578463502,23.33772756658439,0.0964326781243326
1448.0,4.050430300214012,2.2189795104508057e-54,8.987821844683999e-54,298.75868730697664,5.818583643368803,0.8777194578463502,23.33772756658439,0.0963054557834152
1449.0,4.050890905430778,-2.8492080276119426e-55,-1.1541830886733584e-54,298.7585645778804,5.818583643368803,0.8777194578463502,23.33772756658439,0.09618002053578681
1450.0,4.05133648283649,4.761725912039477e-64,1.9291353908713392e-63,298.7584418735323,5.818583643368803,0.8777194578463502,23.33772756658439,0.09605719288183778
1451.0,4.051767928486617,-5.362277282732536e-73,-2.1726703117828054e-72,298.75831919393676,5.818583643368803,0.8777194578463502,23.33772756658439,0.09593723535001095
1452.0,4.052185994978188,3.773741665777931e-82,1.529190312673099e-81,298.7581965390898,5.818583643368803,0.8777194578463502,23.33772756658439,0.09582023511310536
1453.0,4.052591339862602,-1.5243861613374917e-91,-6.177714156042713e-91,298.75807390898746,5.818583643368803,0.8777194578463502,23.33772756658439,0.09570621085054484
1454.0,4.052984552198179,3.144957190045968e-101,1.2746462908580902e-100,298.757951303626,5.818583643368803,0.8777194578463502,23.33772756658439,0.09559514949284
1455.0,4.053366168273564,-2.7493197590064766e-111,-1.1143999696922882e-110,298.7578287230016,5.818583643368803,0.8777194578463502,23.33772756658439,0.09548702159357711
1456.0,4.05373668181587,7.033117052575699e-122,2.851040458353083e-121,298.7577061671107,5.818583643368803,0.8777194578463502,23.33772756658439,0.09538178859512436
1457.0,4.054096551070385,-1.5398178069666052e-133,-6.242570060500078e-133,298.7575836359496,5.818583643368803,0.8777194578463502,23.33772756658439,0.09527940655726702
1458.0,4.054446203818966,2.523044097022117e-140,1.0229546561239172e-139,298.7574611295131,5.818583643368803,0.8777194578463502,23.33772756658439,0.09517982809295372
1459.0,4.054786041695621,-3.49310149798993e-147,-1.4163779196275635e-146,298.75733864779517,5.818583643368803,0.8777194578463502,23.33772756658439,0.09508300353932178
1460.0,4.0551164430976705,4.0198256113651933e-154,1.6300860935032142e-153,298.7572161907919,5.818583643368803,0.8777194578463502,23.33772756658439,0.09498888171994302
1461.0,4.055437765460306,-3.832073959897184e-161,-1.554073745700406e-160,298.7570937584992,5.818583643368803,0.8777194578463502,23.33772756658439,0.09489741025720716
1462.0,4.055750347236188,3.0133434502235047e-168,1.2221368744585872e-167,298.75697135091315,5.818583643368803,0.8777194578463502,23.33772756658439,0.09480853584008253
1463.0,4.056054490724231,-2.424495783723694e-168,-9.833887011314453e-168,298.75684896807684,5.818583643368803,0.8777194578463502,23.33772756658439,0.09472221013539847
1464.0,4.056350525026396,1.4181936154621775e-168,5.752690416669086e-168,298.75672660993024,5.818583643368803,0.8777194578463502,23.33772756658439,0.09463837144088366
1465.0,4.05663874017044,-5.797887314273657e-169,-2.3519934290225263e-168,298.75660427646955,5.818583643368803,0.8777194578463502,23.33772756658439,0.09455696475145892
1466.0,4.0569194125690995,1.4956024272668637e-169,6.067538520664404e-169,298.75648196769083,5.818583643368803,0.8777194578463502,23.33772756658439,0.09447793478718033
1467.0,4.057192805990837,-1.9523434781829987e-170,-7.921033914507191e-170,298.7563596835908,5.818583643368803,0.8777194578463502,23.33772756658439,0.09440122611396114
1468.0,4.057459172386412,4.8677849740823624e-172,1.9750838792295235e-171,298.75623742416605,5.818583643368803,0.8777194578463502,23.33772756658439,0.09432678327568544
1469.0,4.057718752630251,2.936884339433494e-173,1.1917050658425397e-172,298.7561151894133,5.818583643368803,0.8777194578463502,23.33772756658439,0.09425455092215282
1470.0,4.057971777189856,3.7173203443013863e-174,1.5084781043948703e-173,298.75599297932973,5.818583643368803,0.8777194578463502,23.33772756658439,0.09418447393133574
1471.0,4.058218466733226,6.503443043541938e-175,2.639239265664963e-174,298.7558707939128,5.818583643368803,0.8777194578463502,23.33772756658439,0.09411649752463852
1472.0,4.058459032682457,1.3427770993058257e-175,5.449605847556877e-175,298.7557486331602,5.818583643368803,0.8777194578463502,23.33772756658439,0.09405056737417049
1473.0,4.058693669908703,-5.751817990767998e-184,-2.3344867269597067e-183,298.75562649710116,5.818583643368803,0.8777194578463502,23.33772756658439,0.0939866324402897
1474.0,4.058922580435885,1.9633714204981528e-192,7.969172592442432e-192,298.7555043857065,5.818583643368803,0.8777194578463502,23.33772756658439,0.0939246369468348
1475.0,4.05914595143461,-4.192864071726337e-201,-1.7019447221663597e-200,298.75538229897296,5.818583643368803,0.8777194578463502,23.33772756658439,0.09386452825237426
1476.0,4.059363962595981,5.1667083560289e-210,2.0973549705707243e-209,298.7552602368977,5.818583643368803,0.8777194578463502,23.33772756658439,0.09380625451261415
1477.0,4.059576786576999,-3.048416381174973e-219,-1.237528037683898e-218,298.7551381994778,5.818583643368803,0.8777194578463502,23.33772756658439,0.09374976471579202
1478.0,4.059784589350567,5.4442101505052484e-229,2.210232047020714e-228,298.75501618671086,5.818583643368803,0.8777194578463502,23.33772756658439,0.0936950087340415
1479.0,4.0584777264335425,1.4627679650711323,5.936611205181708,298.7548872216684,5.818843551672199,0.8777162291717739,23.338782465490574,0.09435736848870954
1480.0,4.057467244089357,2.5661088344896146,10.411902540709928,298.7547514152483,5.819403109218513,0.8777092781463538,23.341053096623796,0.09485788479601309
1481.0,4.056876090295649,3.1968462020065287,12.969208921272742,298.7546108235976,5.820227689768477,0.8776990349097084,23.344398484361832,0.09514390694214453
1482.0,4.056671371444314,3.422149710875724,13.882536760905987,298.7544687422851,5.821155506488445,0.8776875092361683,23.348162400209393,0.09524151650246729
1483.0,4.056366308403914,3.7376288402340774,15.161191700844306,298.7543258471763,5.822149945930337,0.8776751559511758,23.352196359763642,0.09538749686368654
1484.0,4.0561161268372325,3.985548847600207,16.165848955048748,298.75418210790474,5.823222621678945,0.8776618307865969,23.356547389837225,0.09550544636534623
1485.0,4.0547359282013895,5.315874000301309,21.554465298813362,298.7540362878134,5.824573461406776,0.8776450501688599,23.36202526656819,0.0961572586296581
1486.0,4.05260330576202,7.324441548798029,29.683056033519577,298.7538899458376,5.826329036755762,0.8776232417794315,23.3691416450332,0.0971511663689947
1487.0,4.049369561706716,10.307516452911148,41.73894338120958,298.7537497994611,5.828777845746512,0.8775928217919687,23.379061432393122,0.09864111359139456
1488.0,4.045050841565027,14.202078404118991,57.44812920055402,298.7536330078074,5.8321818154803164,0.8775505364536607,23.392837487613825,0.10060610239424049
1489.0,4.039314278061042,19.26447601528873,77.81527302792024,298.75358172431737,5.836985130259407,0.8774908679470881,23.412249573610996,0.10318530231236098
1490.0,4.033176758863568,24.50220875961683,98.82173891010993,298.7536236947599,5.84306355284471,0.8774153595919911,23.436782601474867,0.10589383056524473
1491.0,4.026489633786405,30.009482734428232,120.8328711454674,298.75383223509533,5.850773825598016,0.8773195798062358,23.46784826576461,0.10879019949987236
1492.0,4.02202735210329,33.1083665770182,133.1627559562296,298.75418202249074,5.859540104566754,0.8772106819308477,23.50312555447251,0.11057157141404539
1493.0,4.01795246849992,35.710558382686216,143.48332620522459,298.7546617836236,5.869098280077595,0.8770919468313342,23.54154893551297,0.11214889150761259
1494.0,4.015280174130737,36.84889006564893,147.95861771932323,298.75524351937656,5.879176004174912,0.8769667577121129,23.58202718056022,0.11304752667337868
1495.0,4.014428023895925,36.19693136002469,145.30997563072034,298.7558606631265,5.889321192947007,0.8768407305223974,23.622758589989527,0.11309649427704783
1496.0,4.013457526030667,35.75055303009884,143.48332611840866,298.75647694060075,5.899313825115939,0.8767165984457647,23.662868401735224,0.11323612797238071
1497.0,4.014418928339402,33.489631520086114,134.44141067734554,298.75705530194676,5.908929937015168,0.8765971436395631,23.701466706023556,0.11249121447267588
1498.0,4.016356632868755,30.44903673782708,122.29419066643618,298.75754071899985,5.917810127832995,0.8764868307101491,23.737123794577716,0.11134166721017763
1499.0,4.019235666104729,26.700515473300168,107.31566409366923,298.7579096794883,5.925747406405357,0.8763882309763309,23.7690136306509,0.10980977225872882
1500.0,4.022944083222491,22.385055068077428,90.05382483873173,298.75815139330905,5.932564669491192,0.8763035444783702,23.796425797958204,0.10795394789862114
1501.0,4.021861152941854,22.98151684651442,92.42846984067513,298.7583412654288,5.938865580301857,0.8762252722943868,23.82177058294759,0.10841621739246714
1502.0,4.0235907271884885,20.837908822742286,83.84321671318506,298.75850526995566,5.944860719447231,0.8761507985161834,23.845888793981075,0.10753790170870933
1503.0,4.021363926066542,22.643681177233653,91.05848263947937,298.75867697786106,5.950899840988449,0.8760757783728143,23.870180898165945,0.10854649812266114
1504.0,4.021790305614061,21.778323002629843,87.58784832450841,298.7588660252419,5.957069529608951,0.8759991362781496,23.894992740045378,0.10827062499261567
1505.0,4.022395947484122,20.798686340450974,83.66055164882336,298.7590327617921,5.962982869911905,0.8759256786346347,23.918776702085534,0.10793050076039229
1506.0,4.021678204783907,21.165758944372147,85.12187143429149,298.75919427876653,5.968811302149398,0.8758532757496968,23.942218865614283,0.10822714767943044
1507.0,4.019461523651818,22.972514306975036,92.33713735842706,298.75939061809504,5.974942552970198,0.8757771111432273,23.96686986422916,0.1092160012204441
1508.0,4.017029611959479,24.8962729109981,100.00906551090398,298.7596486086394,5.981591029903764,0.875694521367655,23.993584951166557,0.11027308238493679
1509.0,4.0128461318435615,28.427271684142337,114.07426721657659,298.76000623517297,5.988997087473745,0.8756025206525,24.023319377793598,0.11212077639411296
1510.0,4.005066474266207,35.278152707618794,141.29134668332765,298.76058187652427,5.997844669422423,0.8754926128022059,24.05878733764349,0.11559188970450376
1511.0,3.9962361021326664,42.80671382204375,171.06573518931265,298.7615234647984,6.008689325436747,0.8753578965784254,24.102170528259784,0.11943726247366085
1512.0,3.986135713204163,51.20950966634721,204.1280553367004,298.762963219514,6.021746432229381,0.8751956964940449,24.154281106748698,0.12375495414322239
1513.0,3.9762488264768323,58.96272758472538,234.45047636463744,298.7650801446266,6.0372763836542,0.8750027778428049,24.216090996469575,0.12783342059677355
1514.0,3.970391697233232,62.43120817734132,247.8763505955554,298.7676342870075,6.054136489438961,0.8747933355349197,24.28308103930562,0.12994780114894355
1515.0,3.9697838148227786,60.623221859103815,240.6610849386808,298.77032280105465,6.0712273561289924,0.8745810266319379,24.35093308516119,0.12962320967731986
1516.0,3.975778251301126,52.56045513957112,208.96871442239535,298.7726592815666,6.086946282866894,0.8743857604612808,24.41337853114146,0.12633457937342413
1517.0,3.9778428774868857,48.90544637631987,194.53818153836082,298.7745777890655,6.101038720759015,0.874210699121006,24.469420977392318,0.1250416972250444
1518.0,3.982745264134535,42.768256639310074,170.3350715855026,298.77617810302604,6.113770746036338,0.8740525373163187,24.520096788367947,0.12250596534006117
1519.0,3.9827330342935965,41.80524020855362,166.49911118518543,298.7775548018835,6.125482643351833,0.8739070479086728,24.566742135167146,0.1223504850851897
1520.0,3.9870073502895287,36.7665814604786,146.5886305279469,298.7787668746922,6.136394051245559,0.8737715024689993,24.610221739897245,0.12022235484616887
1521.0,3.9879646507858233,35.24622182636096,140.56068671728323,298.7797957524754,6.1463958083427395,0.8736472570392206,24.65010349521686,0.11971311096436937
1522.0,3.995273578414626,27.706472563298636,110.6949377832168,298.7805928677501,6.155137983423739,0.8735386585910094,24.684996700442156,0.11628705808967049
1523.0,4.001447809576358,21.729265286609152,86.94852098480578,298.78106132698844,6.161898898769651,0.8734546720649732,24.712030862979724,0.11351945969259825
1524.0,4.01623862450299,7.800091724823776,31.3270296599034,298.78121185852046,6.1659983511868335,0.8734037471902256,24.72845775970231,0.10684270004892238
1525.0,4.025459641553574,0.0,0.0,298.78111804287533,6.166872930015352,0.8733928828569522,24.731973225677777,0.10295774979215343
1526.0,4.0268837813484755,2.422195405181808e-56,9.75389939238342e-56,298.78099079090055,6.166872930015352,0.8733928828569522,24.731973225677777,0.10274146277790161
1527.0,4.028223136179758,-6.821713659715173e-74,-2.7479384792458148e-73,298.78086356461165,6.166872930015352,0.8733928828569522,24.731973225677777,0.10249662325325151
1528.0,4.029490851565491,3.272923363968795e-93,1.3188214752987211e-92,298.78073636397846,6.166872930015352,0.8733928828569522,24.731973225677777,0.10224482363560532
1529.0,4.030695270900493,4.220927207894776e-111,1.7013271335676693e-110,298.7806091889952,6.166872930015352,0.8733928828569522,24.731973225677777,0.10199174202990456
1530.0,4.031842628247155,-4.2189495246465105e-115,-1.701014053989287e-114,298.78048203965716,6.166872930015352,0.8733928828569522,24.731973225677777,0.1017397147541704
1531.0,4.025617131641914,7.033224137742926,28.31306757957535,298.7803817540303,6.167931427055376,0.873379733825399,24.736236371064155,0.1048938495626074
1532.0,4.018435374199685,14.54615585616115,58.45278725101986,298.78038553875393,6.171096878791886,0.873340411443579,24.748964907155514,0.10834678602531399
1533.0,4.008945612153997,23.89849623132167,95.80777160363583,298.78058145615086,6.1764356002924945,0.8732740919218324,24.770390042534338,0.11275655253123534
1534.0,3.9983393321545195,33.82989580456041,135.26340299806304,298.78113028428766,6.184452643113368,0.8731745013277842,24.80248336124691,0.11753043819823515
1535.0,3.982955998031105,47.902500301181995,190.79355089527962,298.78230890796203,6.195802383077502,0.8730335107692235,24.847769276234423,0.12436074014929087
1536.0,3.9685381494972627,60.34306674158131,239.4737624216249,298.7844209878569,6.2108348085088485,0.8728467725651075,24.90752881993602,0.13050082668060717
1537.0,3.9553806640028033,70.95769919577208,280.66471136108413,298.7875744439021,6.229069831345569,0.872620250542291,24.979770583451273,0.1358651186919071
1538.0,3.9402732264768114,83.02798062270372,327.15292909607496,298.7919699640628,6.250455097394677,0.8723545950634202,25.064190260170825,0.14196522585026206
1539.0,3.9287608983188904,90.91958985554811,357.20132951566825,298.79777042377566,6.274859948056882,0.8720514292166847,25.160178251946906,0.14622469936928117
1540.0,3.9142332855228013,101.54707817985,397.47895345915504,298.80481647176555,6.301590136413752,0.8717193771874068,25.264995894680222,0.15175950250098347
1541.0,3.9044916670778895,106.85303000698204,417.206765264285,298.81318670874083,6.3305341124336865,0.8713598246902647,25.378147022001983,0.1549603357634809
1542.0,3.89908821405495,107.58671204665498,419.49008093003613,298.8222277301801,6.360317444435259,0.8709898454107421,25.494354988620366,0.15617008643252844
1543.0,3.901701751618942,100.3750902544728,391.6336654647859,298.8309820580023,6.389200885128837,0.8706310449052318,25.60700990982221,0.15383798503951363
1544.0,3.9142864550161964,83.99919937942693,328.79692836309573,298.83819326651013,6.414806898833821,0.8703129577784618,25.70706795675719,0.14725069482591968
1545.0,3.9233391236220716,72.46837492390611,284.3180105642735,298.8436606471967,6.436537892801851,0.8700430075428341,25.792222445412385,0.14263157868459544
1546.0,3.9296926674092467,64.44904840280351,253.2649529300006,298.84803315838434,6.455553854847286,0.8698067844118349,25.866886393903616,0.13944725005890884
1547.0,3.9323879603267513,60.549411061354064,238.10377506254414,298.8517687941467,6.472840724590016,0.8695920406883227,25.934844327210197,0.13804545352630487
1548.0,3.9280240346800825,63.685878700962604,250.15966220710146,298.8555193050694,6.49009561687453,0.8693776942003164,26.002659364396617,0.139857115065036
1549.0,3.92581603072516,64.55922290744809,253.44763222121867,298.85951369419917,6.50790748289079,0.8691564287839653,26.072605093814975,0.14060926657548145
1550.0,3.9183869673999854,70.4388711725557,276.00675480090877,298.8639212480011,6.526658294295722,0.8689234994497426,26.146146396756006,0.1436811602272222
1551.0,3.9153573267805477,71.72969213139824,280.84737563438307,298.8687858390441,6.546403928441677,0.8686782120690475,26.22348741574226,0.14466138283771868
1552.0,3.9096540287059103,75.57205082147085,295.4605729517313,298.87401358670587,6.566862870774487,0.868424063717087,26.3035326142428,0.1468319278909299
1553.0,3.908808023695064,74.51357987716447,291.25927889810356,298.8794699736322,6.587708082246924,0.8681651169907214,26.385021201765287,0.14677202111004217
1554.0,3.902915228466071,78.46386284827248,306.2378051947959,298.88517011018877,6.6089553302608355,0.8679011760216044,26.46800945899816,0.14900810031018266
1555.0,3.8965490189979515,82.67050042145164,322.1296573172771,298.89147047555167,6.631335050829573,0.8676231670704401,26.555283765020935,0.15137544470150222
1556.0,3.8869130260120084,89.85418279233889,349.2553935372061,298.8986409796511,6.655296437363527,0.8673255100948629,26.64853333833766,0.15511766482701297
1557.0,3.8790549018657643,94.91003260208204,368.16122720134587,298.90680956798263,6.68095789440622,0.8670067342309786,26.74817514196235,0.1579352197760243
1558.0,3.864986620711911,105.84206805286134,409.0781769327886,298.91636689458466,6.708838958726043,0.8666603856058877,26.85612697293339,0.16341084915409038
1559.0,3.8549152328101037,112.20755828195509,432.55062565753616,298.9275421548968,6.739122990048871,0.8662841864590202,26.973020309920443,0.1669050113548864
1560.0,3.846938490858292,116.1676554007616,446.889824953952,298.93983575026255,6.7708415720602515,0.8658901668067049,27.095165294725092,0.1693932700642643
1561.0,3.8387033791337846,120.22367253050463,461.5030179947217,298.9530919679285,6.803673470907778,0.8654823171315803,27.221331551598375,0.17195933306711025
1562.0,3.8301710390987167,124.40215746801407,476.48154073538564,298.9673782262508,6.8376490178665845,0.86506026064762,27.351607746436663,0.17460706780931173
1563.0,3.8182987939401674,131.74957869981796,503.05925745164006,298.98308731031113,6.873224903267413,0.8646183241830134,27.48765601288445,0.17864787335579208
1564.0,3.8085467366384362,136.52335530950594,519.9555793389486,299.0005090072401,6.910627525616518,0.8641536953339563,27.630248049595213,0.1816279429034799
1565.0,3.7984246273348634,141.43168350058858,537.2175896940655,299.0193286530842,6.949376361209291,0.863672343339015,27.777586509756883,0.18470334185806017
1566.0,3.7846891870213524,149.73965123426026,566.7180388946533,299.0400839381257,6.99002214244129,0.8631674268019716,27.93164624629471,0.1892479495011007
1567.0,3.779537425034026,148.78383691246677,562.3340798508272,299.06190279249716,7.031483926239417,0.8626523735870879,28.088458959871197,0.1899574172411276
1568.0,3.7719998856553256,150.461306580016,567.5400312153712,299.08421704299184,7.073045653705233,0.8621360788359598,28.245386044678767,0.1917907690706817
1569.0,3.7646867125806054,151.8695628681496,571.7413253751477,299.1073215949212,7.115035974711044,0.8616144599414777,28.403619664541463,0.19352910793722744
1570.0,3.757637531389597,152.9808622624563,574.8466296217482,299.1311584471749,7.157376259108991,0.8610884936756646,28.562868063316277,0.19516423869380733
1571.0,3.750870469588038,153.79255267190518,576.8559442596121,299.15566071334666,7.1999836512342315,0.860559209301438,28.722826800294676,0.19669583223473797
1572.0,3.744405089317763,154.3020200011453,577.7692689842997,299.1807557127671,7.2427745635402925,0.8600276451734125,28.883191434269875,0.1981234341339681
1573.0,3.7454162532660016,147.33498423852097,551.8308446416466,299.20541382492235,7.284668944722027,0.8595072180779872,29.040079736000767,0.19644733187494207
1574.0,3.7447169812775356,142.87479425170133,535.02566823088,299.22894248662965,7.324976124219339,0.8590065077736728,29.19103161873738,0.19576347921974369
1575.0,3.7452409489463947,137.73368775091924,515.8458474141393,299.25154278874345,7.363949688942319,0.8585223641125177,29.33698537008459,0.1947372305161413
1576.0,3.7508051596717316,128.30066467195115,481.230795040867,299.27256200778965,7.400898765210653,0.8580633693762652,29.47546692770761,0.19180949066272152
1577.0,3.754709840882116,121.52658655803697,456.29707047827367,299.29177801423657,7.4355969613475805,0.8576323358838809,29.605678332726665,0.18989240967920756
1578.0,3.760007941532152,114.16535849043497,429.2626545719006,299.30944208952525,7.46833166622572,0.8572256935872581,29.728671319303306,0.18760736589060983
1579.0,3.759126769737652,113.36604963817662,426.1573519742772,299.3262338533641,7.499933239689414,0.8568331274572744,29.847479493076026,0.18808017090098128
1580.0,3.765875497380618,105.47479757810984,397.2049557905844,299.3420970438886,7.530325466741487,0.8564555842640809,29.96182695948058,0.18541072180574503
1581.0,3.76262006239627,107.65358764636152,405.05954866713506,299.3573448766679,7.55992651661258,0.8560878693588498,30.0732529352488,0.187079664376336
1582.0,3.7701053879780653,99.59080371628511,375.4678256838324,299.3719666421681,7.588707958917716,0.8557303359140656,30.181650789521704,0.18423323650634799
1583.0,3.7751780899845264,94.52163093685546,356.8359901424203,299.38518559728954,7.615667793731167,0.8553954311337743,30.283358925885164,0.18260883083571425
1584.0,3.780918688203584,89.25701446574026,337.473514046775,299.3973151880064,7.641192131367853,0.8550783586165484,30.379789367010275,0.18080667785282667
1585.0,3.787290942464659,83.8255366877886,317.4716958449007,299.40834181227143,7.665230909931597,0.8547797402492969,30.470752807248466,0.17883652712198767
1586.0,3.794278840479981,78.231087483902,296.8305599079076,299.41826392109107,7.687738312889407,0.854500145181498,30.556071599920994,0.1766937485934159
1587.0,3.7981161908294214,75.84355689044664,288.0626413956977,299.42738423801825,7.709137418518811,0.854234317782375,30.637306435442095,0.1759106265076455
1588.0,3.7982778451707944,76.82620538824143,291.80727385469856,299.43629873186893,7.730341542317493,0.8539709125177951,30.717844222027,0.17661382220347008
1589.0,3.794334449796046,81.31099296838683,308.5211017670742,299.4456221948327,7.752305226536195,0.8536980717200472,30.80122514421909,0.178916740073487
1590.0,3.7929787132141195,82.95337688543364,314.640392715678,299.45543378795674,7.775119705177079,0.8534146620474896,30.887775741219865,0.17999516552363537
1591.0,3.787570243079881,88.08748624895411,333.6375417042468,299.46581960483473,7.798875878368864,0.8531195543059769,30.9778180135001,0.18269841610013432
1592.0,3.788237148402616,87.13171066903303,330.07558316029946,299.4765598802864,7.823211826008855,0.8528172443974055,31.070000150323445,0.18274229085578814
1593.0,3.781854279948533,92.7125590527314,350.6253882585533,299.487714335347,7.848192325642921,0.8525069276317649,31.164551887356957,0.18575267687810687
1594.0,3.781446699427404,92.23949700344733,348.7987415005298,299.499342470738,7.873880092951397,0.8521878249322807,31.261694005387945,0.18613628840284563
1595.0,3.788137118131778,85.30164151114317,323.1343144459319,299.5101440993161,7.898375266720229,0.851883537059376,31.35441442215082,0.18361614611675436
1596.0,3.788863999067248,84.39337303484292,319.755012851569,299.52029834964907,7.921943986545548,0.8515907579311112,31.443704475658585,0.1837352772290176
1597.0,3.800215385854732,73.85494825688453,280.66471068731767,299.52933329199635,7.943819454574273,0.8513190129866549,31.52671588887957,0.17943175407917666
1598.0,3.806114830226356,69.13319403380775,263.12887507299195,299.5370835157283,7.963678709935382,0.8510723141622933,31.602242535480734,0.17760492586629495
1599.0,3.812476009619446,64.29846967897612,245.13637310633982,299.54400503226316,7.982210507626548,0.8508421054953224,31.672834182006422,0.175615674044449
1600.0,3.8193112213632663,59.32898743008659,226.5958674438499,299.5501124633721,7.999380606916934,0.8506288123364356,31.73835190789938,0.17345921741319092
1601.0,3.82315600896238,57.334294409506946,219.19795219132467,299.55558452792525,8.015494884399784,0.8504286349764002,31.79993798271997,0.1725759076970857
1602.0,3.820249398733095,61.442184184209815,234.72446718657562,299.56119226816105,8.031991622286522,0.8502237065554469,31.862983741176937,0.17449548663224226
1603.0,3.8165019135394713,65.88187807059764,251.43831372401002,299.56735380436425,8.049675417392319,0.850004032082083,31.930507048742182,0.1766288139534533
1604.0,3.815179296302058,67.67622201470908,258.19692108245965,299.5739241553422,8.068225142912453,0.8497736007091621,32.001290030817614,0.17762450917929995
1605.0,3.8068877274854116,75.66880186249138,288.06263316384366,299.58120431152895,8.088134443578637,0.849526280203992,32.07716353918958,0.1815298714244178
1606.0,3.806975214513893,75.25922128252454,286.5099900861874,299.5890508117977,8.109096667164705,0.8492658799109974,32.15696525555095,0.1817161279283134
1607.0,3.8005487505831184,80.86563696841175,307.3337955454053,299.59735473971654,8.130876876987225,0.8489953182982953,32.23980332512245,0.18469719125918854
1608.0,3.7996704834178954,80.88432849486854,307.333795553029,299.6060565524274,8.153342153527138,0.8487162465400355,32.32517382388477,0.18522123635186866
1609.0,3.792265741173826,86.94281350276047,329.71025308778366,299.6153631390443,8.17680006322274,0.8484248439351212,32.41420380000816,0.1885377257078542
1610.0,3.7936105256114443,84.38408223795624,320.1203425719725,299.62488551144105,8.20059541543002,0.8481292494977637,32.504457555256884,0.18803244032266647
1611.0,3.785735841743168,90.68746653737927,343.31879246744086,299.6347466314495,8.224911520421585,0.8478271860817194,32.59660669793014,0.19153839899134112
1612.0,3.7800410745659154,94.44835583987224,357.0186644999346,299.64553129371666,8.250624688060848,0.8475077678501758,32.69387648677013,0.19399152604366468
1613.0,3.7705183217135305,101.56615526717758,382.95704930089425,299.6573760963806,8.277848890080639,0.8471695790052094,32.796653860848586,0.19802980308393103
1614.0,3.7630644199539147,106.18462902290968,399.5795994221172,299.67042537530705,8.30670289190799,0.8468111441999007,32.90534026346994,0.20106680140477953
1615.0,3.751699077841368,114.24779020735272,428.62332916633926,299.6848580682474,8.337317993713384,0.8464308323762312,33.02037075421011,0.20571413652467763
1616.0,3.738990840455488,123.03899061172655,460.04165891613434,299.7012197739771,8.370273454286751,0.8460214477728354,33.1437976225389,0.21079012793523327
1617.0,3.7281789647437007,129.34880524279384,482.23549482091374,299.7194520820462,8.405326741630487,0.8455860032095591,33.27467015876279,0.21490548911853996
1618.0,3.7164737143867534,136.12112495490794,505.8905828676701,299.7394407631899,8.442196806957886,0.8451279899756784,33.41191078400093,0.21930290104311068
1619.0,3.713949850091737,133.38558462663892,495.3873720285043,299.76016484561046,8.47962853563491,0.8446629995573303,33.55097683601438,0.2196959224334688
1620.0,3.7091495984839273,133.33659553590465,494.56537979521454,299.7807920462389,8.516673392844673,0.8442028149957183,33.688470235582756,0.22117852451927772
1621.0,3.7083080056548687,129.59859567015263,480.5915098452554,299.80118138558316,8.553192378836922,0.8437491629958146,33.823907959111544,0.22101606303232688
1622.0,3.708719189315889,125.20072371117602,464.33432654387536,299.8207776461066,8.58858131201711,0.8433095489190421,33.95514675220972,0.22045038986249454
1623.0,3.717581188142501,113.35544318656538,421.4080631639315,299.83860439904623,8.621713230262356,0.8428979722948775,34.07816372372399,0.21648535614285797
1624.0,3.7255779018097903,103.74740938465027,386.5190557734667,299.8540770737599,8.651866062072896,0.8425234029556161,34.190374985611406,0.21321528305053544
1625.0,3.7355587696051162,93.37257503177409,348.7987415005554,299.86743039950983,8.679243159843645,0.842183314784551,34.292501262099286,0.20934516517584756
1626.0,3.7584954101550756,72.34192503262571,271.8967931969063,299.87768126252234,8.702255134776983,0.8418974517419008,34.37870726316823,0.20034731142248718
1627.0,3.7774775896896156,56.93958051898423,215.08798937679035,299.88467154689977,8.72020854282331,0.8416744280394619,34.44634381129964,0.19343938447670722
1628.0,3.798207284548191,41.19115218336338,156.4525342817839,299.8892525455786,8.73383495449276,0.8415051558448103,34.49794640577586,0.18599150300917838
1629.0,3.8095918912279974,34.66690657846123,132.06676619526442,299.8922144555565,8.744184078923292,0.8413765952928783,34.53732343659066,0.1825403907603104
1630.0,3.8140877895200687,34.338689527331525,130.97077643431584,299.89478373977977,8.753768124284834,0.8412575388287598,34.573856420655666,0.18187643561430997
1631.0,3.8044744833365582,46.33272934959046,176.27168655385574,299.89794189058966,8.764971753231206,0.841118363313898,34.61653027990773,0.18697937198721448
1632.0,3.7964112698766384,55.95793555165667,212.43933716733997,299.90234582084753,8.779177889364735,0.8409418895731089,34.67051809575215,0.19108705781484922
1633.0,3.7802839665700083,72.2390481385283,273.08411543835757,299.9084876728816,8.796980724851544,0.8407207363372479,34.73795250680444,0.1983919538452395
1634.0,3.7746967571176193,77.6206977939278,292.99459624794605,299.91622993144,8.81779419158025,0.8404621839555249,34.81657467843377,0.2008614288194683
1635.0,3.771430533373981,80.44865104534685,303.40649892116977,299.92461888391176,8.839748244358162,0.8401894628030041,34.89940869323431,0.2022682941007757
1636.0,3.774216669714046,77.43697883346451,292.2639363655555,299.93297910453623,8.861676368710988,0.8399170637427206,34.982138972510654,0.2010608971426757
1637.0,3.780749834403365,71.21553921587586,269.248138097369,299.94057356688955,8.882321575348596,0.8396606015484646,35.060123801381565,0.19834515405509517
1638.0,3.7849824919670683,67.61289113661725,255.91360918337168,299.9473705698536,8.901603132982558,0.8394210790933844,35.1330624823039,0.19674095588452847
1639.0,3.7896619396703035,63.84203751752595,241.9397397311717,299.953577904713,8.919860411588783,0.8391942806013816,35.202207788963776,0.19498965305401544
1640.0,3.7883597255668646,65.81678829625481,249.3376700476923,299.9596094708733,8.937868601687525,0.8389705763765525,35.27044118831482,0.19583864558260836
1641.0,3.783469609785199,70.92294893613972,268.3348219362321,299.96612114551,8.956860559436901,0.8387346514355664,35.342342708895565,0.19813896852477209
1642.0,3.7746008219344174,79.36482507841527,299.5705339736675,299.97364318652745,8.977733339777815,0.8384753622387848,35.42121992408271,0.20201299271631226
1643.0,3.7612637537023454,91.47176981923074,344.04945230807675,299.98285090475025,9.001459216316885,0.8381806308532064,35.51061268304785,0.2076154083651673
1644.0,3.7523016539113048,98.62725297715882,370.0792044669217,299.9937863575967,9.027861139655384,0.8378526566502437,35.60979763518907,0.21108296751271682
1645.0,3.739092872408834,109.4545779544716,409.2608322820819,300.00649797891464,9.056760196037903,0.8374936621610198,35.71804100206234,0.21625274495068333
1646.0,3.7305509685086395,115.06682520787577,429.2626562224553,300.0209653106194,9.087943267247649,0.8371062948167993,35.83450307769576,0.21920116113050359
1647.0,3.7180929441664055,124.22184080044188,461.86834979148546,300.0371481174698,9.121176839290484,0.8366934554125405,35.95827296858757,0.22374557731437894
1648.0,3.7074678228445572,131.00751034095157,485.7061291400535,300.0552965621986,9.156624784834513,0.8362531082629252,36.08988123894729,0.22731535685223092
1649.0,3.6992316330456765,135.0273200028354,499.49733347986995,300.0749311466921,9.193573819642475,0.8357941140417083,36.22671552518609,0.2297462945740134
1650.0,3.69071184857804,139.1499932454459,513.5625288005215,300.09580418880387,9.231653708553097,0.8353210719434397,36.36741883131913,0.23224614047423026
1651.0,3.688585697618087,136.70459653154657,504.24661956491383,300.117156290614,9.269967066966757,0.8348451296028974,36.50878088539921,0.23197173577273647
1652.0,3.684138029628039,136.9440059331844,504.5206201880525,300.13849882965525,9.307973894496813,0.8343729950994184,36.64888745864269,0.23280762776979297
1653.0,3.6800956474287103,136.89588761178373,503.78996015101524,300.160116616924,9.346007304727417,0.8339005303760569,36.788930560587836,0.23349372179520567
1654.0,3.6800234568774797,133.07653169199085,489.7247581864257,300.181490482477,9.383503635652675,0.8334347374453084,36.926918023552936,0.23254437558371902
1655.0,3.674023046446994,135.5560395894841,498.0360135368457,300.2029131599734,9.420813608936438,0.8329712595163175,37.06410745891948,0.23422895096181554
1656.0,3.667878429950953,138.04908719480804,506.34726919625473,300.2251830700449,9.458814213532854,0.832499202316362,37.203605588774934,0.2359018667552089
1657.0,3.661535848665132,140.60798840353976,514.841190148252,300.24833799508565,9.497516457266599,0.8320184291022782,37.345437749028115,0.23760001161057165
1658.0,3.655037793547108,143.18186025434545,523.3351105800132,300.27241755169325,9.536931569906445,0.8315288003738329,37.48962929986543,0.239305492522436
1659.0,3.6483247106261705,145.82355944601244,532.0116953183515,300.2974635655638,9.577071044930268,0.8310301733549035,37.63620562251309,0.24104198865343596
1660.0,3.641408930815575,148.50834427356347,540.7796111383881,300.32352397236866,9.61795028846274,0.830522356665059,37.7852047679487,0.2427999542779054
1661.0,3.637988113414971,147.56846467087897,536.8523203875548,300.3501271244495,9.659072215370333,0.8300115252749026,37.934875723938084,0.24304591645255558
1662.0,3.627667744088328,153.6530227121107,557.4021142743952,300.37776441407084,9.700907791139429,0.8294918286814977,38.08685636416503,0.24620859612036744
1663.0,3.623834219044583,152.75703253141904,553.5661616870628,300.4064781960788,9.743464888360952,0.8289631690886838,38.24115740637679,0.24648114119003933
1664.0,3.6205968285491843,151.48097773723114,548.4515475809486,300.4352153618848,9.785720341692237,0.8284382566249411,38.39421524033257,0.24658632022024954
1665.0,3.614104246727122,153.64843864116366,555.3014745960212,300.46440720775803,9.828099255026844,0.8279118104965609,38.547514536156925,0.2480977149184861
1666.0,3.615193953186765,148.2209952147918,535.8476456358397,300.4934392151331,9.870025897503993,0.8273909826397019,38.699062335323354,0.24643763598880863
1667.0,3.6099943756316497,149.67418087760578,540.322951145431,300.5221680194318,9.911400139803627,0.8268770168968493,38.848530661415424,0.24759676217211948
1668.0,3.6086036544027618,147.32744782711146,531.6463666227467,300.55102994721716,9.95265057781202,0.8263645890955028,38.99741486933081,0.2471453801342817
1669.0,3.603981126016108,148.47941250701197,535.1170002772312,300.57996318788463,9.993734817871278,0.825854225864953,39.14557664731472,0.2481237243156105
1670.0,3.6033106711032854,145.74423590136158,525.1617604751707,300.60889990772023,10.034599416988081,0.8253465910933158,39.29283700913016,0.24745940013905454
1671.0,3.603443157784878,142.67202446583187,514.1105303687185,300.6371858303006,10.074657371912403,0.8248489767464298,39.437179609129785,0.24661560251226758
1672.0,3.6003697592228483,143.12359208161465,515.2978527619921,300.66525770895976,10.114351233396906,0.8243558852994173,39.580153105894034,0.24720774680018823
1673.0,3.597318912949607,143.54964207143732,516.3938423707281,300.69362263496987,10.154166996072238,0.8238612795518976,39.72344373998623,0.24776589069940907
1674.0,3.598336084840639,140.1078938446616,504.15529019226744,300.72169709586944,10.193563809324274,0.8233718781450401,39.86518531137837,0.2466817124219109
1675.0,3.596173162199893,140.19216203702106,504.1552906683138,300.74940230413364,10.232494401459022,0.8228882683048568,40.00522844754286,0.24704598121525356
1676.0,3.5981424742546797,136.40948062653226,490.8207461333466,300.7766702883512,10.270910970275155,0.8224110438475136,40.143417165010696,0.24575132232359415
1677.0,3.601065525417521,132.2914600180887,476.3902159782896,300.8028544561011,10.308230187036404,0.8219474510927154,40.277749678307536,0.24426528980322215
1678.0,3.6049672449902554,127.84129779403692,460.8636911045481,300.82782828465935,10.344359199124117,0.8214986434891414,40.407921052461276,0.2425758022660775
1679.0,3.605669920884151,126.92982657184444,457.66705773314135,300.85202115636747,10.379743991020325,0.8210590808568903,40.535494283865994,0.242341016442487
1680.0,3.6064654782821886,126.01546402182815,454.4704207244344,300.87592082715264,10.41487467472242,0.8206226748481686,40.66217774958275,0.24207090210960852
1681.0,3.5991534197057105,132.7170050002374,477.6688623997043,300.90061037797716,10.450812756993654,0.8201762390435571,40.79165580719897,0.24503767387765796
1682.0,3.5943135970136515,136.275279652389,489.8160905914196,300.92678227129267,10.488172670666485,0.8197121407370622,40.926029798659165,0.24668117856052582
1683.0,3.5846232092633947,144.00709259868827,516.2111664278008,300.9546857515492,10.527100690407824,0.8192285628520767,41.065760515480015,0.25010829121624073
1684.0,3.5731944035505268,152.49368133726108,544.8895687311187,300.9851956077248,10.568280010314167,0.818717018505414,41.213137155384494,0.25387435066717157
1685.0,3.5679100414208587,153.99945221656066,549.4561919367785,301.0175075077427,10.610848379904624,0.8181882188831724,41.365129785066955,0.25479597653583347
1686.0,3.562445294509312,155.54320439861775,554.1141566027559,301.05059531200305,10.653840285744229,0.8176541579410654,41.51840367955506,0.2557658363059012
1687.0,3.5568105701911423,157.09920495592706,558.772112755866,301.0844908117975,10.697262695995805,0.8171147491180645,41.672971431961685,0.2567541040742995
1688.0,3.559271053343185,150.75511464587566,536.5783157024985,301.11792453838524,10.740020732589342,0.8165835933839833,41.825102489412764,0.2544820014380596
1689.0,3.5553553759261205,151.5633671937893,538.8616323459034,301.1507114803489,10.782009375881737,0.8160619953306616,41.974469270565756,0.2551307750042786
1690.0,3.55556345294855,148.42065872481402,527.7190698244981,301.1833369545538,10.823674036414554,0.8155444219078937,42.12260459131017,0.25411554535838143
1691.0,3.5525678259784566,148.8800265188397,528.9063921416493,301.21570971787463,10.864965830135151,0.8150314803709918,42.26935825344841,0.2545697008242268
1692.0,3.549591787285604,149.31361513327602,530.002382007,301.24839079887045,10.906381651117107,0.8145169981227688,42.4164290509219,0.25499739563234664
1693.0,3.5465806109206905,149.77516724644167,531.1897041536337,301.2813823572603,10.94792179491685,0.8140009714917161,42.56381698859237,0.2554302129312002
1694.0,3.5435551505349325,150.23810939972083,532.3770263700114,301.31469142006534,10.989590339155388,0.8134833498241566,42.71153473856867,0.2558591312052284
1695.0,3.5405418985114805,150.67552689793655,533.4730160624379,301.34831662392924,11.031383933107918,0.812964174744001,42.85956960376777,0.25627385601863123
1696.0,3.537486441237064,151.14131132382002,534.6603395188033,301.3822609621604,11.073302962144176,0.8124434414640475,43.007921596571435,0.25669707110115714
1697.0,3.5344395341167414,151.58169315684452,535.7563289419044,301.41652780010224,11.115347847947447,0.8119211447459944,43.156590704515985,0.25710681221651693
1698.0,3.5356540662065474,148.04232225851996,523.4264386639961,301.4504456712278,11.156962393413945,0.8114041938706342,43.30369788706895,0.2558578238870698
1699.0,3.5380688324411023,144.1207789712252,509.9092361852249,301.4832439813275,11.197540524329202,0.8109001177101962,43.44721456835336,0.2544127181959044
1700.0,3.5417428137582565,139.81949929178703,495.20470683996433,301.514738131337,11.236976221036626,0.810410233279048,43.58681047229341,0.252755689303652
1701.0,3.5422731095332827,139.17976174207317,493.01272741019494,301.5454042362282,11.275726078941387,0.809928868584579,43.72406250170219,0.2525878368897563
1702.0,3.542939522321494,138.5091141322773,490.7294146609838,301.5758032369485,11.314293582445655,0.8094497691621657,43.86069176652218,0.25238011497937546
1703.0,3.5480196916879545,133.90894138484683,475.1115609265246,301.6052937748711,11.352127256241657,0.8089797856367495,43.994827722334016,0.2504901333104259
1704.0,3.5456106566970047,136.85920808789248,485.24946666354447,301.6344166451383,11.389733836967658,0.8085126231432589,44.12821226605439,0.25176078146432057
1705.0,3.546562247340632,136.17867697759453,482.9661546615317,301.6638006951068,11.427655662546814,0.8080415445646358,44.262686158772844,0.2514919339103507
1706.0,3.547558025679283,135.52256838632823,480.77417513958824,301.6928901067851,11.465391735639237,0.80757277347032,44.396538169272816,0.251229863131618
1707.0,3.544338222825211,138.78944581007113,491.9167377093634,301.72230743351406,11.503491295619858,0.8070994870109334,44.5316379592469,0.25262012000047657
1708.0,3.54439023439065,138.47819106888213,490.82074810062835,301.7521356806472,11.54200062934599,0.8066211101944597,44.66812896872133,0.25251275716686844
1709.0,3.5444847700515894,138.1652877521951,489.7247581874509,301.7818248265849,11.580423014076748,0.8061438134897299,44.804314634983086,0.25240927929088214
1710.0,3.5360835931581978,145.72558571833775,515.2978527619828,301.812706543206,11.619915449995057,0.8056532242236638,44.944121448177356,0.2556172073514
1711.0,3.5341217895197574,146.11659504832383,516.3938423707159,301.8448361876145,11.660449096202433,0.8051497006682927,45.0874120478531,0.2558573986302708
1712.0,3.5278826152761424,150.49131388439895,530.9156900028362,301.8778288609085,11.701645739791752,0.8046379411205993,45.23287803365057,0.2577819984333034
1713.0,3.5205262849801646,155.24200549356934,546.5335608731459,301.91246661434906,11.74410838543123,0.8041104548393636,45.38252550096611,0.2598862691530659
1714.0,3.516146558955804,156.42243167790738,550.0041948877733,301.9483084483731,11.787395024234122,0.8035727326182096,45.53482264909348,0.2605539420226902
1715.0,3.507358248951403,161.63182188423005,566.9007037786981,301.9854977655408,11.831568455536155,0.8030239943411657,45.68994968663863,0.2629014385326677
1716.0,3.501381366078693,163.2641311943761,571.6499867130156,302.0241992913159,11.876692641549006,0.8024634454465962,45.848081921314325,0.2638168032202761
1717.0,3.4908235323615857,168.96446341723862,589.8251250297449,302.0645918056624,11.92283415620205,0.801890258929167,46.009398675509274,0.2664141119782931
1718.0,3.4827777481058133,171.08559404574171,595.8530999639737,302.1070056079054,11.97011504948549,0.8013029186399317,46.17422544047919,0.26759785907324957
1719.0,3.4697502799148268,177.38728544706225,615.4895833332755,302.15146099775643,12.018511932959735,0.8007017151185125,46.342467936780686,0.2704904720588467
1720.0,3.463152891557866,175.90550035932804,609.1876422103402,302.1975693013232,12.067580556752194,0.8000921669968671,46.51256190520586,0.27030124518862964
1721.0,3.4571078344636494,174.02033277122712,601.6070557793806,302.2438328215822,12.116181698192207,0.7994884261094135,46.68072770820192,0.2699574073226624
1722.0,3.456521277512485,167.496897862063,578.9565913775563,302.2892295840803,12.16361641088338,0.7988991750200822,46.84469444194469,0.26771689878372706
1723.0,3.454383643989582,164.3220389278374,567.631363619341,302.33333901077253,12.209703204453941,0.7983266682676529,47.00394240158545,0.26677020575752836
1724.0,3.458911718670852,156.47588125232656,541.236259353021,302.3757433975891,12.254260435920905,0.7977731622866968,47.15795019783629,0.2638505682139546
1725.0,3.4776035248238832,139.4042767455706,484.79280418592043,302.413598444973,12.29535543316637,0.7972626654265047,47.30044949873681,0.2569505054040647
1726.0,3.5040107161852316,121.07250930675823,424.23937004631705,302.444808895186,12.331531331111984,0.7968132753899132,47.42670319418789,0.24918444070165835
1727.0,3.541055388210157,97.77916297466108,346.24143190610266,302.4685756264665,12.3619213413616,0.7964357597346385,47.53371394168018,0.2388217099737519
1728.0,3.5827967965224476,73.85016401520748,264.5901310563427,302.48476909798745,12.385748900093018,0.7961397652162358,47.61855144649936,0.2276223915500053
1729.0,3.6268217775790883,49.76063883643404,180.47296859822671,302.4944014747358,12.40286757706716,0.7959271108438861,47.68023677603248,0.21579723628930927
1730.0,3.652461869071151,40.33424559535446,147.31929405478317,302.5000267076491,12.41523503711934,0.7957734777997597,47.72526368457288,0.21043660383014332
1731.0,3.6757973677300977,31.23265946814232,114.80492746020805,302.50379249389385,12.425098186405894,0.795650954206138,47.761406899409906,0.20504856708023483
1732.0,3.6888707262065528,29.33932819211635,108.22898889446463,302.50653320600424,12.433510515687061,0.7955464532212787,47.79238381815737,0.20296890487136465
1733.0,3.700064505960208,27.794211612896916,102.84037586002691,302.50885553650494,12.441445379410442,0.7954478834855845,47.821698982746014,0.2010100496103545
1734.0,3.70973010366217,26.589288110134945,98.6390825371142,302.51083039693486,12.4489735491203,0.7953543658494372,47.849595793456054,0.19919944436111037
1735.0,3.721933037023132,22.477715456142427,83.66055175302198,302.5123025324031,12.45562710970027,0.7952717129229779,47.87432949399318,0.1959928161965367
1736.0,3.7369089014661316,15.495373416814159,57.904798852834496,302.5131523440683,12.460900081375101,0.7952062101692534,47.89399122121821,0.1913855930473437
1737.0,3.744411662528317,14.805747977866414,55.43881540077805,302.51353398203014,12.465093759311342,0.7951541147911634,47.90968084453319,0.18975541935460083
1738.0,3.7544260229066317,11.409186756415584,42.834947658488375,302.51368876277866,12.468734367721229,0.7951088898419723,47.923329851477725,0.18681910331485962
1739.0,3.757429374121966,13.976623594717621,52.51617604583813,302.5137695400844,12.472292585924794,0.795064688373605,47.936695099619854,0.18674791356597165
1740.0,3.7564948905803326,19.596453900804793,73.61397895186623,302.5141504507085,12.476955449192744,0.7950067646063013,47.954213314613696,0.1881791446887633
1741.0,3.7516101425533455,28.21570935857408,105.85434140896388,302.51512926812666,12.483595587785524,0.7949242784126022,47.979139592346414,0.19111863008303215
1742.0,3.754574038934161,28.923206118373052,108.59431881478515,302.5164997903724,12.491553607116685,0.7948254210296064,48.00900962701313,0.19036944428126348
1743.0,3.7542265956787118,32.47775748186584,121.92886090642399,302.51802351897123,12.500081570439919,0.7947194835970196,48.04102714210718,0.19103579353310546
1744.0,3.7561632630753867,33.55520342994355,126.03882240857519,302.5197235114738,12.509252816935804,0.7946055550691205,48.07546716274411,0.19057800737451164
1745.0,3.7606002060810644,32.10698625877194,120.74153914137966,302.52135152989587,12.518372442985026,0.7944922677890058,48.109742004103914,0.18895740229680463
1746.0,3.7649288548305817,30.71158184716534,115.62692067388389,302.52278987013864,12.52709713194833,0.794383886559648,48.142570770403395,0.18738362391785712
1747.0,3.7636577499829627,34.507595707203805,129.8747800166964,302.5242947225553,12.53615539921832,0.7942713615003936,48.17666876488387,0.18831640227925128
1748.0,3.7672731469168244,33.38351644947743,125.76482506977243,302.52586232502244,12.545545563846114,0.7941547134925948,48.212031270618624,0.18694299313911286
1749.0,3.7654199191616775,37.37786341195902,140.74335142709495,302.5275432928333,12.555373615604122,0.7940326258931165,48.24904708022548,0.1880466150982984
1750.0,3.7656920789701767,39.04867680220938,147.04529292834636,302.52945909425415,12.565988418744308,0.7939007649845427,48.289017852506,0.18809111779973628
1751.0,3.76831928998761,38.318581834561265,144.39665109214604,302.5313810089,12.576733804367707,0.7937672819333204,48.32949574120897,0.18703354726029128
1752.0,3.770892322833093,37.6142645879737,141.8393415638027,302.5331933009235,12.587279948038208,0.7936362739374135,48.36925050405085,0.18601313468419323
1753.0,3.7734080000112047,36.935673163685586,139.37336460165034,302.5349013321971,12.59763402175021,0.7935076519037241,48.40830758601466,0.185023009038859
1754.0,3.7759160772286675,36.23387076437205,136.8160551594182,302.5365080464952,12.607796369239344,0.7933814115622442,48.44666696874741,0.18403774702544937
1755.0,3.7783672013097522,35.55770814194401,134.350078197266,302.53801629848226,12.617767334720146,0.7932575486370168,48.48432867584593,0.18307952308050252
1756.0,3.780786229959057,34.88271835896467,131.8841012351136,302.5394299933573,12.627550638160626,0.7931360169172592,48.52130538166019,0.1821359130172733
1757.0,3.7856957960869924,31.797644403835427,120.37620874506885,302.54064809052267,12.63681135774764,0.7930209769223895,48.5563402781961,0.1800441504498798
1758.0,3.78577971555372,33.437449323956436,126.58681739048973,302.54177248894996,12.645871806088087,0.7929084247690921,48.59064085641989,0.18022389607345035
1759.0,3.790564309017945,30.407501183821882,115.26158871381614,302.54281086983394,12.654738848053968,0.7927982751794538,48.62423019560164,0.17817573348121996
1760.0,3.793074230556404,29.665018035174988,112.52161545821322,302.5436686328439,12.66308221488888,0.7926946308709455,48.65586668405239,0.17722854390374354
1761.0,3.795526763099366,28.948017072122816,109.8729735358995,302.54444276802207,12.671222822085062,0.7925935053157135,48.686754543697845,0.1762996848121707
1762.0,3.7979482110261316,28.23217317769036,107.22433161358904,302.5451369273914,12.679164421408018,0.7924948519079749,48.7169066623658,0.17538087156108118
1763.0,3.8003403712338075,27.517453563593875,104.5756896912774,302.5457537198055,12.686907330739388,0.7923986666988896,48.74632304338278,0.17447235656476562
1764.0,3.805036579906297,24.555119289773792,93.433127121552,302.54621744600223,12.694139206422891,0.7923088297338771,48.77382303960132,0.17248338512617994
1765.0,3.8122494102744438,19.26193857583728,73.43131397647824,302.54638802442554,12.700224479250702,0.7922332362825999,48.79699828832698,0.16935059905009742
1766.0,3.824358553083579,9.457182984924927,36.16765863647414,302.5461136620727,12.704212121792503,0.7921837003504036,48.8122201934371,0.16398001271332935
1767.0,3.836577175019375,-1.3225728698208067e-06,-5.074152884654378e-06,302.54536887329493,12.705328871839804,0.7921698276790086,48.81649617406598,0.15868773994110316
1768.0,3.839355880210658,4.7492558418825954e-65,1.8234083343156763e-64,302.54448265587325,12.705328871839804,0.7921698276790086,48.81649617406598,0.15793210925703327
1769.0,3.842013852296189,8.296327148010939e-81,3.187460382583896e-80,302.5435965988629,12.705328871839804,0.7921698276790086,48.81649617406598,0.1571695025460162
1770.0,3.844553720062349,2.89564034003899e-97,1.1132444841259505e-96,302.54271072051245,12.705328871839804,0.7921698276790086,48.81649617406598,0.1564167553391424
1771.0,3.8469868340324798,8.202152731320826e-115,3.155357356811476e-114,302.54182502078606,12.705328871839804,0.7921698276790086,48.81649617406598,0.15567982364184657
1772.0,3.8493219288933815,-3.8184520442446506e-133,-1.4698451188338693e-132,302.5409394996483,12.705328871839804,0.7921698276790086,48.81649617406598,0.15496054713669694
1773.0,3.851566181364906,3.559041548507222e-147,1.3707884066303002e-146,302.54005415706257,12.705328871839804,0.7921698276790086,48.81649617406598,0.15425958983753946
1774.0,3.8537256978243026,-2.3366554904090326e-161,-9.004829310351537e-161,302.5391689929923,12.705328871839804,0.7921698276790086,48.81649617406598,0.15357714170209125
1775.0,3.855805803319984,-1.5024709373771854e-169,-5.793236159658568e-169,302.5382840073997,12.705328871839804,0.7921698276790086,48.81649617406598,0.15291317199714527
1776.0,3.857811204225636,2.9769182388311584e-177,1.148438853582649e-176,302.5373992002465,12.705328871839804,0.7921698276790086,48.81649617406598,0.15226753928676662
1777.0,3.8597461346179847,-3.7567125968677455e-185,-1.4499956924630971e-184,302.53651457150477,12.705328871839804,0.7921698276790086,48.81649617406598,0.15164003878382215
1778.0,3.861614389179527,2.402566101481748e-193,9.277783828436877e-193,302.53563012113835,12.705328871839804,0.7921698276790086,48.81649617406598,0.15103043432653357
1779.0,3.8634194158019683,-2.647029325975078e-202,-1.0226584492169315e-201,302.53474584911163,12.705328871839804,0.7921698276790086,48.81649617406598,0.1504384666839379
1780.0,3.86516436577934,-8.712263734467133e-211,-3.3674331331734e-210,302.5338617553888,12.705328871839804,0.7921698276790086,48.81649617406598,0.14986385883970188
1781.0,3.8668521338373933,-5.930091738805882e-219,-2.2930787894053023e-218,302.5329778399341,12.705328871839804,0.7921698276790086,48.81649617406598,0.1493063185894416
1782.0,3.8684853907062906,-5.608485053441473e-227,-2.169634249323293e-226,302.5320941027122,12.705328871839804,0.7921698276790086,48.81649617406598,0.14876554003382497
1783.0,3.870066606295545,8.651489410141638e-243,3.3481840260908695e-242,302.5312105436842,12.705328871839804,0.7921698276790086,48.81649617406598,0.14824120573551092
1784.0,3.871598084381108,-6.870046914848667e-259,-2.659806047513644e-258,302.53032716281774,12.705328871839804,0.7921698276790086,48.81649617406598,0.14773298470960702
1785.0,3.8730819689857716,2.4160549194277553e-275,9.357578744515011e-275,302.52944396007786,12.705328871839804,0.7921698276790086,48.81649617406598,0.1472405368714183
1786.0,3.87452026485885,-2.844966600879647e-292,-1.1022880747954792e-291,302.5285609354295,12.705328871839804,0.7921698276790086,48.81649617406598,0.1467635134308085
1787.0,3.875914851507112,5.0303098148745e-310,1.949705251915407e-309,302.5276780888377,12.705328871839804,0.7921698276790086,48.81649617406598,0.14630155837932052
1788.0,3.877267495322614,0.0,0.0,302.52679542026766,12.705328871839804,0.7921698276790086,48.81649617406598,0.1458543100219583
1789.0,3.878579860120376,0.0,0.0,302.52591292968464,12.705328871839804,0.7921698276790086,48.81649617406598,0.14542140250587432
1790.0,3.8798535133062093,0.0,0.0,302.5250306170527,12.705328871839804,0.7921698276790086,48.81649617406598,0.14500246847242518
1791.0,3.8810899369098353,0.0,0.0,302.52414848233536,12.705328871839804,0.7921698276790086,48.81649617406598,0.1445971394556917
1792.0,3.882290521967813,0.0,0.0,302.5232665255071,12.705328871839804,0.7921698276790086,48.81649617406598,0.14420505236729697
1793.0,3.8834566252113474,0.0,0.0,302.5223847465223,12.705328871839804,0.7921698276790086,48.81649617406598,0.14382583010705324
1794.0,3.884589514750651,0.0,0.0,302.5215031453458,12.705328871839804,0.7921698276790086,48.81649617406598,0.14345910672069911
1795.0,3.8856903973434305,0.0,0.0,302.5206217219427,12.705328871839804,0.7921698276790086,48.81649617406598,0.14310451957014014
1796.0,3.8867604228081074,0.0,0.0,302.51974047627857,12.705328871839804,0.7921698276790086,48.81649617406598,0.1427617101857746
1797.0,3.8878006879771476,0.0,0.0,302.5188594083185,12.705328871839804,0.7921698276790086,48.81649617406598,0.14243032501198466
1798.0,3.8888122402515455,0.0,0.0,302.51797851802814,12.705328871839804,0.7921698276790086,48.81649617406598,0.1421100160497631
1799.0,3.889796080807085,0.0,0.0,302.51709780537294,12.705328871839804,0.7921698276790086,48.81649617406598,0.14180044140264492
1800.0,3.8907531674957125,0.0,0.0,302.5162172703189,12.705328871839804,0.7921698276790086,48.81649617406598,0.1415012657332948
1801.0,3.891684417479233,0.0,0.0,302.51533691283214,12.705328871839804,0.7921698276790086,48.81649617406598,0.14121216063840025
1802.0,3.892590706240161,0.0,0.0,302.5144567328893,12.705328871839804,0.7921698276790086,48.81649617406598,0.14093280645710043
1803.0,3.8934728802141043,0.0,0.0,302.51357673044816,12.705328871839804,0.7921698276790086,48.81649617406598,0.14066288783862907
1804.0,3.8943317482699102,0.0,0.0,302.51269690547514,12.705328871839804,0.7921698276790086,48.81649617406598,0.14040209863666353
1805.0,3.895168086963902,0.0,0.0,302.5118172579365,12.705328871839804,0.7921698276790086,48.81649617406598,0.14015014050167263
1806.0,3.8959826422397175,0.0,0.0,302.51093778779904,12.705328871839804,0.7921698276790086,48.81649617406598,0.13990672295531675
1807.0,3.89677613099518,0.0,0.0,302.51005849502957,12.705328871839804,0.7921698276790086,48.81649617406598,0.13967156342495252
1808.0,3.8975492425326896,0.0,0.0,302.50917937959497,12.705328871839804,0.7921698276790086,48.81649617406598,0.13944438724228786
1809.0,3.898302639782411,0.0,0.0,302.50830044145164,12.705328871839804,0.7921698276790086,48.81649617406598,0.1392249277589772
1810.0,3.899036960556407,0.0,0.0,302.507421680552,12.705328871839804,0.7921698276790086,48.81649617406598,0.13901292622562797
1811.0,3.899752819002235,0.0,0.0,302.5065430968634,12.705328871839804,0.7921698276790086,48.81649617406598,0.13880813141216597
1812.0,3.90035530653665,0.09366580519139706,0.3653299203192936,302.5056648669859,12.705345369919314,0.7921696227339216,48.816560520439715,0.13865686939260047
1813.0,3.8992840516860388,1.850405584551916,7.215256984994069,302.5047903656762,12.705665193778122,0.7921656497667313,48.817807695518454,0.13932320442205764
1814.0,3.89465460513984,7.082119410553881,27.582408976463924,302.503941140679,12.7070602166237,0.7921483202903887,48.82324277572835,0.14170422310509237
1815.0,3.8925062279928344,9.549713151729604,37.17231791865256,302.503125956098,12.709370145870723,0.7921196255171339,48.832236496537995,0.1427905343142902
1816.0,3.8874193985684746,14.84844267974227,57.72212411176216,302.50237866021047,12.712867928908654,0.7920761747961658,48.845840873405386,0.14529074544060255
1817.0,3.8783436752125584,23.90259220022154,92.70246728091425,302.50181631880827,12.718490870805772,0.7920063245862636,48.86766716269397,0.14966529707426213
1818.0,3.873738291398904,28.009890749620673,108.50298633470555,302.5014404113962,12.725700785854754,0.7919167604241645,48.89561240682975,0.1517251352305285
1819.0,3.88681009275584,14.051836474389741,54.61681983041269,302.5008936192504,12.731307015115917,0.7918471178246469,48.9173658228256,0.14510915037236496
1820.0,3.892570722570072,8.282538136967458,32.240365460529596,302.5001233775424,12.7342869349021,0.7918101001875515,48.928957247053475,0.1423326438956101
1821.0,3.8956944328015544,5.462560651035101,21.280467117078278,302.49929661412244,12.736195901252364,0.7917863863198464,48.93639068551848,0.140918628525391
1822.0,3.8938045141372974,7.834252655335382,30.50504835423702,302.49846962427307,12.73812956508936,0.7917623656510638,48.943921231637155,0.14198312691031884
1823.0,3.8955020151447735,6.44754691171023,25.11643198730766,302.4976440251794,12.740113122909332,0.7917377251812505,48.95164641324731,0.14123988563120007
1824.0,3.884881810938449,17.585269878651843,68.31669509201834,302.49690649725954,12.743596900099488,0.791694448445969,48.96519460463266,0.146551339423848
1825.0,3.8884239460986567,13.787633741950149,53.61216520223679,302.4962296484533,12.747954141358429,0.7916403212253611,48.98212915328317,0.14473442875082987
1826.0,3.8784336821967904,23.94913197256765,92.88512010178243,302.4956407750442,12.753194426347743,0.7915752245174192,49.002476193684515,0.14964347088315877
1827.0,3.873231225975114,28.697390311117864,111.15162825701739,302.4953055347939,12.760628642046385,0.7914828740118461,49.031285892216296,0.15202515513851794
1828.0,3.8700428076759175,31.199018686908552,120.74153787581699,302.49510517388575,12.768947534672611,0.791379533730775,49.06349338486572,0.15337821263049486
1829.0,3.8698223157753264,30.58716509386322,118.366894056536,302.4949567036194,12.77752893627074,0.7912729324686865,49.09670279313652,0.1532717087987215
1830.0,3.8781015381249784,21.454799007911102,83.20388903274231,302.4946036055195,12.78459112631343,0.7911852033998331,49.12406318541935,0.14906740777335697
1831.0,3.8816007868542104,17.694252652810995,68.68202501994836,302.4940467132613,12.789930498021604,0.7911188758009738,49.144780487388736,0.14735724447113374
1832.0,3.883393301367445,15.851624287463762,61.55809157373027,302.49342315872815,12.794589613047284,0.7910609985956859,49.16286933650917,0.14652381501389625
1833.0,3.8843007257657467,15.001444640874237,58.27012230608247,302.49276604824365,12.79887473818425,0.7910077672275249,49.179512069653924,0.14613924542928636
1834.0,3.8888983591014843,10.474505209896256,40.7342861231655,302.4920408386193,12.802292931731715,0.7909653051958793,49.19279812750592,0.14396389463833
1835.0,3.8939500003634175,5.69955769142448,22.193792674593674,302.49124263694654,12.804539136872272,0.7909374020264314,49.20153809612626,0.14162806197528593
1836.0,3.9001453939573723,0.0,0.0,302.4903867459108,12.80533047126521,0.7909275717855253,49.20462055038739,0.1387949339798109
1837.0,3.9009853744374223,1.3379827516630693e-62,5.2194511454871715e-62,302.48951159618065,12.80533047126521,0.7909275717855253,49.20462055038739,0.138649771436182
1838.0,3.901785970921069,9.817319989402211e-80,3.830508140669253e-79,302.4886366235783,12.80533047126521,0.7909275717855253,49.20462055038739,0.13849228934309887
1839.0,3.902553702007939,-1.0788872780116658e-85,-4.210415540853695e-85,302.4877618274519,12.80533047126521,0.7909275717855253,49.20462055038739,0.13833403196893707
1840.0,3.903292346795225,1.0792507370114396e-93,4.212631142049859e-93,302.48688720774,12.80533047126521,0.7909275717855253,49.20462055038739,0.13817748227168275
1841.0,3.904004623776774,6.493701532971331e-94,2.53514408101464e-93,302.4860127642059,12.80533047126521,0.7909275717855253,49.20462055038739,0.1380235486950974
1842.0,3.904692616503085,2.777867545162817e-94,1.0846718893220802e-93,302.4851384970721,12.80533047126521,0.7909275717855253,49.20462055038739,0.13787261871650697
1843.0,3.9053580174060443,7.939686734272512e-95,3.100731924338357e-94,302.48426440630135,12.80533047126521,0.7909275717855253,49.20462055038739,0.1377248531264597
1844.0,3.9060022484688437,1.3555283059538495e-95,5.294696610918899e-95,302.4833904918569,12.80533047126521,0.7909275717855253,49.20462055038739,0.13758031971023915
1845.0,3.9066265348152016,1.063272352610068e-96,4.153807986441877e-96,302.4825167537021,12.80533047126521,0.7909275717855253,49.20462055038739,0.13743904368732365
1846.0,3.907231952766282,6.1129228961047105e-99,2.3884607664456924e-98,302.481643191801,12.80533047126521,0.7909275717855253,49.20462055038739,0.13730103098218877
1847.0,3.907819462597536,-3.0544527544795e-100,-1.1936249921539644e-99,302.4807698061179,12.80533047126521,0.7909275717855253,49.20462055038739,0.13716627875011844
1848.0,3.9083899316282977,2.7767649245043904e-101,1.085268007343157e-100,302.479896596617,12.80533047126521,0.7909275717855253,49.20462055038739,0.13703477968372157
1849.0,3.9069574671905234,2.0104080839625316,7.854578875737605,302.479025403946,12.805678375246695,0.7909232499969354,49.20597990701747,0.1378747837418391
1850.0,3.9092863425552213,0.09345181915736808,0.36532992031883943,302.4781534912286,12.805887788130551,0.7909206485946515,49.20679824032833,0.13684551593347033
1851.0,3.909902666374913,2.18755256162044e-09,8.55311759351503e-09,302.477280818993,12.805900767032398,0.7909204873660571,49.2068489805563,0.13668261219813893
1852.0,3.91041537620097,1.2451377391703738e-38,4.869005760739942e-38,302.47640833442637,12.805900767032398,0.7909204873660571,49.2068489805563,0.13656478817180967
1853.0,3.9109156263094835,-8.72474940362475e-48,-3.412175877827038e-47,302.4755360046657,12.805900767032398,0.7909204873660571,49.2068489805563,0.13644920607803823
1854.0,3.910480231102125,0.9342321018411144,3.6532961655106653,302.47466388731397,12.806062222459934,0.7909184817085722,49.20748036484581,0.13678585093859585
1855.0,3.9106056803801654,1.2378188734017335,4.840621517606595,302.4737921108353,12.80637443224742,0.790914603326119,49.20870128118096,0.13683097046301038
1856.0,3.9110050437989203,1.237692455621796,4.840621436608716,302.4729204496127,12.806718248565344,0.7909103323159584,49.21004589824669,0.13673727357455795
1857.0,3.9104515664955795,2.1954614296766164,8.58524558685955,302.4720495725071,12.807232137538627,0.7909039486020046,49.21205552395268,0.13710722286985488
1858.0,3.9107151641894724,2.2653786627071475,8.85925068888011,302.4711792772617,12.807854354375479,0.7908962192003046,49.21448877820473,0.13706258744179906
1859.0,3.904965483231761,8.44335372224653,32.97100484808911,302.4703273290821,12.809517913642404,0.7908755538677962,49.22098782395558,0.139950555768786
1860.0,3.9093819084811257,3.948242839200702,15.435189125861378,302.469472718464,12.811106892709747,0.7908558149973944,49.22719644050634,0.13778247682690026
1861.0,3.909440736190845,4.135079684632911,16.165848966499098,302.4686080516756,12.812229576298815,0.790841868617406,49.23158547392236,0.1378280075661729
1862.0,3.910772379891919,3.012675959067639,11.78188993028612,302.46774105323647,12.813176063285377,0.7908301110150884,49.235286475220356,0.1372446637731743
1863.0,3.908427185189142,5.70181406589356,22.28512510003222,302.4668780540535,12.81438636092579,0.7908150762617914,49.24001804646379,0.1384750723109525
1864.0,3.9091145606087445,5.140075917038004,20.093145609927607,302.4660194308778,12.815869431981493,0.7907966530188634,49.24581516487239,0.13817572147315405
1865.0,3.9109237119083557,3.4562696775234407,13.51720703657627,302.46515591766183,12.817063296184166,0.79078182240765,49.25048306772206,0.1373413673836656
1866.0,3.911107738511763,3.5261632781494807,13.79120448442644,302.4642890728629,12.818033078659983,0.7907697754203729,49.25427590329965,0.1373311492941254
1867.0,3.903508006280807,11.534986656991379,45.02691276790813,302.4634531223172,12.820265932640362,0.7907420381038464,49.26299791472739,0.14110976901857333
1868.0,3.896725432373515,18.305282078519454,71.33065822213788,302.46271092374457,12.82441000438319,0.7906905589517615,49.27915871398688,0.1443601783827291
1869.0,3.8910083611861155,23.613517309197285,91.8803932870997,302.46211768816073,12.830382134261066,0.7906163710029681,49.30240924947607,0.14698996249991045
1870.0,3.8866715635931364,27.258716142850304,105.94567689247346,302.46166388996676,12.83758517604686,0.7905268922230203,49.330416099389566,0.1488872024750046
1871.0,3.886045874788757,26.95757023919401,104.75835462234805,302.461258414166,12.845115221127607,0.7904333512903403,49.35968052879901,0.14895149796076726
1872.0,3.8910684031355096,20.960799518575865,81.55990471118855,302.46074564727866,12.85161037891804,0.790352666100397,49.38493949938844,0.14631713200883104
1873.0,3.8955802588475446,15.825478984817732,61.64942352006263,302.46010298213696,12.856719375936045,0.790289200298931,49.40482959568626,0.14403722019875703
1874.0,3.8965981966174885,14.579075505665692,56.808799323727136,302.45938775322037,12.860895594929938,0.7902373218021126,49.42110102951568,0.14354033134539107
1875.0,3.895001097965911,16.06231405269233,62.562730871109906,302.45868418598957,12.865207995746614,0.790183751605632,49.437900282001024,0.14431815592225322
1876.0,3.8931880826896696,17.68850837223193,68.8646899953298,302.45801759308,12.869964912679324,0.790124659469822,49.456422768653326,0.1451701344494936
1877.0,3.8952630063672866,15.264038510959905,59.45744453950772,302.4573388684764,12.874541541800577,0.7900678069341542,49.474244964318295,0.1441128089841069
1878.0,3.9008959397364937,9.34186892904904,36.441658574877906,302.456582908875,12.877958676780013,0.7900253580524221,49.487563989947624,0.14137575092380794
1879.0,3.9082908790689825,1.962988062891071,7.671928341918463,302.45574061629276,12.879416774233032,0.7900072450405834,49.49325648521982,0.13788339608925554
1880.0,3.9089456017446627,1.845834317567514,7.215265937204895,302.454876358237,12.879945776448706,0.7900006735844881,49.49532415105718,0.13776290305980166
1881.0,3.9112727459911083,-2.3233775077588156e-06,-9.0873631247458e-06,302.4540093694991,12.880138017563784,0.7899982854961021,49.4960757676976,0.13680150981502032
1882.0,3.9084413145826074,3.505200899362291,13.699872010979691,302.4531451099977,12.880624761071564,0.7899922389928997,49.49797852896504,0.13836115375428426
1883.0,3.9088894432924635,3.434703068193949,13.425874564107561,302.45228599445494,12.881588636216911,0.7899802653886098,49.501745993593595,0.13825195582838012
1884.0,3.912627327599701,-6.982261990806649e-17,-2.731898907369079e-16,302.45142056821675,12.881964479976407,0.7899755965220322,49.503215640419235,0.13655160042341857
1885.0,3.9129143222018454,0.256754225406575,1.0046572858792282,302.45055327113096,12.882000140942486,0.7899751535286648,49.503355176184634,0.13657505590310964
1886.0,3.9136663982783344,-3.1818167892105897e-13,-1.2452569453411344e-12,302.44968615878673,12.882026801110602,0.7899748223464521,49.50345950235308,0.13635299858654396
1887.0,3.9122627263453182,1.937643940063863,7.580572163640733,302.44881975930844,12.8823615149105,0.7899706644110497,49.504769096613764,0.13717141576444208
1888.0,3.914543759160386,-8.239069149151845e-15,-3.2252196719103226e-14,302.4479531878243,12.882547820949384,0.7899683500503182,49.505498101649,0.13616919435414382
1889.0,3.9150142881220473,-1.924120263547778e-45,-7.53295832385471e-45,302.4470865939485,12.882547820949384,0.7899683500503182,49.505498101649,0.1360734642277348
1890.0,3.9154688098589565,4.135122297029338e-55,1.61909423789707e-54,302.44622017651926,12.882547820949384,0.7899683500503182,49.505498101649,0.1359770781749945
1891.0,3.91590887156915,-3.1306314973737687e-65,-1.2259267654179753e-64,302.44535393391675,12.882547820949384,0.7899683500503182,49.505498101649,0.13588219871487528
1892.0,3.9163354270858735,4.147489077882718e-76,1.624295840916381e-75,302.44448786611565,12.882547820949384,0.7899683500503182,49.505498101649,0.13578916962178428
1893.0,3.9167492603025265,-1.0455681269436946e-82,-4.095228187802614e-82,302.44362197308806,12.882547820949384,0.7899683500503182,49.505498101649,0.13569810805893756
1894.0,3.9171510491777597,2.1304833189961747e-89,8.345424968261582e-89,302.4427562547823,12.882547820949384,0.7899683500503182,49.505498101649,0.13560906046362559
1895.0,3.917541398070176,-3.5012492357128643e-96,-1.371628882586671e-95,302.4418907111695,12.882547820949384,0.7899683500503182,49.505498101649,0.1355220453697818
1896.0,3.917920853632551,4.649094146450909e-103,1.821478290688104e-102,302.44102534222037,12.882547820949384,0.7899683500503182,49.505498101649,0.13543706709331368
1897.0,3.9182899161194324,-4.9862150579087587e-110,-1.9537436181006762e-109,302.44016014790634,12.882547820949384,0.7899683500503182,49.505498101649,0.13535412140112701
1898.0,3.918649022837807,4.1326974162167686e-110,1.619459069174217e-109,302.4392951285396,12.882547820949384,0.7899683500503182,49.505498101649,0.1352732023769311
1899.0,3.918998634148722,-2.48094253940106e-110,-9.722810423314216e-110,302.438430283686,12.882547820949384,0.7899683500503182,49.505498101649,0.13519428955603174
1900.0,3.9193391495859773,1.0370437705631323e-110,4.064526249802342e-110,302.4375656133173,12.882547820949384,0.7899683500503182,49.505498101649,0.1351173634261334
1901.0,3.919670943786942,-2.7296858318738788e-111,-1.069947024086293e-110,302.436701117407,12.882547820949384,0.7899683500503182,49.505498101649,0.1350424006514846
1902.0,3.9199943692466244,3.6453256860980165e-112,1.4289656163574313e-111,302.4358367959295,12.882547820949384,0.7899683500503182,49.505498101649,0.1349693743694128
1903.0,3.9203097585343594,-9.782699152077495e-114,-3.835121095069521e-113,302.4349726488606,12.882547820949384,0.7899683500503182,49.505498101649,0.13489825447841863
1904.0,3.920617426146617,-5.752600891857779e-115,-2.255374730228418e-114,302.4341086761772,12.882547820949384,0.7899683500503182,49.505498101649,0.13482900792724117
1905.0,3.9209176700793913,-7.193895797664474e-116,-2.820667314977251e-115,302.43324487785776,12.882547820949384,0.7899683500503182,49.505498101649,0.1347615990103806
1906.0,3.92121077318053,-1.247369309957364e-116,-4.8911979763395796e-116,302.4323812538826,12.882547820949384,0.7899683500503182,49.505498101649,0.13469598966780946
1907.0,3.9214970043263184,-2.558453561223245e-117,-1.0032967976044956e-116,302.43151780423386,12.882547820949384,0.7899683500503182,49.505498101649,0.1346321397836596
1908.0,3.921776610280733,1.3890001839863474e-125,5.447348433233292e-125,302.43065452911344,12.882547820949384,0.7899683500503182,49.505498101649,0.13457000990837814
1909.0,3.9220498439508114,-6.057191430259806e-134,-2.3756606703830664e-133,302.42979142831456,12.882547820949384,0.7899683500503182,49.505498101649,0.13450955438702833
1910.0,3.9223169387126076,1.6919084216577915e-142,6.636201061018869e-142,302.42892850181147,12.882547820949384,0.7899683500503182,49.505498101649,0.13445072844472192
1911.0,3.922578117417672,-2.8420890394274106e-151,-1.1148316273810572e-150,302.42806574958075,12.882547820949384,0.7899683500503182,49.505498101649,0.13439348634040238
1912.0,3.9228335931463496,2.491418270862783e-160,9.773419287519116e-160,302.4272031715993,12.882547820949384,0.7899683500503182,49.505498101649,0.13433778157165877
1913.0,3.9230835698217073,-8.444474878846985e-170,-3.3128380652976755e-169,302.4263407678444,12.882547820949384,0.7899683500503182,49.505498101649,0.1342835670799109
1914.0,3.9233282427705083,3.5281255465249636e-180,1.3841994600721525e-179,302.4254785382939,12.882547820949384,0.7899683500503182,49.505498101649,0.1342307954347295
1915.0,3.9235678066405546,-1.6060374936029578e-185,-6.30139700615825e-185,302.424616482676,12.882547820949384,0.7899683500503182,49.505498101649,0.13417941683112927
1916.0,3.9238024458479335,3.9040416437034316e-191,1.531868815025571e-190,302.42375460077693,12.882547820949384,0.7899683500503182,49.505498101649,0.13412938213118056
1917.0,3.924032330775008,-7.782409787000888e-197,-3.0538427615531327e-196,302.42289289260555,12.882547820949384,0.7899683500503182,49.505498101649,0.13408064427477553
1918.0,3.9242576255117148,1.2154527012549992e-202,4.7697495313487425e-202,302.42203135816226,12.882547820949384,0.7899683500503182,49.505498101649,0.13403315625896794
1919.0,3.924478506647372,-1.091778024416448e-202,-4.284659390852281e-202,302.42116999673027,12.882547820949384,0.7899683500503182,49.505498101649,0.13398686575615573
1920.0,3.924695100961917,6.741125100722895e-203,2.6456860657778556e-202,302.4203088092364,12.882547820949384,0.7899683500503182,49.505498101649,0.13394173377413365
1921.0,3.9249075564218883,-2.645994039602995e-203,-1.0385282000285071e-202,302.4194477956403,12.882547820949384,0.7899683500503182,49.505498101649,0.1338977137861052
1922.0,3.925116015627119,6.084051530984402e-204,2.388060810416757e-203,302.4185869558977,12.882547820949384,0.7899683500503182,49.505498101649,0.13385475971601207
1923.0,3.925320615912997,-7.202913985712816e-205,-2.8273746762766573e-204,302.4177262899684,12.882547820949384,0.7899683500503182,49.505498101649,0.13381282603878364
1924.0,3.9255214896348916,3.4717286457962983e-206,1.362834540525441e-205,302.416865797816,12.882547820949384,0.7899683500503182,49.505498101649,0.13377186781138117
1925.0,3.925718769898351,9.706003950061675e-207,3.8103041887464656e-206,302.41600547915806,12.882547820949384,0.7899683500503182,49.505498101649,0.13373183906960973
1926.0,3.925912568904421,3.8266588330775454e-209,1.502312800968826e-208,302.4151453344589,12.882547820949384,0.7899683500503182,49.505498101649,0.13369269936498318
1927.0,3.9261030064826685,-8.422882974459789e-210,-3.306910616927826e-209,302.41428536367386,12.882547820949384,0.7899683500503182,49.505498101649,0.13365440534254297
1928.0,3.9262901985645273,3.33299827308005e-210,1.3086318451426696e-209,302.4134255667517,12.882547820949384,0.7899683500503182,49.505498101649,0.1336169142473141
1929.0,3.926474257201845,-1.766685713965842e-210,-6.93684597645314e-210,302.41256594364336,12.882547820949384,0.7899683500503182,49.505498101649,0.13358018398165256
1930.0,3.9266552907633514,1.1120491665014476e-210,4.366633743231884e-210,302.4117064943024,12.882547820949384,0.7899683500503182,49.505498101649,0.13354417310170125
1931.0,3.926833404120439,-7.776998643870423e-211,-3.0538978058549733e-210,302.4108472186846,12.882547820949384,0.7899683500503182,49.505498101649,0.13350884081002867
1932.0,3.9270087110753797,2.4410644989736777e-218,9.58608155176649e-218,302.409988116063,12.882547820949384,0.7899683500503182,49.505498101649,0.13347414335889893
1933.0,3.9271812973070164,-5.2685340296540945e-226,-2.0690488305483128e-225,302.40912918707073,12.882547820949384,0.7899683500503182,49.505498101649,0.13344004495644013
1934.0,3.9273512576321132,8.087525995378757e-234,3.1762555389083172e-233,302.40827043170657,12.882547820949384,0.7899683500503182,49.505498101649,0.13340650684025135
1935.0,3.927518684324824,-7.545904044422584e-242,-2.9636679124591955e-241,302.40741184995653,12.882547820949384,0.7899683500503182,49.505498101649,0.13337349074632987
1936.0,3.9276836670359803,5.671511964865652e-250,2.227590491180196e-249,302.40655344180595,12.882547820949384,0.7899683500503182,49.505498101649,0.133340958955999
1937.0,3.9278462929159987,9.6528980473024e-261,3.791509981099281e-260,302.40569520723915,12.882547820949384,0.7899683500503182,49.505498101649,0.13330887427992827
1938.0,3.9278937796362703,0.11626139055874515,0.4566623927875581,302.404836776422,12.882568506968076,0.7899680930811419,49.50557935395364,0.1333315438758912
1939.0,3.9259035926662014,2.326406592719753,9.133248000360814,302.4039727267719,12.882995048180966,0.7899627944325345,49.50725408750916,0.13433322515237966
1940.0,3.918785284531209,9.765349818904923,38.26830916862412,302.4031116433233,12.884674039809703,0.7899419373936682,49.51383766073935,0.1377848619364752
1941.0,3.9124451172929158,15.990703254418424,62.5627488698293,302.40229742454926,12.888250947355766,0.7898975037595557,49.52784199410056,0.14074030330038967
1942.0,3.9148170547009324,12.831471647832268,50.23286404384524,302.40150310842256,12.89225397470751,0.7898477767117079,49.543508019064234,0.13940873681570715
1943.0,3.919731548887428,7.24651699620346,28.40440128956766,302.40066631428334,12.895042322203043,0.7898131388546206,49.554429728112034,0.13693493993068478
1944.0,3.919707726644028,7.130056841087857,27.94773889142318,302.3998101499564,12.897039068763307,0.789788334549524,49.56225641387292,0.13694373187206038
1945.0,3.913251788640275,13.676805513864222,53.52078364001434,302.3989858343765,12.90011377887884,0.7897501393928094,49.57429532415112,0.14003592184695607
1946.0,3.9078488398034366,18.790725277945047,73.43131397648266,302.3982373848543,12.90473649288541,0.7896927143740943,49.59237012757037,0.14251573739214712
1947.0,3.9068580061659595,19.076020586995504,74.52730375609005,302.39753509896025,12.909995764025046,0.7896273818133535,49.61291994092223,0.14280909177717666
1948.0,3.910085973519219,15.019307784174817,58.72678469886998,302.3967972130574,12.914626174512046,0.7895698611861857,49.631018742314296,0.1411005401124194
1949.0,3.9155388749171594,8.887070507762424,34.79767005727355,302.39599487005273,12.917946187525443,0.7895286187885038,49.644008129520444,0.13839410209524017
1950.0,3.922934193781941,1.140778014673765,4.475197081278389,302.3951404232119,12.919120366237928,0.7895140327175412,49.64860924965282,0.13486287584106776
1951.0,3.924338591257721,1.0298836436439807e-14,4.041612127257188e-14,302.3942829402122,12.91927879660199,0.7895120646384846,49.64923081776738,0.1343136755651284
1952.0,3.924684857110023,8.5282192732698e-55,3.347057303991583e-54,302.39342716783807,12.91927879660199,0.7895120646384846,49.64923081776738,0.13426341548654533
1953.0,3.9250122825107376,3.337245296137878e-51,1.3098728777092355e-50,302.39257157141094,12.91927879660199,0.7895120646384846,49.64923081776738,0.13420597965306327
1954.0,3.9253250367384593,2.869396262042357e-54,1.1263312987718613e-53,302.3917161479753,12.91927879660199,0.7895120646384846,49.64923081776738,0.13414650041305326
1955.0,3.9256253586479932,5.626043126462298e-56,2.2085737566087635e-55,302.3908608974114,12.91927879660199,0.7895120646384846,49.64923081776738,0.13408627121347144
1956.0,3.9228491751537904,3.166376463598244,12.421217298452747,302.39000141011667,12.919829416429634,0.7895052246406256,49.65139111144246,0.13549530066733476
1957.0,3.9198696924408876,6.384166187389479,25.02509954945391,302.38914333871037,12.921155805599739,0.7894887477565249,49.65659199708554,0.1369538917913934
1958.0,3.913230741436598,13.233443061982642,51.78551620520134,302.38831560040654,12.923880075925101,0.7894549058891291,49.66726018735409,0.1401253398236937
1959.0,3.9107866422205992,15.343572764762868,60.005439412374415,302.3875378161641,12.927849057052388,0.7894056017757467,49.682786721753374,0.14117586656541203
1960.0,3.905592465969377,20.228068818398192,79.00259317824606,302.38682390056414,12.932789390970491,0.7893442311680684,49.7020937044216,0.14353783431196648
1961.0,3.908769555196654,16.169302210084993,63.20207620755419,302.3861166565822,12.937758192821681,0.7892825069214697,49.72150851520675,0.14182465621005164
1962.0,3.906727287950246,17.790854648961524,69.50401733305448,302.38539585498836,12.94247485553709,0.7892239148380485,49.739939953379114,0.1427009225425058
1963.0,3.906015427791176,17.95777461854467,70.14334470883227,302.38469645173245,12.947439948925998,0.7891622366593043,49.75933544242851,0.1429141052713927
1964.0,3.906435266874442,16.973884374878825,66.30738053787569,302.38399134604805,12.952252977240915,0.7891024474876904,49.77813646313835,0.1425961619124424
1965.0,3.909760905409191,13.034946411677973,50.963523884482356,302.38324823856505,12.956420468292302,0.7890506774125179,49.79442290700713,0.14090612496297086
1966.0,3.908176930439157,14.442404653644973,56.4434726874424,302.3824861039869,12.960236748326434,0.789003270207125,49.80934056832172,0.1416371779077578
1967.0,3.899449370211763,23.16425069879446,90.32782279884145,302.38184480932887,12.965696779803132,0.7889354437291536,49.83064908145553,0.14574132886267577
1968.0,3.8970547913996825,24.86589656846392,96.90376136458124,302.3813180523677,12.972367601694184,0.7888525763764698,49.85665348592655,0.1466874815795981
1969.0,3.906259667372341,14.496255360285804,56.62613764181454,302.3806704343131,12.977580926951529,0.7887878145720306,49.8769955797796,0.14210740214875114
1970.0,3.919408664469569,0.6058546052401539,2.3745917891870496,302.3798609236339,12.979676912586921,0.7887617774833923,49.885190086153656,0.13580782894510854
1971.0,3.92051673280223,3.2355858272607035e-09,1.2685168376193335e-08,302.379007787504,12.97976105505819,0.788760732235302,49.88551989787226,0.13547439883252715
1972.0,3.9210326205480346,-6.796862062908773e-58,-2.6650717866030706e-57,302.3781551231872,12.97976105505819,0.788760732235302,49.88551989787226,0.13538020907300036
1973.0,3.921525022452324,-3.492633914586511e-65,-1.3696451290316616e-64,302.37730260395256,12.97976105505819,0.788760732235302,49.88551989787226,0.13527913222812177
1974.0,3.9219936667089823,2.6859459996610155e-74,1.0534263199792829e-73,302.37645025676943,12.97976105505819,0.788760732235302,49.88551989787226,0.1351747114870379
1975.0,3.920544328510968,1.9568528497756466,7.671928341918436,302.37559675163385,12.980106839059195,0.7887564367818733,49.88687566171455,0.1359728748068777
1976.0,3.9144105814590593,8.679642027894314,33.97568259726627,302.37475505064117,12.98158380475118,0.7887380893819729,49.892660073321736,0.13898028734654805
1977.0,3.9066691599702357,16.692324867817785,65.21139076930798,302.37398321107355,12.985107187503438,0.7886943206521312,49.90643608084038,0.1426444108762021
1978.0,3.90845184888173,14.347917010923574,56.07814276894587,302.37325295376854,12.989418302668984,0.7886407664264722,49.92328183336657,0.14163901216573474
1979.0,3.914888515159134,7.325469240414794,28.678395397451382,302.37245946772117,12.992428035302538,0.7886033784434467,49.93505324009226,0.13847859997127435
1980.0,3.9186755034876763,3.4960184049509984,13.699761683223537,302.37161570393226,12.99381523012601,0.7885861462096148,49.94048670881711,0.13670972521747726
1981.0,3.920505197751652,1.886984080090198,7.3979308940682404,302.37076414338435,12.994562847862134,0.7885768590327684,49.94341695585856,0.13591581517065432
1982.0,3.9226732213944056,-1.2885159141919067e-08,-5.054426871941124e-08,302.3699120557686,12.994824891392257,0.7885736038336365,49.94444443829952,0.13496713921202583
1983.0,3.9231110146892787,7.779361351228639e-53,3.0519298204253146e-52,302.3690612197613,12.994824891392257,0.7885736038336365,49.94444443829952,0.13486098219573733
1984.0,3.9235327470083528,-5.372776238809313e-63,-2.1080263515316708e-62,302.3682105346959,12.994824891392257,0.7885736038336365,49.94444443829952,0.1347505135189821
1985.0,3.9239384400990547,6.51412602079103e-75,2.5561029496631417e-74,302.3673600213357,12.994824891392257,0.7885736038336365,49.94444443829952,0.13463863485689578
1986.0,3.9243299715390085,-1.8509210551460544e-81,-7.263624971662267e-81,302.36650967962294,12.994824891392257,0.7885736038336365,49.94444443829952,0.13452663260773842
1987.0,3.9247087160061573,4.2046883125903946e-88,1.6502176868512744e-87,302.3656595095192,12.994824891392257,0.7885736038336365,49.94444443829952,0.13441494828313508
1988.0,3.925075758553109,-7.103983003982127e-95,-2.7883671478103543e-94,302.36480951099537,12.994824891392257,0.7885736038336365,49.94444443829952,0.1343037646138271
1989.0,3.9254319960701833,9.074970608090915e-102,3.5623179988396565e-101,302.3639596840229,12.994824891392257,0.7885736038336365,49.94444443829952,0.13419315763243517
1990.0,3.925778166926775,-6.830934823166962e-102,-2.681673478848867e-101,302.36311002888743,12.994824891392257,0.7885736038336365,49.94444443829952,0.13408315703870355
1991.0,3.926114976217724,3.5356590730674053e-102,1.3881404037570016e-101,302.36226054517863,12.994824891392257,0.7885736038336365,49.94444443829952,0.13397376079121848
1992.0,3.92644301589383,-1.1749110687229206e-102,-4.6132213600834676e-102,302.36141123287035,12.994824891392257,0.7885736038336365,49.94444443829952,0.1338649578594947
1993.0,3.926492404053874,0.27912692963746427,1.0959897689883835,302.36056149132594,12.99487365886213,0.7885729980265573,49.94463592297588,0.13388543161263605
1994.0,3.9264776730878075,0.6047772543640306,2.374644386451712,302.3597109914304,12.994996424878822,0.7885714729828717,49.945117961915386,0.13393007373102472
1995.0,3.9261437836062045,1.2329200618750327,4.840621436614037,302.35885900935386,12.995274198617079,0.7885680223774275,49.94620857081063,0.13411901914243382
1996.0,3.9263778378923706,1.2328465665759505,4.840621436525513,302.3580064995514,12.995616666185867,0.7885637681219146,49.94755318787636,0.13402625859261313
1997.0,3.926608278056161,1.232774214750622,4.840621436613976,302.357154068815,12.995959112720637,0.7885595141276939,49.94889780494208,0.13393530158426722
1998.0,3.925283072765793,2.8386647168005252,11.142562562114605,302.35629995701026,12.996594326685784,0.7885516232709839,49.95139141960922,0.13458436871204937
1999.0,3.9252860906923224,2.978268892434562,11.690557457815014,302.35544519424917,12.997402234324172,0.7885415871512524,49.95456268731777,0.13457539784905465
2000.0,3.923616953553012,4.841745783605718,18.99715584134921,302.35459118833904,12.99856549376661,0.7885271367233961,49.959127462488226,0.13536449153525237
2001.0,3.9232674357054336,5.237931984252371,20.54980798425727,302.3537385208556,12.999965448768368,0.7885097459780327,49.96462010132815,0.13549827844889115
2002.0,3.920965322397227,7.640223102433258,29.95704984001896,302.35289215319517,13.00183868632155,0.7884864759463162,49.97196646756284,0.13656232858681483
2003.0,3.915785270268511,12.898271105232743,50.50686000580033,302.3520777905278,13.004879280854105,0.7884487045856632,49.983877889847214,0.13896439465859411
2004.0,3.914902391762993,13.414427944955376,52.51617604583813,302.35128968904803,13.008557590890417,0.7884030112932867,49.99827918466388,0.1392497780342658
2005.0,3.910698959778575,17.375759392853446,67.95136418299478,302.35054258023723,13.012947737222543,0.7883484753140056,50.015454665401144,0.14112644303266644
2006.0,3.90480459460329,22.89858450833148,89.4144979980445,302.34989397776593,13.018670875696692,0.788277380426128,50.03781576697959,0.1437587127255896
2007.0,3.903621034254656,23.23308331503458,90.69315271915987,302.34931049086356,13.025078053104759,0.7881977881601893,50.062830726145215,0.14408108079978874
2008.0,3.9025740217269638,23.449944717521454,91.51514506553266,302.3487431082002,13.031561902947395,0.7881172434416472,50.088137794871855,0.1443624210142469
2009.0,3.89299306736951,32.58696061394046,126.86081175671349,302.3483511235247,13.039518841512095,0.7880183994843217,50.11914524915085,0.1487094298591903
2010.0,3.89640413630341,27.70631271237851,107.95499145422737,302.34800520804987,13.047751373890666,0.7879161320013581,50.15121073253788,0.14676569422767038
2011.0,3.899185871500882,23.798247969061716,92.79379224744,302.3475409979394,13.054904682818782,0.7878272710208847,50.17909235531455,0.145224386535942
2012.0,3.901250155147662,20.929505656931603,81.65123719126828,302.34697809722985,13.061028972572027,0.787751192887304,50.20297957327471,0.14409979104147325
2013.0,3.9019423763334826,19.66181858267764,76.71928312353101,302.34637448176625,13.066666636062537,0.7876811598004654,50.224975399407924,0.14366553003513347
2014.0,3.8964139918066856,24.940306396898325,97.17775880482041,302.3458461274579,13.073018563656321,0.7876022538676233,50.249738240309746,0.14619087729737226
2015.0,3.890034109253404,30.850855147844232,120.01087882475004,302.34548441270283,13.080767040023602,0.7875059995028124,50.27990350394247,0.14904110192922249
2016.0,3.8849235535749598,35.12314292865182,136.45072523909926,302.3453283630464,13.089929945367482,0.7873921745917083,50.31552331988548,0.15120789765171172
2017.0,3.884056187762849,34.75475096964895,134.9894055578219,302.3452714016942,13.09963521644558,0.7872716122180673,50.35322331018691,0.15132466111017737
2018.0,3.884896313492595,32.678387546636046,126.9521473108087,302.34517794370856,13.109000161997125,0.7871552774907189,50.389601074158804,0.15066953514045361
2019.0,3.887715617463791,28.707935278537263,111.60828832750904,302.3449729345674,13.11752573771433,0.7870493697178343,50.422733551967305,0.14912954595244685
2020.0,3.890020963153933,25.544782095758894,99.36973785170134,302.3446415249861,13.125060746901646,0.7869557671192342,50.45203586595464,0.14790282903943633
2021.0,3.8956744501331664,19.107338722831464,74.43597127257462,302.3441594059571,13.131262016194766,0.7868787327180774,50.476175068446196,0.14513990579414934
2022.0,3.8952379691800374,19.390846364588928,75.53196101388349,302.34358944588814,13.136608984022857,0.78681231075748,50.49700395158456,0.14534926046569657
2023.0,3.8961917104906645,18.214025975894362,70.96533702194125,302.34300559138717,13.141790858923734,0.7867479396406989,50.51719162296229,0.14487611700414582
2024.0,3.894460203171465,19.887208770172823,77.44994310760059,302.3424332356267,13.147082769136873,0.7866822016256289,50.53780527160047,0.14568170601819525
2025.0,3.891133707933209,23.119866244245777,89.96249086589191,302.34193185889956,13.153055992661292,0.786608000091164,50.56105749550609,0.14720564939111752
2026.0,3.8917442188629114,22.08363598758522,85.94386268615773,302.34146246402685,13.159298149980593,0.7865304577642162,50.585348894935734,0.14682361558076562
2027.0,3.891055770198903,22.463102201133818,87.40518343628942,302.3409897289583,13.165485235732826,0.7864535995561139,50.60942531269873,0.14707705703876092
2028.0,3.8918078636885687,21.332302951032283,83.02122437541429,302.3405085356125,13.171567273926723,0.7863780462866246,50.63309310106933,0.14664590487254153
2029.0,3.892723839425402,20.107240754040326,78.27193542831877,302.33999487027756,13.177322651865767,0.7863065509084998,50.655494496298076,0.14615778255055517
2030.0,3.896751909477335,15.72696839560882,61.28409412587837,302.3394074718761,13.182299177457962,0.7862447307148079,50.674876075635446,0.14421843570620352
2031.0,3.9012239718719264,11.143748590782023,43.474259138872824,302.33871816589186,13.18603102744693,0.7861983723298518,50.689425762233085,0.14213323552725454
2032.0,3.912281062760293,-1.192766724148267e-14,-4.666438667175895e-14,302.3379122404038,13.187478807655175,0.7861803874825444,50.695079458008834,0.13699656621108153
2033.0,3.9131768056450675,-1.56169017158783e-62,-6.111169757061362e-62,302.33706783402215,13.187478807655175,0.7861803874825444,50.695079458008834,0.13680092509670164
2034.0,3.9140231540434827,-1.1777930959722061e-76,-4.609909448307772e-76,302.33622359839467,13.187478807655175,0.7861803874825444,50.695079458008834,0.1365791852102911
2035.0,3.9148297733551773,-2.0735529824546915e-91,-8.117606952343052e-91,302.3353795330405,13.187478807655175,0.7861803874825444,50.695079458008834,0.13635177713127436
2036.0,3.9119652356195975,3.7588599059428076,14.704529277612613,302.33454264886075,13.18809592899196,0.7861727213789819,50.6974940838922,0.13783795887416733
2037.0,3.915239558961818,0.9097698032182542,3.5619667231090175,302.33370596740053,13.188744274197692,0.7861646674012709,50.700031090335585,0.13635401186671087
2038.0,3.9167897014943494,0.0,0.0,302.33286307344684,13.188870619551789,0.7861630978937666,50.7005258073286,0.13572927545351834
2039.0,3.917490448958648,1.4620162077077003e-44,5.727434529917658e-44,302.33201968512606,13.188870619551789,0.7861630978937666,50.7005258073286,0.135505002447329
2040.0,3.918165644268103,-2.7601615979196618e-52,-1.0814770345596968e-51,302.3311764676011,13.188870619551789,0.7861630978937666,50.7005258073286,0.13527926694671213
2041.0,3.91881775382319,-1.4318658028195985e-52,-5.611221129181738e-52,302.3303334199527,13.188870619551789,0.7861630978937666,50.7005258073286,0.13505415656277556
2042.0,3.9194485397368917,-5.132859560449318e-53,-2.0117978908877625e-52,302.32949054237116,13.188870619551789,0.7861630978937666,50.7005258073286,0.1348301917149783
2043.0,3.920059475351426,-1.1653559062464004e-53,-4.56826446243795e-53,302.32864783482177,13.188870619551789,0.7861630978937666,50.7005258073286,0.13460757937324497
2044.0,3.9206518393830327,-1.4077284500828372e-54,-5.519213137169102e-54,302.3278052972696,13.188870619551789,0.7861630978937666,50.7005258073286,0.134386427829772
2045.0,3.9212267665929703,-5.128029330975898e-56,-2.010816587249653e-55,302.32696292968006,13.188870619551789,0.7861630978937666,50.7005258073286,0.1341668018836286
2046.0,3.921785278692231,1.479868006872273e-57,5.803724563759293e-57,302.32612073201926,13.188870619551789,0.7861630978937666,50.7005258073286,0.1339487431144229
2047.0,3.9223283051036795,-1.1458520427947272e-58,-4.494407900914631e-58,302.3252787042529,13.188870619551789,0.7861630978937666,50.7005258073286,0.13373227832145662
2048.0,3.9228566978158477,1.2755784263220146e-59,5.003911373286714e-59,302.32443684634757,13.188870619551789,0.7861630978937666,50.7005258073286,0.13351742334869882
2049.0,3.92337124248634,-1.687571753484796e-60,-6.620970487254495e-60,302.3235951582699,13.188870619551789,0.7861630978937666,50.7005258073286,0.13330418496047247
2050.0,3.923872671326505,3.025811650637309e-69,1.187289964451708e-68,302.3227536399224,13.188870619551789,0.7861630978937666,50.7005258073286,0.13309256042029038
2051.0,3.9243616568784874,-3.3683437071350576e-78,-1.3218598891468761e-77,302.32191229133826,13.188870619551789,0.7861630978937666,50.7005258073286,0.13288254259362692
2052.0,3.9248388303609714,2.163450522455692e-87,8.49119461809883e-87,302.32107111249206,13.188870619551789,0.7861630978937666,50.7005258073286,0.13267411621275538
2053.0,3.9233713899124343,2.00200095944297,7.854593286855793,302.3202282299572,13.18922416298083,0.7861587060499275,50.70191299579033,0.13338325280649027
2054.0,3.9255416091955295,0.09306484472437979,0.3653299203188739,302.319385726581,13.189515111074893,0.7861550917878894,50.70305464581937,0.13233359199469824
2055.0,3.926077262159235,1.6637809101900831e-10,6.532132400711882e-10,302.3185449323604,13.189528036284614,0.7861549312262781,50.703105386047284,0.1320925438068914
2056.0,3.926518393233967,-1.928912459743018e-35,-7.573910252119133e-35,302.31770443101095,13.189528036284614,0.7861549312262781,50.703105386047284,0.13189095228581532
2057.0,3.922084160115059,5.053218488799457,19.819148192520906,302.3168621690529,13.190375808587229,0.7861443998933263,50.7064313271443,0.13399914671384208
2058.0,3.9155637001094847,12.01263236752866,47.03622724105548,302.3160453480759,13.192745668182111,0.7861149606437005,50.71571681097307,0.13703387795264158
2059.0,3.9124402536957215,15.0102699579185,58.72678440219992,302.3152801387296,13.196498758743887,0.786068338400697,50.73040613308174,0.1383632622456666
2060.0,3.910261894961676,16.863845028519,65.94205061755675,302.31455502408784,13.200925701285321,0.7860133453256481,50.74772131339801,0.1392264950363751
2061.0,3.908180676091609,18.532064587980702,72.42665671082779,302.3138659128781,13.20584180741683,0.785952275684263,50.76693935061699,0.14003833628169904
2062.0,3.9022071409650856,24.201116308544105,94.4377688785274,302.31326508786117,13.2117768580916,0.7858785483466881,50.79011574220093,0.14269178014301198
2063.0,3.8923834816727614,33.55410563449145,130.60544651399744,302.3129219974324,13.220003481326462,0.7857763542692364,50.82216910229432,0.14709141018684485
2064.0,3.888012012542658,36.716107279109636,142.7526661549832,302.3128051189646,13.229763101484389,0.7856551167517467,50.86013556123918,0.14880379733815377
2065.0,3.8886926500362358,34.45495963166401,133.98474827694704,302.3127281862021,13.23964791133946,0.7855323240827395,50.898571009965345,0.14812513782018974
2066.0,3.8954272157011336,26.072034982994847,101.56171464147018,302.31245748450146,13.248053542001207,0.7854279063105439,50.93128402573647,0.1446555904601727
2067.0,3.8899705991593607,30.96875365875058,120.46754122514864,302.3121523258145,13.256129557866306,0.7853275831320955,50.96271599467967,0.14707905344689226
2068.0,3.8937091394510075,26.013170091419457,101.28771813105354,302.3118360009166,13.264043534211744,0.7852292728669348,50.99351510325041,0.1450867501746827
2069.0,3.891817171841107,27.269611383729703,106.128341852633,302.31147035445025,13.27150008274915,0.7851366449347932,51.022539354670606,0.14583988502866604
2070.0,3.9066295303270375,11.12832901406968,43.47425874955978,302.3108709465755,13.276552567610922,0.7850738811476904,51.042238716765624,0.13870304153353677
2071.0,3.9127726112838372,4.99521763373255,19.54515074467078,302.31007584613405,13.278612481616488,0.7850482921538324,51.05029267447511,0.13588406537722336
2072.0,3.91228393114346,6.069714034799988,23.74644468498393,302.30926058664204,13.280149270710474,0.785029201606081,51.05630539770402,0.13623786304418176
2073.0,3.918589136339013,0.0,0.0,302.3084293257389,13.28083186248779,0.7850207222051205,51.058977464881956,0.1333314782623491
2074.0,3.9193583309017765,2.2683583783765143e-62,8.890509307760836e-62,302.3075908639808,13.28083186248779,0.7850207222051205,51.058977464881956,0.13310599225448216
2075.0,3.9200904824294165,1.4454380121000875e-69,5.666247794175249e-69,302.3067525720092,13.28083186248779,0.7850207222051205,51.058977464881956,0.13286730239487132
2076.0,3.920792052146701,-1.7573158251672274e-70,-6.890069920427286e-70,302.305914449063,13.28083186248779,0.7850207222051205,51.058977464881956,0.13262569619883463
2077.0,3.9214669558549238,1.047109175607315e-71,4.106204031316577e-71,302.30507649516994,13.28083186248779,0.7850207222051205,51.058977464881956,0.1323834747549716
2078.0,3.9221180273482705,2.069895966446803e-72,8.118376284736477e-72,302.30423871022765,13.28083186248779,0.7850207222051205,51.058977464881956,0.13214148962417385
2079.0,3.9227474629373367,1.8153440123258017e-73,7.121136118709524e-73,302.3034010942985,13.28083186248779,0.7850207222051205,51.058977464881956,0.13190012112820976
2080.0,3.9233570465509673,8.401489770551641e-76,3.296204409281965e-75,302.3025636473465,13.28083186248779,0.7850207222051205,51.058977464881956,0.1316595531291742
2081.0,3.9075915622191855,17.062347330173605,66.67268445903943,302.30177955236167,13.283274968444,0.7849903730628074,51.068535737476665,0.1391745463458532
2082.0,3.898856306092154,25.721146468518093,100.2830541087017,302.30122126445247,13.289393517444674,0.7849143662429232,51.09241235853185,0.1431053565632301
2083.0,3.8943544952708216,29.479834873692536,114.80492746020606,302.3008496116436,13.29717213904287,0.7848177374031942,51.12271848783054,0.14495891633043528
2084.0,3.886752172251918,36.32853311400376,141.20000499557986,302.30067627735747,13.306311776637513,0.7847042015324532,51.158275197942864,0.1482667769303374
2085.0,3.88567773152832,35.986007245909924,139.83002700204895,302.30065822552984,13.31634006189249,0.7845796265603417,51.19724547771886,0.14843458459425168
2086.0,3.8804618375396696,40.035578049081906,155.35653276330322,302.30077109194605,13.327017112814852,0.7844469923873931,51.23869890952839,0.15058812691669726
2087.0,3.874915243091488,44.24122922442838,171.43101349484215,302.30112344894485,13.338846898233067,0.7843000385312662,51.28456364126275,0.1528600804015119
2088.0,3.869034332759429,48.60478268240271,188.053572934527,302.3017537989753,13.351868988558406,0.784138273434057,51.334976319849,0.15525378363094555
2089.0,3.880161131230144,34.97794571109317,135.72006539846183,302.30213276264215,13.363476285108133,0.7839940834148058,51.37994324937865,0.1496364711691791
2090.0,3.8939960519106727,19.514304180316596,75.98862343393677,302.3018641424043,13.371043134040095,0.7839000852914273,51.40934708293678,0.14298094813339973
2091.0,3.9090768493175907,3.761637298120544,14.704529277612592,302.30117058236993,13.374274181207056,0.7838599480595396,51.42194330977239,0.1359338296665688
2092.0,3.913513316785176,8.867472728324444e-15,3.470297260852709e-14,302.30034238531204,13.37479649154912,0.783853459732309,51.423985604846486,0.13406452563422527
2093.0,3.9139284743539386,0.5833811275081978,2.2833120063550414,302.2995063012236,13.37487751875816,0.7838524531831284,51.4243027315718,0.13407112237695412
2094.0,3.9113392168825243,4.179773994368867,16.348513941880665,302.29868005384606,13.375619395941948,0.7838432373174913,51.42720506652988,0.13543717013105916
2095.0,3.9073027123066515,9.046053606116676,35.345669790851055,302.2978845760831,13.37745616082311,0.7838204203624458,51.43438482913131,0.1374209276693396
2096.0,3.9052475691597253,11.529848464024672,45.02691268691235,302.2971315579802,13.380313875248815,0.7837849208043626,51.44554770254038,0.13839596333800436
2097.0,3.902945211687988,14.110750340005247,55.07348547284813,302.29641859894423,13.383875035416104,0.7837406827898621,51.45945061578198,0.13945989426325892
2098.0,3.9040270713330596,13.007301782538647,50.78085828402964,302.29571832201736,13.387641414521427,0.7836938954717835,51.474152565076416,0.1388978083732118
2099.0,3.9064825712533406,10.544254807087801,41.190947630742755,302.2949871667529,13.390912319125274,0.7836532631164561,51.48692603713458,0.137711851291746
2100.0,3.909163553336139,8.01374520147883,31.327040667343418,302.2942140980912,13.393393601785776,0.7836224397293692,51.49662313879555,0.13645519571562506
2101.0,3.913284282275217,4.107679211145747,16.074516493605316,302.2934102616659,13.395076978951522,0.7836015282117823,51.50320662561909,0.13453964157466133
2102.0,3.9176308414336427,0.18650553812298623,0.7306598482487888,302.2925813917438,13.395673261700225,0.783594120972668,51.50554066769293,0.1325562643004251
2103.0,3.918594375605225,-1.1608010559716053e-15,-4.5487084891269384e-15,302.2917462073895,13.395699163611908,0.7835937992097899,51.505642148202355,0.1322028862470634
2104.0,3.919357469577243,-4.238177621245849e-39,-1.6610933117225032e-38,302.29091110944273,13.395699163611908,0.7835937992097899,51.505642148202355,0.1319220701887184
2105.0,3.9200923826129213,1.691598444186421e-47,6.631222175495058e-47,302.29007618059575,13.395699163611908,0.7835937992097899,51.505642148202355,0.1316395771371205
2106.0,3.9208022608033617,1.0102684158734693e-47,3.961062688974929e-47,302.28924141993326,13.395699163611908,0.7835937992097899,51.505642148202355,0.13135755644741468
2107.0,3.9193054349458607,2.260413415081836,8.859250582954774,302.2884076808519,13.396079372322285,0.78358907612022,51.50713244412342,0.13210694985737353
2108.0,3.9168429307997608,5.38643067357265,21.09780290602603,302.28758090405057,13.397141375547491,0.7835758835335715,51.511293155251025,0.13328066915401732
2109.0,3.9193053382165877,3.169239291878413,12.421216474744822,302.2867553109792,13.398329612570482,0.7835611228252114,51.51594856206646,0.13208050542587652
2110.0,3.9208932701713186,2.003266071448227,7.854592457903888,302.28592280446924,13.399006731079954,0.7835527114151558,51.518603014259824,0.1313317849990651
2111.0,3.923347137346731,0.0,0.0,302.2850887421674,13.399204273459222,0.7835502574725561,51.51937771680274,0.13018215613930606
2112.0,3.923969491874235,-1.7355303091012972e-46,-6.810167985136552e-46,302.28425498655787,13.399204273459222,0.7835502574725561,51.51937771680274,0.12991531831272557
2113.0,3.924572648843217,8.506301522278522e-48,3.338359829714771e-47,302.28342140009585,13.399204273459222,0.7835502574725561,51.51937771680274,0.12964582724216023
2114.0,3.9251587995285844,-7.896846767396447e-49,-3.099637757757502e-48,302.2825879817938,13.399204273459222,0.7835502574725561,51.51937771680274,0.12937731753117837
2115.0,3.9257292576288507,9.61037311256046e-50,3.772772290470824e-49,302.2817547316179,13.399204273459222,0.7835502574725561,51.51937771680274,0.12911051722082983
2116.0,3.9262850537286185,-2.1882274988996766e-58,-8.591604923087757e-58,302.2809216494729,13.399204273459222,0.7835502574725561,51.51937771680274,0.12884570067708612
2117.0,3.9268270441260964,3.246325427877456e-67,1.2747758484223416e-66,302.2800887353861,13.399204273459222,0.7835502574725561,51.51937771680274,0.12858299263360312
2118.0,3.92735597750205,-2.91923233867854e-76,-1.1464864575026454e-75,302.27925598933183,13.399204273459222,0.7835502574725561,51.51937771680274,0.12832245162208622
2119.0,3.927872521110258,1.45219543379837e-85,5.704038539698408e-85,302.2784234112847,13.399204273459222,0.7835502574725561,51.51937771680274,0.12806410434634613
2120.0,3.928377278796763,-3.498042345651202e-95,-1.3741630070925115e-94,302.2775910012202,13.399204273459222,0.7835502574725561,51.51937771680274,0.1278079599674671
2121.0,3.9288708029282104,3.2559789937438934e-105,1.2792320803467957e-104,302.2767587591144,13.399204273459222,0.7835502574725561,51.51937771680274,0.12755401710563508
2122.0,3.926237326936971,3.2334302963223673,12.695214723469748,302.2759235006999,13.399758861346424,0.783543368182032,51.52155546642615,0.1287790461871789
2123.0,3.929608910482789,6.45859234149615e-16,2.537974201431917e-15,302.2750888929614,13.400207863638414,0.7835377905138085,51.52331868239392,0.1271117906924068
2124.0,3.9295933976372117,0.5113288539283722,2.0093144884183336,302.2742563347762,13.400278881431104,0.7835369083052036,51.52359775392766,0.12710326018808235
2125.0,3.927583884617838,3.046288703274755,11.964554418875299,302.27342051012056,13.400846706799621,0.7835298545739178,51.52582825503368,0.1280247356997929
2126.0,3.9297121395523695,1.1155929189039326,4.383959036215447,302.2725847421998,13.401367406877188,0.7835233862499728,51.52787390985894,0.1269521362598401
2127.0,3.930119595094217,1.0922381525114768,4.292626565694861,302.2717501536444,13.401674049957405,0.7835195770191626,51.52907899115359,0.12672351013897637
2128.0,3.931549685356483,-3.491130995403324e-17,-1.3725554966516205e-16,302.270917724674,13.401787508585631,0.7835181675952095,51.52952495477967,0.1260059246324724
2129.0,3.931987347822117,7.448250707605623e-45,2.928642754571244e-44,302.2700868263588,13.401787508585631,0.7835181675952095,51.52952495477967,0.1257700943581267
2130.0,3.932415071845854,-5.4810018761597493e-45,-2.1553574386626e-44,302.26925609868624,13.401787508585631,0.7835181675952095,51.52952495477967,0.12553399235554263
2131.0,3.931892614213326,0.9756024762966978,3.8359641709592176,302.26842321790195,13.401960396765634,0.7835160199159548,51.53020475089519,0.12574591214443745
2132.0,3.933176766201615,-5.999388520694371e-09,-2.3596655541011777e-08,302.2675909491979,13.402095884742092,0.783514336835502,51.53073751887462,0.12508581090678855
2133.0,3.9331345080404607,0.46442591283838314,1.8266495842128359,302.2667595006196,13.402177603637952,0.7835133216939385,51.53105893113256,0.12506916818722208
2134.0,3.9339517502249803,-3.491130995403324e-17,-1.3733940889631586e-16,302.2659287858488,13.402221570308152,0.7835127755241222,51.531231868471174,0.12463625147398827
2135.0,3.9343441476824874,4.43142024579563e-37,1.7434732309967727e-36,302.2650988934512,13.402221570308152,0.7835127755241222,51.531231868471174,0.12440943686079695
2136.0,3.9339892519414823,0.766136269628676,3.0139718502417527,302.2642670082978,13.402360496588315,0.7835110497318221,51.531778411277074,0.12453486960249363
2137.0,3.9328794175539614,2.2758345998287224,8.950583055423538,302.26343172036417,13.402782979235294,0.7835058015001827,51.533440164290155,0.12501124019387205
2138.0,3.9304725183562037,5.042433982164099,19.81914819252143,302.2625934311876,13.403799347145627,0.7834931758118555,51.53743597711511,0.12608881599320124
2139.0,3.92430783136178,11.566942390317712,45.392242607234344,302.26177022908035,13.406105843108572,0.7834645236880923,51.54649315699809,0.12892815601836255
2140.0,3.9180412241400346,17.786101483207787,69.68667882794632,302.26100931252574,13.410182283732896,0.7834138846741254,51.56247637365906,0.13174669779953097
2141.0,3.915660079838188,19.546274588321644,76.53656711504668,302.26032038240226,13.415435218315169,0.7833486308283829,51.583049490491575,0.13266722368655354
2142.0,3.925129441878733,8.888621635971745,34.888990481073,302.25955389848826,13.419158668655346,0.7833023767868901,51.59764701784894,0.12797253973690614
2143.0,3.928562155208884,5.254117535296887,20.641127308186725,302.25872663852846,13.420995355486228,0.7832795608014133,51.604859809634334,0.12628754880525234
2144.0,3.929276820317921,4.672062815718117,18.357828124870476,302.25789325391673,13.422352531177687,0.7832627014760536,51.61019215701996,0.12591669288342378
2145.0,3.9247983919525904,9.517667162471167,37.35492477440681,302.25707130793944,13.42446028707864,0.7832365181729362,51.618467924329394,0.12800358870178996
2146.0,3.9290777065112974,4.951242942421712,19.45381826459055,302.2562455004644,13.426312510200924,0.7832135091900506,51.62574180902335,0.12587635516778473
2147.0,3.927155474808104,7.139791523181687,28.039071369251452,302.2554163326462,13.427991786541178,0.7831926486143953,51.632338049421115,0.12675428253824422
2148.0,3.926315493408601,8.04852237622974,31.60103810483664,302.2545939795338,13.43010126986958,0.7831664438525517,51.640621413725505,0.1270824825573484
2149.0,3.9274929370236062,6.790358279673602,26.66908418327784,302.2537711924022,13.432162183315377,0.7831408424432872,51.64871435733776,0.12644509434031997
2150.0,3.9295759082919703,4.671706991037431,18.357827242579862,302.2529418024738,13.43375407979555,0.7831210673317323,51.654968004999745,0.12539640210801165
2151.0,3.931202617948385,3.182880911249366,12.51254977092145,302.2521084096342,13.434777283524815,0.7831083567263998,51.65898977638033,0.124589241805517
2152.0,3.931500952426183,3.1594084419049775,12.421217298452742,302.2512746718365,13.435658156836228,0.7830974142007922,51.66245279934632,0.12442241848793233
2153.0,3.9317921531495337,3.1359452166521944,12.329884795539913,302.25044089846006,13.436532441928577,0.7830865535164151,51.66589018211956,0.12425154135353471
2154.0,3.9313368708102656,3.8797296376610997,15.252524173312434,302.2496071508231,13.437537580316828,0.7830740673252568,51.66984187320392,0.12443102526618752
2155.0,3.930125917522172,5.36822560373445,21.09780257634287,302.2487744690538,13.43882201856511,0.7830581115706197,51.674890598103204,0.1249609033128323
2156.0,3.9309140620499776,4.670116978863898,18.357828503634455,302.2479422683535,13.440191736570352,0.7830410964401198,51.680274418624364,0.12452429965937012
2157.0,3.933206627695337,2.4381911535910685,9.58990960489253,302.24710906517385,13.441178918880947,0.7830288333058267,51.68415589790462,0.12338195732056009
2158.0,3.9358482571149134,-1.3964523981613297e-16,-5.49622473744721e-16,302.2462797289834,13.441447038401632,0.7830255026285511,51.68521072616175,0.12210021324720946
2159.0,3.936288123823821,4.9488650540457875e-58,1.9480158738647167e-57,302.24545379841294,13.441447038401632,0.7830255026285511,51.68521072616175,0.12188382967985228
2160.0,3.936713807908956,2.2945045384459845e-55,9.032807698810073e-55,302.2446280376039,13.441447038401632,0.7830255026285511,51.68521072616175,0.12166267622287658
2161.0,3.93712787288763,1.3701938281693364e-57,5.394628312144098e-57,302.24380244352164,13.441447038401632,0.7830255026285511,51.68521072616175,0.12144164566855353
2162.0,3.93753153943474,2.4798313662698905e-59,9.764414217167236e-59,302.24297701613017,13.441447038401632,0.7830255026285511,51.68521072616175,0.1212215834180697
2163.0,3.937656777492551,0.2783355713856604,1.0959899490840073,302.24215093954973,13.441495194985036,0.7830249044101237,51.685400349027695,0.12113032515762782
2164.0,3.935926835209796,2.459711092557737,9.681242896061203,302.24131971554397,13.441938763308585,0.7830193942446138,51.68714641279694,0.12191508615252725
2165.0,3.9356198118651355,3.0168621132148195,11.873222302433563,302.2404856566552,13.44269939711773,0.7830099453774195,51.690140090460645,0.12199954839332602
2166.0,3.9342118835754967,4.689417223495725,18.44916096772049,302.2396508044318,13.443769713803887,0.7829966495179641,51.69435162191298,0.1226072295652284
2167.0,3.93147561704812,7.643029861085791,30.048385539229468,302.2388193524148,13.445482489327102,0.78297537280339,51.70108743519845,0.12383178046670251
2168.0,3.9281545941874243,10.997586878028468,43.20022141990286,302.2380055976121,13.448166379656016,0.7829420325508569,51.711633477000746,0.1253052405867615
2169.0,3.930753769180073,7.992963848889951,31.41837277594424,302.23718933747585,13.450696324776276,0.7829106046611642,51.72157535784496,0.12394445661141867
2170.0,3.9341095210556856,4.410952749195171,17.35317120753547,302.2363592022888,13.45231512933684,0.7828904952877411,51.727941424343804,0.1222697261498604
2171.0,3.9384641593329532,-2.084227213742032e-06,-8.208654181229376e-06,302.2355293248018,13.452927599997837,0.7828828869565485,51.730351572466866,0.12015387492025464
2172.0,3.9388787636356257,5.216137105468586e-47,2.0545731672942017e-46,302.2347055618295,13.452927599997837,0.7828828869565485,51.730351572466866,0.11995370114294175
2173.0,3.93927756658741,2.3278286840218197e-49,9.169963313825847e-49,302.23388196880046,13.452927599997837,0.7828828869565485,51.730351572466866,0.11974391703902665
2174.0,3.9396643373791314,6.60251687317382e-51,2.601170026218687e-50,302.2330585422128,13.452927599997837,0.7828828869565485,51.730351572466866,0.11953322412144454
2175.0,3.940040730350295,-8.240456709343892e-59,-3.24677350715033e-58,302.23223528196127,13.452927599997837,0.7828828869565485,51.730351572466866,0.1193231496183075
2176.0,3.94040784125177,6.258824570603261e-67,2.466232141502433e-66,302.23141218802783,13.452927599997837,0.7828828869565485,51.730351572466866,0.11911428648906977
2177.0,3.9407664714279447,-2.5329891892885835e-75,-9.981918869637901e-75,302.2305892603838,13.452927599997837,0.7828828869565485,51.730351572466866,0.11890689266507881
2178.0,3.941117242403446,4.964920453777827e-84,1.9567333607545334e-83,302.22976649900625,13.452927599997837,0.7828828869565485,51.730351572466866,0.11870108614570468
2179.0,3.9414606574924127,-3.6227490968950157e-93,-1.4278923037377872e-92,302.22894390387614,13.452927599997837,0.7828828869565485,51.730351572466866,0.11849692074136847
2180.0,3.9417971376948175,3.6810584780790206e-103,1.4509985772579125e-102,302.2281214749772,13.452927599997837,0.7828828869565485,51.730351572466866,0.11829441943785152
2181.0,3.9421270546768845,-2.0280120336525187e-108,-7.994681105071882e-108,302.2272992120385,13.452927599997837,0.7828828869565485,51.730351572466866,0.11809358692119384
2182.0,3.9424507332996828,6.09853633298467e-114,2.404317903803017e-113,302.2264771147854,13.452927599997837,0.7828828869565485,51.730351572466866,0.11789442098043408
2183.0,3.9427684505867626,-1.3956136899924498e-119,-5.502581626109206e-119,302.2256551832468,13.452927599997837,0.7828828869565485,51.730351572466866,0.11769692040987971
2184.0,3.9430804568335907,2.3386665974119164e-125,9.221550555304439e-125,302.22483341744135,13.452927599997837,0.7828828869565485,51.730351572466866,0.1175010824863325
2185.0,3.943386996117126,-1.3665078792535205e-125,-5.388669401139924e-125,302.224011816926,13.452927599997837,0.7828828869565485,51.730351572466866,0.1173068979383154
2186.0,3.9436882543313025,4.479406844828672e-126,1.7665384160322072e-125,302.2231903823753,13.452927599997837,0.7828828869565485,51.730351572466866,0.11711437134338176
2187.0,3.9439844279110803,-6.784384296178492e-127,-2.6757506017092447e-126,302.2223691137541,13.452927599997837,0.7828828869565485,51.730351572466866,0.11692349753096212
2188.0,3.944275699361352,3.361849333062513e-128,1.3260060629312638e-127,302.2215480110284,13.452927599997837,0.7828828869565485,51.730351572466866,0.11673427072319663
2189.0,3.944562238813818,-1.7377667052437136e-130,-6.854728925372255e-130,302.22072707417294,13.452927599997837,0.7828828869565485,51.730351572466866,0.11654668449137401
2190.0,3.944844201340414,2.635580857109254e-131,1.0396955861331238e-130,302.21990630331317,13.452927599997837,0.7828828869565485,51.730351572466866,0.11636073334609359
2191.0,3.9451217334501063,-1.060891975998519e-131,-4.185347991354586e-131,302.21908569856225,13.452927599997837,0.7828828869565485,51.730351572466866,0.1161764106236653
2192.0,3.9451497109090314,0.25465631721937126,1.0046572962591611,302.21826426385934,13.452972090338845,0.782882334281505,51.730527093322934,0.11611034852237587
2193.0,3.9439995607243454,1.7136420565540986,6.758603518288129,302.21743743988236,13.453296604555684,0.7828783030489976,51.731807072240116,0.11660183382699926
2194.0,3.9410843813153758,4.936158775846445,19.453818255181247,302.2166035299746,13.454220105710602,0.7828668309849613,51.73544770081022,0.11792238243025824
2195.0,3.936519266411282,9.674954305900298,38.085644026825314,302.21577174422936,13.456249229798553,0.7828416244745521,51.74343931521403,0.11999919783716378
2196.0,3.9306669567419465,15.428619989420666,60.64476678054409,302.2149779789158,13.45986330926935,0.7827967290773994,51.75765325316006,0.1226457857610585
2197.0,3.924703574790873,20.967332432542037,82.29056455182635,302.21425846525995,13.464918037000729,0.7827339374285623,51.77750544379852,0.12530469997415358
2198.0,3.9236928256543506,20.97273364933915,82.29056455427161,302.2135949772754,13.470743051020158,0.7826615770059607,51.80036393395181,0.12557281243037657
2199.0,3.9311933603352682,12.150733062123564,47.766881137026374,302.212854178983,13.475167121069848,0.7826066196140391,51.817739851585316,0.12183457557704408
2200.0,3.939284228787932,3.361831452117636,13.243209619170234,302.21203444545233,13.47708719085495,0.7825827678154664,51.82529525739445,0.1179255983041644
2201.0,3.9427058246020454,-2.3845563156422306e-07,-9.401604074774216e-07,302.21120953787687,13.477554009014046,0.7825769688321236,51.82713459063313,0.11630872888749977
2202.0,3.943112964272136,-3.9835483882410795e-58,-1.5707581293478772e-57,302.21039069885234,13.477554009014046,0.7825769688321236,51.82713459063313,0.11613135273499846
2203.0,3.9435027186306093,1.330538295366238e-63,5.246981385018896e-63,302.2095720081452,13.477554009014046,0.7825769688321236,51.82713459063313,0.1159452504432916
2204.0,3.9438769393733475,-5.85636183689522e-66,-2.3096770397157197e-65,302.2087534831022,13.477554009014046,0.7825769688321236,51.82713459063313,0.11575657489281421
2205.0,3.944238261715776,6.94093128271147e-74,2.737668673721054e-73,302.20793512362377,13.477554009014046,0.7825769688321236,51.82713459063313,0.11556786603749436
2206.0,3.9445884035501644,-3.799309938054665e-82,-1.4986713923143325e-81,302.2071169295906,13.477554009014046,0.7825769688321236,51.82713459063313,0.11538003946472394
2207.0,3.944928587479069,7.839342961505268e-91,3.0925648155894956e-90,302.20629890095194,13.477554009014046,0.7825769688321236,51.82713459063313,0.11519348270168753
2208.0,3.9452597368850064,-4.1014687584983917e-100,-1.6181359554995438e-99,302.2054810376715,13.477554009014046,0.7825769688321236,51.82713459063313,0.11500836851107794
2209.0,3.9452251187740437,0.37040210504908994,1.4613196888864517,302.2046620160748,13.477619822400582,0.7825761512745268,51.82739423980848,0.11499431861578831
2210.0,3.9441252396404685,1.8293703162525794,7.215265636980864,302.2038389151603,13.477925337231687,0.7825723560592337,51.82859934115382,0.11548266216572109
2211.0,3.9439391729286277,2.2231372357650248,8.767918030929948,302.2030119446715,13.478502071438557,0.7825651916591483,51.830873984818346,0.11551942469932973
2212.0,3.9437044009980786,2.640132532800708,10.411902288824356,302.20218383324936,13.47919179464155,0.7825566236690491,51.83359410897072,0.11557839826867905
2213.0,3.943419861685526,3.080377001857091,12.147219850602564,302.2013547382895,13.480001732219831,0.7825465623326728,51.836788117244865,0.11565876745578453
2214.0,3.9411427571999478,5.561786661771603,21.919795219132432,302.2005240677022,13.48129309669847,0.7825305205379072,51.84187850378655,0.1166827672907079
2215.0,3.938682361853797,8.09281699101226,31.875035540210707,302.19969664986735,13.483189525319847,0.7825069624183869,51.84935003206173,0.1177736071704473
2216.0,3.938592608826411,7.977055833850282,31.418373147398324,302.19887358203147,13.485421452534085,0.7824792366144834,51.85814078136279,0.1177172584171662
2217.0,3.9421181961681957,4.123932901189007,16.25703092955388,302.19804572754583,13.486985128777905,0.7824598120648707,51.86430239265228,0.11595855117925685
2218.0,3.9454891628420734,0.671308884806306,2.6486419299228783,302.1972205037305,13.487651053053822,0.7824515397136171,51.86692819211455,0.11431323501291679
2219.0,3.9464242143598915,-2.2495909020141258e-10,-8.877840008112256e-10,302.19640264437857,13.487744284864608,0.7824503815544769,51.867296058813004,0.1138564911521232
2220.0,3.946748680261493,-3.8002018247159294e-59,-1.4998441536424912e-58,302.1955867941956,13.487744284864608,0.7824503815544769,51.867296058813004,0.11368384182729696
2221.0,3.9470183057940904,0.04627925420564884,0.18266506352819412,302.19477093273537,13.487752489485324,0.7824502796337226,51.86732844220415,0.11353095159180691
2222.0,3.944825915400685,2.639382013237312,10.411902566460983,302.19394754465,13.488218407129125,0.7824444918369052,51.86916662293218,0.11454293021868772
2223.0,3.942396781721398,5.305183129688558,20.915136896926825,302.1931183597687,13.489398373553064,0.782429833868906,51.87381949835321,0.11563996520235689
2224.0,3.9372350802255895,10.64747405282919,41.92160835659082,302.1922988734166,13.49173942645892,0.7824007524663488,51.88304119680288,0.11801341110737486
2225.0,3.9278613756320078,20.090134361268113,78.91126278888244,302.1915490429411,13.496007731139759,0.7823477300479533,51.899823602735125,0.1223458089444048
2226.0,3.915628855980469,31.93207779081712,125.03416522913659,302.19102507001315,13.503231708961897,0.7822579911930199,51.92814943949093,0.1279464085615159
2227.0,3.9112955545926815,34.722867649076136,135.81139787854153,302.1907396052635,13.512489241241706,0.7821429907920284,51.964378019232726,0.12970114165585983
2228.0,3.923534157429735,20.042457181042117,78.63726534864162,302.19027303454595,13.519972202532488,0.7820500347511492,51.99368986764111,0.12363797979148011
2229.0,3.9360239994446444,6.172303650411404,24.294335299879073,302.18952975711414,13.523611740201435,0.7820048231030877,52.007985894126634,0.1176418249281344
2230.0,3.9420697042072605,0.0,0.0,302.1887122604465,13.524468678069603,0.7819941779121788,52.01136011891966,0.1148279836965674
2231.0,3.942586607396583,3.941087608323025e-62,1.553807922315099e-61,302.18789793717264,13.524468678069603,0.7819941779121788,52.01136011891966,0.11465774382599456
2232.0,3.9430716322927224,1.0046305325472618e-72,3.961330153822239e-72,302.18708377977265,13.524468678069603,0.7819941779121788,52.01136011891966,0.11446770329072721
2233.0,3.940634627903311,3.0130229071934367,11.87322240275236,302.18626454772766,13.524963345268581,0.78198803297803,52.01330974160345,0.11564573713963565
2234.0,3.943299379522134,0.4863901766207053,1.9179820816740882,302.185445515482,13.52544932332884,0.7819819959834926,52.01522517997936,0.11436416893642794
2235.0,3.944167727393186,3.4911309954033243e-16,1.376960620417184e-15,302.1846308154009,13.525516873704678,0.781981156848389,52.01549156614119,0.11396437542403826
2236.0,3.944586828559957,-1.7166287642275302e-36,-6.77139121289907e-36,302.1838173150671,13.525516873704678,0.781981156848389,52.01549156614119,0.11377276024661187
2237.0,3.9449907727012796,-1.6495924369977805e-37,-6.507626942674061e-37,302.1830039817222,13.525516873704678,0.781981156848389,52.01549156614119,0.11358101951966021
2238.0,3.9453815030452803,-6.045517846750917e-39,-2.38518742889012e-38,302.1821908125719,13.525516873704678,0.781981156848389,52.01549156614119,0.11339058538878394
2239.0,3.945760176319344,7.319090781808328e-40,2.8879376933725314e-39,302.1813778076601,13.525516873704678,0.781981156848389,52.01549156614119,0.11320179145541713
2240.0,3.9461277237861445,5.49583293051974e-42,2.1687258692420797e-41,302.18056496683954,13.525516873704678,0.781981156848389,52.01549156614119,0.11301476745121405
2241.0,3.946484901255347,5.582688964692023e-43,2.2031997707561914e-42,302.17975229009204,13.525516873704678,0.781981156848389,52.01549156614119,0.11282957188243498
2242.0,3.9468323511202286,9.307904189717197e-44,3.673673737710335e-43,302.17893977740334,13.525516873704678,0.781981156848389,52.01549156614119,0.11264623552113731
2243.0,3.947170631028111,1.9212413154404619e-44,7.583467295424406e-44,302.1781274287628,13.525516873704678,0.781981156848389,52.01549156614119,0.1124647778695036
2244.0,3.9475002207871297,-1.2334010466577056e-52,-4.8688509040003694e-52,302.17731524437505,13.525516873704678,0.781981156848389,52.01549156614119,0.11228521613728479
2245.0,3.9478215729147563,5.596142459721149e-61,2.20925719275914e-60,302.17650322404904,13.525516873704678,0.781981156848389,52.01549156614119,0.11210756100340086
2246.0,3.9481350858747897,-1.3802237210340687e-69,-5.449309699371265e-69,302.17569136776524,13.525516873704678,0.781981156848389,52.01549156614119,0.11193182351356805
2247.0,3.9484411227253853,1.5789840443740164e-78,6.234525532933611e-78,302.17487967550795,13.525516873704678,0.781981156848389,52.01549156614119,0.11175801313589798
2248.0,3.948740016729902,-5.377772578590373e-88,-2.1235425781952554e-87,302.1740681472627,13.525516873704678,0.781981156848389,52.01549156614119,0.11158613737659555
2249.0,3.9490320756012345,1.441841457266903e-99,5.693878162678627e-99,302.17325678301603,13.525516873704678,0.781981156848389,52.01549156614119,0.11141620140731374
2250.0,3.9493176027080015,-1.3355553002188343e-104,-5.274532056544212e-104,302.1724455822783,13.525516873704678,0.781981156848389,52.01549156614119,0.11124820256301544
2251.0,3.949596862348124,3.0570631940358794e-110,1.2074167199164044e-109,302.1716345450224,13.525516873704678,0.781981156848389,52.01549156614119,0.11108214051257387
2252.0,3.949870099898079,-5.636591707711945e-116,-2.2263805051624863e-115,302.17082367127375,13.525516873704678,0.781981156848389,52.01549156614119,0.11091801267164665
2253.0,3.9501375657290945,4.4262081627364635e-116,1.7484131137362061e-115,302.17001296045356,13.525516873704678,0.781981156848389,52.01549156614119,0.11075580720112643
2254.0,3.9503994482946645,-2.078010237097385e-116,-8.208970494180174e-116,302.1692024134048,13.525516873704678,0.781981156848389,52.01549156614119,0.11059552484568291
2255.0,3.950655954888285,5.0174539341729744e-117,1.9822234263418115e-116,302.16839203009084,13.525516873704678,0.781981156848389,52.01549156614119,0.11043715426235498
2256.0,3.9509072811580053,-4.973479502174565e-118,-1.964975637783158e-117,302.16758181047373,13.525516873704678,0.781981156848389,52.01549156614119,0.11028068175483463
2257.0,3.951153611819131,1.1889837129198612e-119,4.6978572916974305e-119,302.1667717545239,13.525516873704678,0.781981156848389,52.01549156614119,0.11012609158928965
2258.0,3.951395121535116,-1.1644827419726783e-123,-4.601331425742676e-123,302.16596186222074,13.525516873704678,0.781981156848389,52.01549156614119,0.10997336622359563
2259.0,3.9516319687940427,3.1944047826636268e-124,1.2623112060442173e-123,302.16515213381336,13.525516873704678,0.781981156848389,52.01549156614119,0.109822489110978
2260.0,3.9518643116709837,-1.571003840088715e-124,-6.208394009144662e-124,302.16434256928045,13.525516873704678,0.781981156848389,52.01549156614119,0.10967343944285574
2261.0,3.952092300936605,1.004182629776179e-124,3.968622439872711e-124,302.1635331685786,13.525516873704678,0.781981156848389,52.01549156614119,0.1095261949480542
2262.0,3.952316095040039,-4.47696641781905e-132,-1.769438643009998e-131,302.1627239310323,13.525516873704678,0.781981156848389,52.01549156614119,0.1093807263795884
2263.0,3.9525358144991323,1.1657723140510321e-139,4.607756822838235e-139,302.16191485722555,13.525516873704678,0.781981156848389,52.01549156614119,0.10923701569699636
2264.0,3.9527515875029464,-1.75218032741276e-147,-6.925933570772219e-147,302.16110594720305,13.525516873704678,0.781981156848389,52.01549156614119,0.10909503886866423
2265.0,3.9529635367310654,1.131726477620446e-155,4.473673499586709e-155,302.1602972009976,13.525516873704678,0.781981156848389,52.01549156614119,0.10895477116820998
2266.0,3.9531717793690815,-6.057392509278389e-164,-2.3945913124240995e-163,302.15948861864416,13.525516873704678,0.781981156848389,52.01549156614119,0.1088161874459867
2267.0,3.9533764274371204,-5.373828098688964e-172,-2.1244765330456187e-171,302.1586802001801,13.525516873704678,0.781981156848389,52.01549156614119,0.10867926225207544
2268.0,3.953577588091169,-1.0587057281801501e-179,-4.185675239316783e-179,302.1578719456456,13.525516873704678,0.781981156848389,52.01549156614119,0.10854396994632258
2269.0,3.953775363901217,-6.482333085364895e-188,-2.5629688853517485e-187,302.15706385508344,13.525516873704678,0.781981156848389,52.01549156614119,0.10841028479587056
2270.0,3.9539698625794095,-8.040459329002699e-184,-3.1791733868172133e-183,302.1562559280113,13.525516873704678,0.781981156848389,52.01549156614119,0.10827817689415799
2271.0,3.954161179645645,1.5265460580824488e-184,6.036209161810706e-184,302.155448164347,13.525516873704678,0.781981156848389,52.01549156614119,0.10814761983525109
2272.0,3.954349405417304,-1.3856801572221573e-185,-5.479463505809994e-185,302.15464056407785,13.525516873704678,0.781981156848389,52.01549156614119,0.10801858793344443
2273.0,3.954534626328531,1.1834506488509004e-187,4.679996569431853e-187,302.15383312720604,13.525516873704678,0.781981156848389,52.01549156614119,0.10789105580549241
2274.0,3.9547169253158403,6.921279242124754e-189,2.737170016366796e-188,302.15302585373786,13.525516873704678,0.781981156848389,52.01549156614119,0.10776499833348524
2275.0,3.9548963819958067,7.740080238657977e-190,3.0611215332225675e-189,302.1522187436846,13.525516873704678,0.781981156848389,52.01549156614119,0.1076403907060892
2276.0,3.9550730728312393,1.1835389970115643e-190,4.68098321772613e-190,302.15141179706325,13.525516873704678,0.781981156848389,52.01549156614119,0.10751720845338694
2277.0,3.9552470712860464,2.1662153530627638e-191,8.567916930976365e-191,302.15060501389684,13.525516873704678,0.781981156848389,52.01549156614119,0.10739542747633163
2278.0,3.9554184479697128,4.4058460767339875e-192,1.7426964850828597e-191,302.14979839421557,13.525516873704678,0.781981156848389,52.01549156614119,0.10727502407143769
2279.0,3.955587250674882,-7.38054768212347e-200,-2.919440031440565e-199,302.1489919395445,13.525516873704678,0.781981156848389,52.01549156614119,0.10715598445319044
2280.0,3.955753562547904,9.65770731193421e-208,3.820351010522869e-207,302.14818564870967,13.525516873704678,0.781981156848389,52.01549156614119,0.10703827746441878
2281.0,3.9559174474968186,-9.765700954610581e-216,-3.863230679338034e-215,302.1473795217016,13.525516873704678,0.781981156848389,52.01549156614119,0.10692188018948638
2282.0,3.956078966542513,7.645037859761434e-224,3.0244373475423397e-223,302.14657355855513,13.525516873704678,0.781981156848389,52.01549156614119,0.10680677040811316
2283.0,3.956238178489066,-8.191036729491752e-232,-3.240569223062149e-231,302.145767759308,13.525516873704678,0.781981156848389,52.01549156614119,0.10669292633711928
2284.0,3.9563951400275648,8.567720517380265e-239,3.3897287816077734e-238,302.1449621240018,13.525516873704678,0.781981156848389,52.01549156614119,0.10658032663314082
2285.0,3.9565499058321807,-1.970648346792386e-245,-7.796968530929758e-245,302.14415665268143,13.525516873704678,0.781981156848389,52.01549156614119,0.10646895039421961
2286.0,3.9567025286508453,5.30434440870022e-252,2.0987712934739134e-251,302.1433513453958,13.525516873704678,0.781981156848389,52.01549156614119,0.10635877715965357
2287.0,3.956853059390803,-1.6682302662521394e-258,-6.600942032788112e-258,302.14254620219714,13.525516873704678,0.781981156848389,52.01549156614119,0.10624978690834257
2288.0,3.9570015471994724,6.215494968428594e-265,2.459472320668248e-264,302.1417412231419,13.525516873704678,0.781981156848389,52.01549156614119,0.10614196005584065
2289.0,3.9571480395408933,-2.712654316063459e-271,-1.073437470876266e-270,302.14093640829014,13.525516873704678,0.781981156848389,52.01549156614119,0.10603527745031174
2290.0,3.957292582268064,1.0205735666809158e-277,4.0387082050852495e-277,302.14013175770646,13.525516873704678,0.781981156848389,52.01549156614119,0.10592972036755449
2291.0,3.957435231139454,4.522844070920001e-277,1.7898862471209005e-276,302.1393272702445,13.525516873704678,0.781981156848389,52.01549156614119,0.10582526475647605
2292.0,3.9575760371106194,-9.010127736155647e-280,-3.565826561991534e-279,302.1385229449904,13.525516873704678,0.781981156848389,52.01549156614119,0.1057218885649473
2293.0,3.957715040792306,4.781761942451645e-282,1.8924851161129106e-281,302.13771878193387,13.525516873704678,0.781981156848389,52.01549156614119,0.10561957460649646
2294.0,3.9578522813689405,-4.7596960807042436e-284,-1.8838173991638095e-283,302.1369147810804,13.525516873704678,0.781981156848389,52.01549156614119,0.10551830614254777
2295.0,3.9579877966593755,7.476688905059115e-286,2.9592643445642524e-285,302.13611094245204,13.525516873704678,0.781981156848389,52.01549156614119,0.10541806687179492
2296.0,3.9581216231784184,-1.6707152403297812e-287,-6.612894118923035e-287,302.1353072660879,13.525516873704678,0.781981156848389,52.01549156614119,0.10531884091745496
2297.0,3.9582537961966944,4.952037453703748e-289,1.9601421050031075e-288,302.13450375204485,13.525516873704678,0.781981156848389,52.01549156614119,0.10522061281381587
2298.0,3.958384349798928,-1.8503916950144073e-290,-7.324561526542942e-290,302.1337004003969,13.525516873704678,0.781981156848389,52.01549156614119,0.10512336749213519
2299.0,3.958513304688926,4.155090899522231e-298,1.644798260795063e-297,302.1328972129193,13.525516873704678,0.781981156848389,52.01549156614119,0.10502709664766734
2300.0,3.9586407036902598,-7.505303136717579e-306,-2.971079849054439e-305,302.132094188308,13.525516873704678,0.781981156848389,52.01549156614119,0.10493178030848413
2301.0,3.958766578115312,1.08229326907e-313,4.28454642134e-313,302.1312913266395,13.525516873704678,0.781981156848389,52.01549156614119,0.10483740427717204
2302.0,3.9588909582049983,-7.95e-322,-3.147e-321,302.1304886280137,13.525516873704678,0.781981156848389,52.01549156614119,0.10474395474300265
2303.0,3.9590138733091442,0.0,0.0,302.12968609253505,13.525516873704678,0.781981156848389,52.01549156614119,0.10465141819918239
2304.0,3.9591353519217254,0.0,0.0,302.128883720312,13.525516873704678,0.781981156848389,52.01549156614119,0.10455978143406763
2305.0,3.959255421714694,0.0,0.0,302.1280815114567,13.525516873704678,0.781981156848389,52.01549156614119,0.10446903152245121
2306.0,3.959374109570387,0.0,0.0,302.1272794660846,13.525516873704678,0.781981156848389,52.01549156614119,0.10437915581695112
2307.0,3.959491441612483,0.0,0.0,302.1264775843137,13.525516873704678,0.781981156848389,52.01549156614119,0.10429014193952477
2308.0,3.9596074432357535,0.0,0.0,302.12567586626426,13.525516873704678,0.781981156848389,52.01549156614119,0.10420197777313384
2309.0,3.9597221391344632,0.0,0.0,302.12487431205807,13.525516873704678,0.781981156848389,52.01549156614119,0.10411465145358591
2310.0,3.9598355533295173,0.0,0.0,302.1240729218177,13.525516873704678,0.781981156848389,52.01549156614119,0.10402815136156994
2311.0,3.959947709194391,0.0,0.0,302.1232716956658,13.525516873704678,0.781981156848389,52.01549156614119,0.10394246611491367
2312.0,3.9597492514432244,0.32291304979121455,1.2786547071920105,302.1224690025537,13.525573421575963,0.7819804543903607,52.01571548384142,0.1040043114560862
2313.0,3.9573205295870895,2.9541594341852617,11.690555776574717,302.12165554945506,13.526105336575386,0.7819738467506163,52.01782078376137,0.10512128606654766
2314.0,3.9507171823539955,9.778850141164087,38.63347127636175,302.12083289362073,13.528066686140635,0.7819494821597436,52.02557358841366,0.10819087280843784
2315.0,3.9434325342087653,16.930436182742433,66.76403286137176,302.1200446197849,13.531775854836882,0.7819034055299766,52.0402121816929,0.11151992724433558
2316.0,3.941076401386311,18.446903011133415,72.70065413583998,302.119312767474,13.536752975253503,0.7818415779471615,52.05983138834847,0.11244876420292693
2317.0,3.9481461980376187,10.062856549439246,39.72962882706651,302.11853466374487,13.54049057253824,0.7817951481672268,52.074575602706574,0.1089276274875896
2318.0,3.9547995018813076,2.655819899790686,10.50323521677867,302.11772112927827,13.542256704503579,0.781773208639707,52.081552368748355,0.10570993515724836
2319.0,3.9574017544973095,-1.0442504171353367e-07,-4.132518432905929e-07,302.11691375009644,13.542625506915199,0.7817686272432894,52.08301115031357,0.1044907489958207
2320.0,3.9576279563620753,1.9064961930133032e-66,7.545202632167316e-66,302.11611392714536,13.542625506915199,0.7817686272432894,52.08301115031357,0.10440511584926646
2321.0,3.957842238072888,-3.6743346403854714e-67,-1.4542436836531973e-66,302.1153142473588,13.542625506915199,0.7817686272432894,52.08301115031357,0.1043122580084205
2322.0,3.9580460690700727,1.2202529976280847e-69,4.829817580532814e-69,302.11451472986874,13.542625506915199,0.7817686272432894,52.08301115031357,0.10421686664943026
2323.0,3.9582414570818383,-8.93949103307876e-71,-3.5384664012343696e-70,302.11371537448605,13.542625506915199,0.7817686272432894,52.08301115031357,0.1041210124098674
2324.0,3.958429674270833,2.4062298172603063e-78,9.52489151175848e-78,302.1129161815249,13.542625506915199,0.7817686272432894,52.08301115031357,0.10402545188817236
2325.0,3.958611629877546,-1.646495374436449e-86,-6.517835737783712e-86,302.1121171508517,13.542625506915199,0.7817686272432894,52.08301115031357,0.10393050566611463
2326.0,3.9587879939267783,2.7906789085360003e-95,1.1047706158017004e-94,302.11131828245016,13.542625506915199,0.7817686272432894,52.08301115031357,0.10383631660845251
2327.0,3.958959284017469,-1.8630547491746063e-104,-7.375757895877645e-104,302.11051957632606,13.542625506915199,0.7817686272432894,52.08301115031357,0.10374294812123566
2328.0,3.9591259134264702,-1.6662074559521742e-113,-6.596725116004647e-113,302.1097210325006,13.542625506915199,0.7817686272432894,52.08301115031357,0.10365042679814954
2329.0,3.9592882327236794,-7.273768700229702e-110,-2.879894682237327e-109,302.10892265048824,13.542625506915199,0.7817686272432894,52.08301115031357,0.10355876085795113
2330.0,3.9594465253032562,-6.17799458082393e-112,-2.4461439176385656e-111,302.10812443029323,13.542625506915199,0.7817686272432894,52.08301115031357,0.10346795345068456
2331.0,3.959601031392439,2.2310696690866347e-113,8.834145762823826e-113,302.1073263720472,13.542625506915199,0.7817686272432894,52.08301115031357,0.1033780060620404
2332.0,3.959751970698464,1.0026087863614787e-114,3.97008211763446e-114,302.1065284753755,13.542625506915199,0.7817686272432894,52.08301115031357,0.10328891830371041
2333.0,3.959833062725147,0.06919419831802738,0.2739974742484856,302.10573041973333,13.542637734833166,0.7817684753436873,52.08305957064724,0.10323213818611687
2334.0,3.959309821197444,0.7612361740606471,3.0139698602090874,302.10492931163583,13.542776651633313,0.7817667496691514,52.08360960310841,0.10346017946232636
2335.0,3.9582097343902967,2.007454453534263,7.945925759324473,302.10412194383474,13.543207612260893,0.7817613961209826,52.08531557189482,0.103953291341911
2336.0,3.9557239865318374,4.640826449504045,18.357828503634536,302.10330740072817,13.544130931492758,0.7817499263168601,52.08896889063491,0.10509350808971119
2337.0,3.949264465373833,11.28570919402821,44.570250286518366,302.10249455837413,13.546342564386759,0.7817224526163136,52.09770894314437,0.10809302496950837
2338.0,3.939043221159046,21.470664073084958,84.57387377086837,302.1017552345815,13.550891093438022,0.7816659491498382,52.115645677283446,0.11280484942502528
2339.0,3.93570896579758,23.763052709025402,93.52445960163175,302.10113136650034,13.557256140780208,0.7815868802387551,52.14070433406863,0.114153201320016
2340.0,3.9462221197066034,11.479558520480948,45.30088775798833,302.1004100512928,13.561890830238024,0.7815293064566704,52.158969888012486,0.10897005840750595
2341.0,3.9537765872018995,3.1416076915050475,12.421214936846065,302.0996041593665,13.56376084330561,0.7815060764806756,52.16635587489452,0.10535285677333063
2342.0,3.9551385638978154,1.8242748077090936,7.215259643117507,302.09879711226444,13.564405209793819,0.7814980719280271,52.16890404988185,0.10474214542428739
2343.0,3.957054296210827,-7.345428731172707e-06,-2.90662603181974e-05,302.0979971986208,13.564596725385357,0.7814956928523558,52.169661651387926,0.10385997394528432
2344.0,3.957319572904941,-8.649136038047611e-46,-3.4227395332083306e-45,302.09720116617376,13.564596725385357,0.7814956928523558,52.169661651387926,0.10376610610596775
2345.0,3.9575695951557743,-1.815950129562118e-55,-7.186749019074228e-55,302.0964052997211,13.564596725385357,0.7814956928523558,52.169661651387926,0.10366625682815224
2346.0,3.9578079851647554,3.040539052356425e-67,1.2033869740621537e-66,302.09560959425494,13.564596725385357,0.7814956928523558,52.169661651387926,0.10356548964290349
2347.0,3.9580365332045195,4.759890925831304e-75,1.8839822178508988e-74,302.09481404895746,13.564596725385357,0.7814956928523558,52.169661651387926,0.10346493055762636
2348.0,3.9582564471929595,3.421592366146822e-70,1.3543540042966871e-69,302.0940186637609,13.564596725385357,0.7814956928523558,52.169661651387926,0.10336504865143922
2349.0,3.9584686008476497,-1.4565487134418865e-70,-5.765702347764749e-70,302.09322343933724,13.564596725385357,0.7814956928523558,52.169661651387926,0.10326605975841008
2350.0,3.9586737055215173,2.51711505721544e-71,9.964437190771051e-71,302.0924283756269,13.564596725385357,0.7814956928523558,52.169661651387926,0.10316806046692104
2351.0,3.9588723324139283,-1.1617441104051748e-72,-4.599196616027879e-72,302.0916334725777,13.564596725385357,0.7814956928523558,52.169661651387926,0.10307109253742816
2352.0,3.959064952740536,2.0523517290443921e-75,8.125393801156093e-75,302.0908387301573,13.564596725385357,0.7814956928523558,52.169661651387926,0.10297517274278303
2353.0,3.95925196438776,-2.367516878155159e-77,-9.37359585055699e-77,302.09004414834953,13.564596725385357,0.7814956928523558,52.169661651387926,0.102880307192764
2354.0,3.958791758059649,0.6690527802239425,2.6486406320574374,302.08924699409977,13.564712588743543,0.7814942535559808,52.170120342117336,0.10308997041278423
2355.0,3.9582637517939228,1.361358583008084,5.388616332314437,302.08844586660797,13.56501975941446,0.7814904377712489,52.1713362551205,0.1033229530526504
2356.0,3.957696739421159,2.0538691605452115,8.128591279887456,302.08764173566965,13.565494094974099,0.7814845454040484,52.17321365423233,0.10356810430222435
2357.0,3.9567047629144096,3.139283328610954,12.421217298452763,302.08683352122955,13.566253375769117,0.7814751133444829,52.17621815945707,0.10400717448716572
2358.0,3.955853388059411,4.017300377271107,15.89185130828026,302.0860229405789,13.56724734231848,0.7814627659339319,52.1801505455307,0.10437067619188017
2359.0,3.950779423374204,9.24703353180248,36.53298980469653,302.0852136756924,13.569239894830082,0.7814380137288188,52.18802602802144,0.10672417750031614
2360.0,3.955436081398168,3.994633896496971,15.800519046180275,302.0844038154678,13.570917810970423,0.7814171700500568,52.19465912474364,0.10442199667833602
2361.0,3.9574187021866702,1.8693828762356355,7.397930755962413,302.0835965104362,13.571732221037026,0.7814070531548195,52.19788112864007,0.10345781897886255
2362.0,3.9575085748502636,1.8693404585606368,7.397930894068244,302.08279299789507,13.572251486289714,0.7814006026547862,52.19993610944398,0.10340883552389846
2363.0,3.959386965034122,-3.291860953447308e-06,-1.3033751349784066e-05,302.08199583111934,13.572446899280894,0.7813981751642125,52.20070958653058,0.10250830268838018
2364.0,3.9595825456511626,-2.198842002338338e-47,-8.706496413103536e-47,302.0812030250189,13.572446899280894,0.7813981751642125,52.20070958653058,0.1024222605928264
2365.0,3.9597695703020976,2.410923053929812e-52,9.546699745291073e-52,302.0804103851301,13.572446899280894,0.7813981751642125,52.20070958653058,0.102332974293738
2366.0,3.9599498815216103,-5.056118425104069e-54,-2.002197555845009e-53,302.07961790551605,13.572446899280894,0.7813981751642125,52.20070958653058,0.10224374201345371
2367.0,3.960124302534398,3.0431813380079357e-55,1.2051376373664372e-54,302.07882558614244,13.572446899280894,0.7813981751642125,52.20070958653058,0.10215518669008564
2368.0,3.9602933795826836,-1.703768547917633e-62,-6.747423300659404e-62,302.0780334279519,13.572446899280894,0.7813981751642125,52.20070958653058,0.10206755072791238
2369.0,3.9604575783339158,4.891165669225943e-70,1.9371254141572567e-69,302.07724143015287,13.572446899280894,0.7813981751642125,52.20070958653058,0.10198093072503925
2370.0,3.9606172453865875,-7.151088438701222e-78,-2.832272419360471e-77,302.0764495927667,13.572446899280894,0.7813981751642125,52.20070958653058,0.10189536642819276
2371.0,3.960772667667398,3.7780377747099794e-86,1.4963948755486247e-85,302.0756579158247,13.572446899280894,0.7813981751642125,52.20070958653058,0.10181087098765895
2372.0,3.9609240894933375,-2.023682920042404e-94,-8.015654427492177e-94,302.07486639936184,13.572446899280894,0.7813981751642125,52.20070958653058,0.10172744481019363
2373.0,3.961071723470729,-2.5422299617240825e-102,-1.0069955215945337e-101,302.0740750434173,13.572446899280894,0.7813981751642125,52.20070958653058,0.10164508226429568
2374.0,3.9612157578441662,-3.760292796758222e-110,-1.489533108062658e-109,302.0732838480334,13.572446899280894,0.7813981751642125,52.20070958653058,0.10156377498198305
2375.0,3.9613563668602985,-1.9535007879153914e-107,-7.738512783875245e-107,302.07249281297993,13.572446899280894,0.7813981751642125,52.20070958653058,0.10148351209810418
2376.0,3.9614937100361214,4.460194433097564e-108,1.7669032192254124e-107,302.07170193793,13.572446899280894,0.7813981751642125,52.20070958653058,0.10140428186969286
2377.0,3.9616279275862496,-5.314098347682659e-109,-2.1052480424119565e-108,302.07091122286926,13.572446899280894,0.7813981751642125,52.20070958653058,0.10132607389202664
2378.0,3.9617591487187003,1.540921692712697e-110,6.104760613563633e-110,302.07012066779964,13.572446899280894,0.7813981751642125,52.20070958653058,0.10124887765469459
2379.0,3.961887493398674,6.80872724383841e-112,2.697541131332622e-111,302.0693302727277,13.572446899280894,0.7813981751642125,52.20070958653058,0.10117268243374468
2380.0,3.962013073541644,6.962480129863342e-113,2.758543729879249e-112,302.06854003766546,13.572446899280894,0.7813981751642125,52.20070958653058,0.10109747722354478
2381.0,3.9621359939643037,1.0227093510535914e-113,4.0521135311733096e-113,302.06774996263067,13.572446899280894,0.7813981751642125,52.20070958653058,0.10102325067747833
2382.0,3.962256353154536,1.836648057670215e-114,7.277270435012748e-114,302.06696004764785,13.572446899280894,0.7813981751642125,52.20070958653058,0.10094999106956631
2383.0,3.9623742439047245,3.704899569172907e-115,1.4680198629144436e-114,302.0661702927495,13.572446899280894,0.7813981751642125,52.20070958653058,0.10087768627945023
2384.0,3.9624897352561073,-5.91153430550015e-123,-2.3424394005158684e-122,302.0653806994166,13.572446899280894,0.7813981751642125,52.20070958653058,0.1008063299637722
2385.0,3.962602926839712,7.25745644938171e-131,2.8758418167731707e-130,302.0645912665286,13.572446899280894,0.7813981751642125,52.20070958653058,0.10073590398778759
2386.0,3.962713898281347,-6.773837063596328e-139,-2.6842778276606477e-138,302.06380199408096,13.572446899280894,0.7813981751642125,52.20070958653058,0.10066639480267911
2387.0,3.962822724695509,4.7669474724641615e-147,1.88905677713108e-146,302.0630128821129,13.572446899280894,0.7813981751642125,52.20070958653058,0.10059778872328567
2388.0,3.9629294775116968,-3.812833693416233e-155,-1.5109991036488985e-154,302.062223930668,13.572446899280894,0.7813981751642125,52.20070958653058,0.10053007180439788
2389.0,3.963034224737614,2.872468534432296e-162,1.1383691111437085e-161,302.06143513979424,13.572446899280894,0.7813981751642125,52.20070958653058,0.10046322989166004
2390.0,3.963137031192266,-5.899992391497915e-169,-2.3382478330498e-168,302.06064650954403,13.572446899280894,0.7813981751642125,52.20070958653058,0.10039724867311237
2391.0,3.963237958715129,1.428668166476897e-175,5.662151907789184e-175,302.05985803997464,13.572446899280894,0.7813981751642125,52.20070958653058,0.10033211372921247
2392.0,3.963337066355071,-4.0387673027519644e-182,-1.6006996153379754e-181,302.0590697311481,13.572446899280894,0.7813981751642125,52.20070958653058,0.10026781058026374
2393.0,3.963434410541862,1.3465206677824042e-188,5.336846349194588e-188,302.05828158313193,13.572446899280894,0.7813981751642125,52.20070958653058,0.10020432473056869
2394.0,3.9635300452426083,-5.062116246558944e-195,-2.0063849835747114e-194,302.05749359599906,13.572446899280894,0.7813981751642125,52.20070958653058,0.10014164170892317
2395.0,3.963624022104918,4.700907136775922e-202,1.8632628453009495e-201,302.05670576982817,13.572446899280894,0.7813981751642125,52.20070958653058,0.10007974710529292
2396.0,3.963716407436445,1.7070510608727464e-199,6.7662662983130945e-199,302.05591810265497,13.572446899280894,0.7813981751642125,52.20070958653058,0.10001861989360064
2397.0,3.9638072490600686,-5.664517118004985e-202,-2.2453054014773007e-201,302.05513059430615,13.572446899280894,0.7813981751642125,52.20070958653058,0.09995824552039997
2398.0,3.963896591420336,4.264744558260149e-204,1.690500641776583e-203,302.0543432447824,13.572446899280894,0.7813981751642125,52.20070958653058,0.0998986101712954
2399.0,3.9639844770786445,-5.594852385844104e-206,-2.217790800903245e-205,302.053556054103,13.572446899280894,0.7813981751642125,52.20070958653058,0.09983970024773826
2400.0,3.964070946809767,1.1097122623626446e-207,4.398978138550297e-207,302.05276902230776,13.572446899280894,0.7813981751642125,52.20070958653058,0.09978150238286188
2401.0,3.963780398375322,0.3917099347863994,1.5526521613552058,302.05198012653705,13.572518525439092,0.7813972853982721,52.200993500270656,0.09990146043898764
2402.0,3.9625932445905185,1.7056010280397345,6.758603111676895,302.0511858124821,13.572809809441004,0.7813936669634658,52.20214785826103,0.10044275534520347
2403.0,3.9585361381644453,5.929577644068894,23.47244738809871,302.0503777156662,13.57399872759402,0.781378897793863,52.20685564737726,0.10232424960524797
2404.0,3.951323530215197,13.244550780074169,52.333505144437105,302.0495774856628,13.576661338834489,0.7813458218778324,52.217384281138784,0.10565792678601044
2405.0,3.941616920193131,22.707896865044855,89.50583050526136,302.0488699032092,13.581822666564634,0.7812817060054082,52.237748160027984,0.11008374837837162
2406.0,3.931103858888376,32.50337417125822,127.77413963152598,302.0483688375389,13.58949005294884,0.7811864589695796,52.26792601970964,0.11479768187458994
2407.0,3.924590737948122,37.514219308259825,147.22795763855112,302.04811856978273,13.599214413198109,0.7810656594633775,52.306120831065385,0.11753167175936985
2408.0,3.9205239391323063,39.6963641403648,155.63054590881345,302.048036776849,13.609938048715382,0.7809324465998089,52.34818464376709,0.11909859787820427
2409.0,3.9152335193561014,43.109158713750865,168.78242318731955,302.04811155629153,13.621438841663013,0.7807895796066706,52.39324283601471,0.12125732804610552
2410.0,3.9066410361349524,49.86692184825535,194.812163238129,302.0484807523683,13.634351871565446,0.7806291692973236,52.44374304697398,0.12495461096492869
2411.0,3.904889186085,49.04728463424172,191.5242113750835,302.0490558929973,13.648061046744973,0.7804588689845344,52.49728470431183,0.12539756473179706
2412.0,3.9170243226432166,33.76272855595216,132.24942895246528,302.0492335701753,13.659459681144615,0.7803172710416818,52.541862360014996,0.11939277071539176
2413.0,3.932493568602673,16.141430270648417,63.476070727373404,302.0487939629382,13.666270853774737,0.780232660201556,52.568590292115815,0.11204270966122605
2414.0,3.939512787971076,8.554785003586211,33.701684919971065,302.0480790503413,13.669563239260077,0.7801917610029804,52.58154927352922,0.10884677947704649
2415.0,3.9385217977126556,9.762792799498278,38.45097224737613,302.04733107456445,13.672143073249782,0.780159713375779,52.59171100093465,0.10944164397733777
2416.0,3.939890568421095,8.414875923177274,33.1536902841599,302.04657907383853,13.674619042809095,0.7801289559899491,52.60146473340275,0.10887729253732803
2417.0,3.942578639140394,5.745086430709952,22.650455041732386,302.045812135729,13.676585609481682,0.7801045265902896,52.60921516720293,0.10769167053493091
2418.0,3.9478652195863386,0.5089622998741403,2.009314561753791,302.0450289972295,13.677454001246339,0.7800937391149523,52.61264008954891,0.10530031343001675
2419.0,3.9489248197796885,-1.2044401934141469e-15,-4.756243773713373e-15,302.0442431601607,13.677524685602574,0.7800928610484152,52.6129191609479,0.10494099741653433
2420.0,3.9494939156591933,-7.117276290863847e-35,-2.8109639406832196e-34,302.0434579661105,13.677524685602574,0.7800928610484152,52.6129191609479,0.10479018299254546
2421.0,3.946773861890305,3.378592885798692,13.334542091638815,302.042670767785,13.678114997167246,0.7800855279855,52.61524932345368,0.10616363164740038
2422.0,3.9426974217988775,7.968750778011349,31.418373147423143,302.0418919002346,13.67969086725588,0.7800659519595543,52.62146501772153,0.1081307348416842
2423.0,3.9393639873297133,11.47636432062103,45.20957631013012,302.04113953148385,13.6823914669922,0.7800324041367428,52.63210780748972,0.10969143476367596
2424.0,3.934484036900017,16.34218488065961,64.29806554102404,302.0404482930573,13.686429611012935,0.7799822408569821,52.648002513595095,0.1119405572115092
2425.0,3.9336440690434284,16.71716720949478,65.75938564483641,302.03979217153307,13.691034599457723,0.779925036031581,52.66611832600818,0.11225008048908183
2426.0,3.936367852047676,13.387681989881214,52.69884099840608,302.0391066256667,13.695106526578702,0.7798744530859788,52.68214237591192,0.11090225257139744
2427.0,3.939483405500519,9.853145714405644,38.81630403387959,302.0383800143453,13.698334312536884,0.7798343563660014,52.69485272975584,0.10941433809852262
2428.0,3.9394414432776843,9.853250668341376,38.81630403386756,302.037633305317,13.701071311762306,0.7798003563756235,52.705635036431914,0.10945115853815388
2429.0,3.93820621417466,11.085484887348311,43.6569254704944,302.0368950023923,13.70402458036485,0.7797636698091323,52.71726693347406,0.11003501565737023
2430.0,3.9320757468459107,17.327746161437062,68.134010428889,302.03621693046676,13.708148907813877,0.7797124359277778,52.73349325719542,0.11289644151527128
2431.0,3.9263817041205833,22.72622474382448,89.23183303788494,302.0356556524066,13.713867433146378,0.7796413983460077,52.755958620428146,0.11547940667983692
2432.0,3.9223855432353103,26.055838744731442,102.20104520920509,302.03519844497976,13.720642604014568,0.7795572347327382,52.78254660055624,0.11722080570699253
2433.0,3.917938395200893,29.67536097086931,116.26623613921491,302.0348579603987,13.728382951452238,0.7794610813484193,52.81288953607905,0.11915649332523207
2434.0,3.9168451510726414,29.590375098036,115.90091722116294,302.03459023329907,13.736611325930479,0.7793588655163916,52.84512213777597,0.11950060352542394
2435.0,3.9186227853828624,26.57031130407882,104.1190272908791,302.0342682950129,13.744315845014608,0.7792631572047874,52.87530767627948,0.11852833818236175
2436.0,3.9250363048947436,18.91786483722413,74.2533062971964,302.03380271441824,13.750633102774305,0.7791846819531142,52.90008094082571,0.11543012942020586
2437.0,3.9298363895086,13.479654926005859,52.97283844623668,302.03318158504,13.755132573215343,0.7791287879103683,52.91775118674388,0.11318432721955213
2438.0,3.931125229759947,12.058012502410028,47.40155716898493,302.0324972656835,13.75867945800021,0.779084727229811,52.93169206094254,0.11263108176946723
2439.0,3.9325337049348437,10.590528660053943,41.647610908740575,302.0317912897758,13.76182504160058,0.7790456516571356,52.944059870634675,0.11201566084898251
2440.0,3.931363636167931,11.894658910731657,46.76222950627129,302.0310836176873,13.76494798752262,0.7790068572978557,52.956339101740284,0.11261380520504276
2441.0,3.9232322487328615,20.323358408196903,79.73325510959424,302.0304742854858,13.769605155662607,0.7789490042774831,52.97462482650357,0.11644020535419665
2442.0,3.912744267088346,30.718476746846232,120.19354378490927,302.03010303031465,13.77669341243469,0.7788609513983268,53.002392530289505,0.12127253011281158
2443.0,3.9147139763299954,27.43674076189645,107.40699252553891,302.029853184155,13.784770493910408,0.7787606149824794,53.03400367572014,0.12016529756172506
2444.0,3.9216317714752593,19.260339940769413,75.53196104113525,302.0294267162267,13.791255588714233,0.7786800547985809,53.059411215229,0.11682696491921386
2445.0,3.919611632602258,20.971269548247033,82.19923207174656,302.0289096960459,13.796843279612869,0.7786106424892811,53.081318340167826,0.11778132692019655
2446.0,3.918831758535515,21.278421591895206,83.38655430582676,302.0284218814482,13.802711302005362,0.7785377478011756,53.104316415476625,0.11811533532787219
2447.0,3.9180639131008896,21.562319029879554,84.48254407373966,302.02794534521246,13.808661613745263,0.7784638308851519,53.127632385334486,0.11844204048006883
2448.0,3.9202066087132206,18.824682286112562,73.79664390494517,302.0274318762783,13.814192135829021,0.7783951287474655,53.1493082380744,0.11740943411230569
2449.0,3.924171048201213,14.360265979500204,56.35214000122353,302.02684154279365,13.818800953158174,0.7783378763582836,53.16738420195939,0.11555500073344807
2450.0,3.9344254495808655,3.6445470235980433,14.339198561838337,302.0261289581135,13.821300636867694,0.7783068243867367,53.177202278285634,0.11080011178585128
2451.0,3.9385602299696014,0.0,0.0,302.025350621771,13.821685551016243,0.7783020428445186,53.17871725890597,0.10901852061309865
2452.0,3.9393549362460076,2.9716273068890286e-49,1.1706294700076725e-48,302.02456923701214,13.821685551016243,0.7783020428445186,53.17871725890597,0.10880278830951395
2453.0,3.940106392083048,1.6680043115359596e-64,6.572114449904918e-64,302.0237880103431,13.821685551016243,0.7783020428445186,53.17871725890597,0.10857484978285459
2454.0,3.940821651216221,9.816656589434955e-81,3.868569283019965e-80,302.0230069412446,13.821685551016243,0.7783020428445186,53.17871725890597,0.10834567058202846
2455.0,3.941504981703023,9.926496615814202e-103,3.912533586208987e-102,302.022226029685,13.821685551016243,0.7783020428445186,53.17871725890597,0.10811797755909361
2456.0,3.9421594652675465,8.1013573695577e-105,3.1936842635916875e-104,302.021445275606,13.821685551016243,0.7783020428445186,53.17871725890597,0.10789284217657148
2457.0,3.942787514299228,-1.7371047500293388e-112,-6.849034919445559e-112,302.0206646789788,13.821685551016243,0.7783020428445186,53.17871725890597,0.10767075742014373
2458.0,3.9433911020749886,-7.950836990571449e-113,-3.135325984266813e-112,302.01988423963013,13.821685551016243,0.7783020428445186,53.17871725890597,0.10745196273659707
2459.0,3.9439718737861607,-2.4377289198026452e-113,-9.614334295616752e-113,302.0191039577194,13.821685551016243,0.7783020428445186,53.17871725890597,0.10723659136890618
2460.0,3.9445312554786423,-4.478442165464629e-114,-1.766535509752868e-113,302.0183238332139,13.821685551016243,0.7783020428445186,53.17871725890597,0.10702471545580462
2461.0,3.945070500516776,-3.8220994073140934e-115,-1.5078451621837483e-114,302.0175438660817,13.821685551016243,0.7783020428445186,53.17871725890597,0.1068163800110321
2462.0,3.9455907263408356,-3.127718008345537e-117,-1.2340695168337379e-116,302.01676405629075,13.821685551016243,0.7783020428445186,53.17871725890597,0.10661161576017575
2463.0,3.94609294060417,1.5803667384294413e-118,6.2362740300820545e-118,302.0159844038093,13.821685551016243,0.7783020428445186,53.17871725890597,0.10641044483398382
2464.0,3.946578060285979,-1.4716877684984684e-119,-5.808130658747287e-119,302.01520490860594,13.821685551016243,0.7783020428445186,53.17871725890597,0.106212882919523
2465.0,3.944321036687035,2.824954659762575,11.142528092188591,302.01442292626894,13.822174251827379,0.7782959720269891,53.18064509705556,0.10729974842874335
2466.0,3.9412536630370707,6.303180839908304,24.842434574073682,302.01364487799106,13.82354004942992,0.7782790055971438,53.18602946371086,0.10873369330128285
2467.0,3.928003013741337,20.22891973131961,79.45925766935503,302.0129509154782,13.827223377085012,0.7782332499740992,53.200515894497606,0.11493448488159813
2468.0,3.9240134745650344,23.57784961799995,92.51979960229984,302.0124114453269,13.833307524927868,0.7781576704977904,53.224401886661845,0.11661172948842638
2469.0,3.9142246724770637,32.83020479384778,128.50479760655375,302.01206735362797,13.841141226467174,0.7780603574351903,53.25510028506554,0.12102357653198914
2470.0,3.911597129027032,34.01971543238419,133.0714212156306,302.01192950331074,13.850467829333294,0.7779444990144933,53.291591259646154,0.12198956308103022
2471.0,3.9215800264325904,22.055359292085534,86.49185647563706,302.01158533984864,13.85805321227987,0.7778502706549084,53.32130133791598,0.11707537158849232
2472.0,3.9192934363391982,23.69945438778852,92.88511602687976,302.01111448927304,13.864464351387445,0.7777706291753113,53.34643393454587,0.11808216643205027
2473.0,3.9168497399512026,25.416445269214677,99.55239704320748,302.0106992344396,13.87134589641663,0.7776851441438928,53.37339413311228,0.11913133101527078
2474.0,3.9142955068777265,27.159675179780038,106.31099452447151,302.0103460937854,13.87870832173404,0.7775936854442976,53.40221982714794,0.12021771487787136
2475.0,3.9292226953813283,10.645941736336864,41.83027588412211,302.00978253273007,13.883750016707152,0.7775310556930788,53.421989369833696,0.1131046107678726
2476.0,3.930238687746336,9.690415066134697,38.08564419324256,302.0090660465022,13.886574504228209,0.777495968891575,53.43308880234488,0.11271536157911066
2477.0,3.9397070150202675,1.760228247882356e-13,6.934783576218953e-13,302.0083031307083,13.887781907711883,0.7774809700905356,53.437838239583535,0.10832724211556956
2478.0,3.940421276425633,-1.7679392123232822e-63,-6.966425287665836e-63,302.00752518322514,13.887781907711883,0.7774809700905356,53.437838239583535,0.10814041406358757
2479.0,3.941093007189872,-2.2074350998058385e-77,-8.699707035670268e-77,302.006747393263,13.887781907711883,0.7774809700905356,53.437838239583535,0.10793290730447344
2480.0,3.9417308883408597,3.481219646415027e-77,1.3722031009373159e-76,302.0059697601219,13.887781907711883,0.7774809700905356,53.437838239583535,0.10772290109720162
2481.0,3.9423396133177695,-2.5342577340390243e-78,-9.990904655258974e-78,302.00519228383524,13.887781907711883,0.7774809700905356,53.437838239583535,0.10751392484247987
2482.0,3.9429224098863402,-5.873992251633198e-79,-2.316069568446326e-78,302.00441496429795,13.887781907711883,0.7774809700905356,53.437838239583535,0.10730729403307132
2483.0,3.943481693122995,-6.724693007270406e-80,-2.6518703766043065e-79,302.0036378015754,13.887781907711883,0.7774809700905356,53.437838239583535,0.10710356461121898
2484.0,3.9419360866256343,2.154758592825267,8.49392065502459,302.0028591895683,13.888156627139917,0.7774763151908084,53.439315484658394,0.10788092781132555
2485.0,3.9306504559817688,14.313358095864968,56.26080752614198,302.00211666426617,13.890566316804122,0.7774463811577127,53.448796661747785,0.1132155495602801
2486.0,3.927310365998431,17.395284470276824,68.31668101960969,302.00146749734944,13.895061256071733,0.7773905434028355,53.46645536533682,0.11467015903964377
2487.0,3.9282803379586286,15.833243454776422,62.19741894951037,302.00082563251857,13.89963089550083,0.7773337776956418,53.48440435393418,0.11409869061167724
2488.0,3.923088023888335,20.789720805283167,81.55990471118855,302.00023580369054,13.90486035193675,0.7772688155038913,53.50493018373174,0.11645928143101414
2489.0,3.92461760584498,18.45444932086148,72.4266567108269,301.9996664434875,13.910310900994409,0.7772011068199451,53.52631714955159,0.11561299036765585
2490.0,3.932847886936565,9.312418267181977,36.6243245043561,301.9989953117528,13.91416659975883,0.777153209940884,53.541462441572506,0.11166445577308903
2491.0,3.935843344125081,6.24222942859954,24.568437149055207,301.99824568397196,13.91632689221294,0.7771263740097771,53.54996142997725,0.11028999154593994
2492.0,3.932013668021379,10.475789759062785,41.19094851595326,301.9975010791012,13.91864870022119,0.7770975316742709,53.559094710276,0.11213953845403946
2493.0,3.9300222287762074,12.502950725186741,49.13687427527749,301.99678893329246,13.921840161955048,0.7770578861868938,53.5716402617078,0.11305639233157357
2494.0,3.932773797259315,9.451934142669042,37.1723189297095,301.9960711805554,13.924889349723195,0.7770200080779727,53.58362749936719,0.11172313732080114
2495.0,3.941858476141063,-3.3472376077467447e-07,-1.319433693575464e-06,301.9953087961303,13.926201341656078,0.7770037100415393,53.588790178033555,0.10745043658217215
2496.0,3.9424505648311605,2.5717184539234843e-76,1.013887287125736e-75,301.994533493584,13.926201341656078,0.7770037100415393,53.588790178033555,0.1072741986905207
2497.0,3.943015996819195,2.391303676555574e-76,9.428948649911184e-76,301.99375832329935,13.926201341656078,0.7770037100415393,53.588790178033555,0.10708424495083066
2498.0,3.94355514999334,-4.5334251051357836e-82,-1.7877811920467318e-81,301.99298330937904,13.926201341656078,0.7770037100415393,53.588790178033555,0.10689085435229631
2499.0,3.9440716553147377,3.010259914181553e-83,1.1872680802653637e-82,301.9922084518157,13.926201341656078,0.7770037100415393,53.588790178033555,0.10669852648514888
2500.0,3.9445678725676667,-3.242471730576012e-84,-1.2790149816139019e-83,301.9914337505729,13.926201341656078,0.7770037100415393,53.588790178033555,0.1065085432497045
2501.0,3.943678684660774,1.4127082539921374,5.571267428913131,301.9906571460209,13.92645193720525,0.7770005970533509,53.58977848851009,0.10696359154283477
2502.0,3.9430006624561615,2.5016236848342066,9.863903846517301,301.9898789839578,13.927036909337891,0.7769933303187839,53.59208515832147,0.10729947566477288
2503.0,3.9438340846692688,1.9452958025716305,7.671923890946057,301.9891006444749,13.927633171256025,0.7769859233384344,53.59443652068481,0.10691202023786534
2504.0,3.94603489396456,0.0,0.0,301.988324862363,13.927821818897685,0.7769835798894698,53.59518064747884,0.10588799370114504
2505.0,3.946464996399949,-3.302791557841387e-47,-1.3034351273426292e-46,301.9875509430873,13.927821818897685,0.7769835798894698,53.59518064747884,0.10571661356017256
2506.0,3.946879340747297,8.324536874251101e-57,3.285594261027075e-56,301.9867771813541,13.927821818897685,0.7769835798894698,53.59518064747884,0.10554467053507494
2507.0,3.9472795911925966,-8.193362209123272e-67,-3.234149143132098e-66,301.98600357575026,13.927821818897685,0.7769835798894698,53.59518064747884,0.10537504004116491
2508.0,3.94766671368406,1.8280505907572604e-77,7.216534468062919e-77,301.985230126254,13.927821818897685,0.7769835798894698,53.59518064747884,0.10520820644444634
2509.0,3.943157585520966,5.072537098417072,20.00181313745979,301.98445137218096,13.928671792164133,0.7769730212153523,53.598533157030595,0.10734665383695619
2510.0,3.93359036809245,15.138530311295543,59.548777019587746,301.9837078189416,13.931478054552745,0.7769381608130094,53.6095818724082,0.111820460773906
2511.0,3.9281923394486356,20.2046934491337,79.36792202779503,301.98306042946587,13.936386583698482,0.776877185295671,53.628875878056334,0.11421457444593813
2512.0,3.940559479275389,6.466534022962445,25.481761942241477,301.9823458378691,13.93980722239176,0.7768346928895433,53.642332659661456,0.10821330043241953
2513.0,3.9467896854946316,0.0,0.0,301.98157077480687,13.940705001172432,0.7768235403581064,53.64587178986252,0.10528430155667333
2514.0,3.947218729528287,-3.6517248928662707e-56,-1.441415689220642e-55,301.98079821735394,13.940705001172432,0.7768235403581064,53.64587178986252,0.10514688130473561
2515.0,3.947624310045407,4.6644847906763813e-66,1.8413633553511144e-65,301.9800258173161,13.940705001172432,0.7768235403581064,53.64587178986252,0.10499421480942206
2516.0,3.9480118895186234,-2.4483984436209313e-77,-9.66630616569433e-77,301.97925357320406,13.940705001172432,0.7768235403581064,53.64587178986252,0.10483976327108166
2517.0,3.947197561988441,1.2263438453725417,4.840621436614026,301.97847845051183,13.940930457464237,0.7768207396588294,53.64676173858407,0.10524455751773429
2518.0,3.944426814893019,4.422569903553427,17.44450331831497,301.97769960326946,13.94171495270627,0.7768109943763195,53.64985690816047,0.10655938278027233
2519.0,3.937450017175636,11.760243529834305,46.30537108853575,301.97693997805,13.944165185726968,0.7767805566990438,53.6595101007011,0.10981689100612332
2520.0,3.9364412969116818,12.436158864751865,48.95420933016354,301.9762064010093,13.947525797902394,0.7767388099639454,53.6727406282086,0.11018338104325115
2521.0,3.93601272122947,12.48392161190194,49.13687427527755,301.97547865448774,13.950986925220377,0.7766958145935356,53.686364406418434,0.1102933518935689
2522.0,3.9352415856573244,12.904127435068048,50.78085890910137,301.9747566258417,13.954531923578896,0.776651777346846,53.70031574720776,0.11057819483645284
2523.0,3.935930823017925,11.788037345865886,46.39689953247995,301.9740313518578,13.957961163303874,0.776609178095604,53.713811772644526,0.11017579688130924
2524.0,3.9279796199101176,19.76400478006356,77.63260798389581,301.97336644653257,13.962479707092252,0.7765530471168665,53.73157493588375,0.11386714064010435
2525.0,3.9201556715640167,27.14237601957803,106.40233929287197,301.9728598996445,13.968994033006805,0.77647212381358,53.75713541502405,0.11740803307842065
2526.0,3.903028138662447,43.85237178320964,171.15704101695434,301.97278527704987,13.978851714332313,0.7763496681449402,53.79568564030592,0.1252571120081139
2527.0,3.9104385269978716,33.79623442421214,132.15809715989087,301.9728496981376,13.98954073312801,0.7762168853027576,53.83744506947721,0.12140546125771272
2528.0,3.911583082310701,31.077834326426668,121.56353098610533,301.9726649212547,13.998455501980336,0.7761061428325424,53.872311881699595,0.12069275241709469
2529.0,3.918402558179158,22.63264072798353,88.68379732688047,301.97231225651177,14.005914578823173,0.7760134834928798,53.901511754429,0.11734860125881849
2530.0,3.9285327752322137,11.368514776439065,44.66158290495259,301.9717009967498,14.010520772261998,0.7759562636986087,53.919582791683276,0.11255755330491488
2531.0,3.930566697445718,9.27135000036746,36.44165955180768,301.9709823206134,14.013312068705236,0.7759215892086305,53.9305519227939,0.11167983252524488
2532.0,3.9295655369574662,10.435831438700745,41.0082835710157,301.9702608029225,14.01604917265977,0.7758875879172699,53.941308893594154,0.11221934367746436
2533.0,3.929502202680976,10.528970675385423,41.373613460890425,301.969546061084,14.018960952352467,0.7758514167409631,53.95275083311302,0.11228149552927948
2534.0,3.9283137678715545,11.764395020051682,46.214234927948574,301.9688419510982,14.022111921703466,0.7758122742645532,53.96513007176402,0.11286224344301493
2535.0,3.9270100244844306,13.04746384981789,51.237521332333074,301.96815244613555,14.025558033169927,0.7757694654264605,53.978665181015984,0.11348154878909618
2536.0,3.9244358276852074,15.569481032126557,61.10142918094272,301.96749335250564,14.029532631453199,0.7757200915347429,53.99426812534085,0.11468331036283347
2537.0,3.9271730001452827,12.395738903403204,48.68021113829556,301.9668301690826,14.033416588233571,0.7756718436244276,54.009515422501906,0.11335963563092433
2538.0,3.9292131153650693,10.18107827200406,40.00362627491669,301.96612394846323,14.036474409389527,0.775633858268453,54.02152776752887,0.11241195287171268
2539.0,3.916611348461682,23.295941056782244,91.24114711608776,301.9655362322886,14.041345676116643,0.7755733456383025,54.04062995395637,0.11835582227238328
2540.0,3.9161164248462694,22.99569669533339,90.05382552937817,301.96508005499726,14.04776457122982,0.7754936078108097,54.065768260489996,0.11846033045784587
2541.0,3.9182066019343322,20.06970875650511,78.6372653486376,301.9645790383709,14.053661416160523,0.7754203550787513,54.088868179744146,0.11738896601945867
2542.0,3.9256888297395482,11.725730565017274,46.03156949962391,301.9639648932037,14.05807680674987,0.7753655055062127,54.10618282199222,0.11382710353869288
2543.0,3.925643413601023,11.772397550196603,46.21423490522211,301.9632763178956,14.061342231238006,0.775324941226857,54.11900177174233,0.11389697582974057
2544.0,3.9268044588552526,10.559460476058085,41.4649364804907,301.96257745529556,14.064402638579878,0.7752869237443493,54.13101799626439,0.11338020541068862
2545.0,3.9256369533739455,11.818948217564909,46.39689987288593,301.96188293492696,14.067559527097526,0.775247707737919,54.1434120987077,0.1139588339553569
2546.0,3.9218808257222686,15.696063778886883,61.55809157373028,301.96122587097165,14.071381037692662,0.7752002355566129,54.15840626673062,0.1157349722156713
2547.0,3.9176478283331533,19.81612729615662,77.6326080677613,301.9606465694301,14.076313135526467,0.7751389672605408,54.17773840382566,0.117687766714627
2548.0,3.9154095630335504,21.60026306118886,84.5738765538192,301.96013897073874,14.082065387689392,0.7750675107119329,54.20026713835618,0.11866542515843473
2549.0,3.9193338689933976,16.87141584027791,66.1247115206729,301.95960009005057,14.087408352714125,0.7750011384756009,54.221196751143495,0.11674529283213628
2550.0,3.9239861202146966,11.754094187607722,46.12290244786894,301.9589506812319,14.091231710834625,0.7749536433436692,54.236191801288356,0.11455698307348243
2551.0,3.925284581925691,10.423945121459072,40.91695106810282,301.9582582651014,14.094311980601017,0.7749153791229687,54.24828065829942,0.11398838094758404
2552.0,3.9292759996101876,6.368883110256315,25.025099549452822,301.9575340411454,14.096644102544827,0.7748864086640394,54.25743896128491,0.11215113620855127
2553.0,3.9348397602223537,0.9284492699390517,3.653299102705598,301.95677572856033,14.097657349568722,0.7748738217444879,54.26142204677789,0.10960852537837396
2554.0,3.936383043066063,8.273980459105879e-15,3.256955637788434e-14,301.95600814250236,14.097745115105223,0.7748727314893761,54.26176743093073,0.10899623206174971
2555.0,3.9370536443286364,5.048736223130531e-44,1.987714534653005e-43,301.9552407392288,14.097745115105223,0.7748727314893761,54.26176743093073,0.10878116243253949
2556.0,3.9376929867662045,-6.609683929795234e-45,-2.6026906055095976e-44,301.95447349134645,14.097745115105223,0.7748727314893761,54.26176743093073,0.10856260674556947
2557.0,3.938305200965579,4.518918134507419e-46,1.779687879186824e-45,301.9537063982185,14.097745115105223,0.7748727314893761,54.26176743093073,0.10834519042149746
2558.0,3.938892979727152,1.0296430820619364e-46,4.0556539075583894e-46,301.95293945974424,14.097745115105223,0.7748727314893761,54.26176743093073,0.10813019850443167
2559.0,3.9394583556807996,1.1893277452661207e-47,4.685307123731625e-47,301.9521726759873,14.097745115105223,0.7748727314893761,54.26176743093073,0.10791815893158033
2560.0,3.940002964348089,3.4078516283619923e-49,1.3426945517804712e-48,301.9514060469153,14.097745115105223,0.7748727314893761,54.26176743093073,0.10770931121698585
2561.0,3.940528173252587,-1.2595304672276822e-50,-4.963215291180676e-50,301.9506395724963,14.097745115105223,0.7748727314893761,54.26176743093073,0.10750377198975625
2562.0,3.941035157336498,1.0651654102218666e-51,4.197854330063129e-51,301.94987325269904,14.097745115105223,0.7748727314893761,54.26176743093073,0.10730159932968167
2563.0,3.941524946921377,-1.243295991816509e-52,-4.900482168152126e-52,301.94910708749256,14.097745115105223,0.7748727314893761,54.26176743093073,0.1071028222156775
2564.0,3.9383262346751216,3.803272210814805,14.978526725462796,301.94833842226365,14.098382625586295,0.7748648121045181,54.26427863857196,0.10863690475946446
2565.0,3.9304153836069076,12.29256382317069,48.31488195455982,301.9475946854361,14.100617606429307,0.7748370483673378,54.27306941031332,0.11235480290672349
2566.0,3.92750017339341,15.022476926050919,59.000780731863486,301.9469055268645,14.104411288108222,0.7747899218868544,54.287974373555016,0.11362227733912417
2567.0,3.9231320487123784,19.089989658398704,74.89255023845182,301.94628289352966,14.109264321010869,0.7747296357638401,54.307021534876185,0.11556943111533508
2568.0,3.919649540842094,21.99631887922684,86.21786119517778,301.9457398470214,14.115089995350372,0.7746572671385047,54.329863023984984,0.11707214058259549
2569.0,3.9069426644829064,34.41089234041584,134.4413834076987,301.9454200490606,14.122922998325395,0.7745599627537217,54.36051096884539,0.12290696734182668
2570.0,3.893611854578955,46.70290061231718,181.8429674673409,301.94564440607354,14.134315330357337,0.774418443101151,54.40493535367714,0.12889192412842027
2571.0,3.888352506791051,49.819605902539834,193.716189498483,301.9462894864548,14.147721073222153,0.7742519121338862,54.457096405619275,0.13099172029082937
2572.0,3.8788867996689076,57.24045849070792,222.029258846603,301.94731565350975,14.162590163354798,0.7740672029396919,54.51484025851239,0.1350856333505271
2573.0,3.8873412117882538,45.43902829228254,176.63700730420237,301.94825221134295,14.176850320968963,0.7738900581246091,54.57020986233163,0.13076461106726744
2574.0,3.8766677590636283,54.540317542685436,211.43469058682103,301.9491798519071,14.190902207336228,0.7737155005299847,54.62474780338735,0.1355675788915611
2575.0,3.8720953943541305,56.727583148155034,219.65461344081208,301.9504910435049,14.206356002298008,0.7735235279217638,54.68462140444378,0.13741869361390205
2576.0,3.879320394864495,46.568890220265864,180.6556455976831,301.95151955370085,14.22046026277445,0.7733483197170875,54.73929135957739,0.13380841916768538
2577.0,3.8807892328943097,43.13876016947892,167.4124359861237,301.95219607699346,14.232919643807854,0.7731935447974179,54.78763405593686,0.13301616537451977
2578.0,3.878729694509611,43.65615327413975,169.33041805246881,301.9528092715023,14.244974502982046,0.7730437949940118,54.83440397303447,0.1339000044464761
2579.0,3.8815766893503176,39.10642350799245,151.79458189248479,301.9533032133234,14.256340194243105,0.7729026062826942,54.87850725501391,0.1324988395219667
2580.0,3.8837844890336974,35.53322224498348,138.00337740045396,301.9536151815308,14.266706709950864,0.7727738296900514,54.918756682498255,0.13144781699461783
2581.0,3.8867052068012864,31.48824435994331,122.3855233068229,301.9537473955815,14.276015078989914,0.7726581977765228,54.95492136973381,0.130099779889994
2582.0,3.8886654908761384,28.72440988959174,111.69962148343667,301.9537291968217,14.284377874337407,0.7725543121200322,54.98743300608471,0.12923406203039933
2583.0,3.891013046440559,25.749523183709222,100.19173064743622,301.95359398584645,14.291943573632427,0.772460328277858,55.01686200335909,0.12820394014439523
2584.0,3.8887243068607975,27.761029822495818,107.95499145422698,301.95344087404777,14.299375581976145,0.7723680051928429,55.045771441526135,0.12934943622024003
2585.0,3.882835004041794,33.35435486702613,129.50945661492085,301.9534533620042,14.307863762134227,0.7722625619610655,55.0787537035055,0.13212950432340193
2586.0,3.8847164822602682,30.54042417619279,118.64088917247611,301.9535332706354,14.316737989784835,0.7721523231082629,55.11321891002514,0.13123253654046144
2587.0,3.8904882190217136,23.921881255467625,93.06779720123315,301.95341467184403,14.324301729195888,0.7720583636124734,55.14262204466147,0.1285750933993062
2588.0,3.891931986050285,22.223373577686903,86.49185846494441,301.9531341973715,14.330710772258705,0.7719787481706992,55.16756085497325,0.12799963633781491
2589.0,3.8900870242766294,24.018261416224128,93.4331270809375,301.9528546929809,14.337133262067193,0.7718989656886063,55.192550760541515,0.1289493478130527
2590.0,3.8863247443614517,27.66066556815308,107.49832904302014,301.95267762146517,14.344310915128247,0.7718098022965435,55.22045858729353,0.13075522259710176
2591.0,3.885573768017545,27.94807801644152,108.59431880719299,301.9525807310955,14.352034353370536,0.7717138589643411,55.2504714737616,0.13111717676123766
2592.0,3.8970376083370017,15.655506269160648,61.01009670847475,301.95225284150354,14.357983524149919,0.7716399562217401,55.27361999269844,0.12580693849766472
2593.0,3.9125518547953,0.0,0.0,301.95159801271893,14.360156095653382,0.7716129677558585,55.28209357178718,0.1187314883540447
2594.0,3.9138257391547944,3.1105322065366494e-60,1.2174081012413096e-59,301.95083149865707,14.360156095653382,0.7716129677558585,55.28209357178718,0.1184156010471524
2595.0,3.915026663771459,-8.04066276195207e-67,-3.1479409107436616e-66,301.9500651393677,14.360156095653382,0.7716129677558585,55.28209357178718,0.11806300622274174
2596.0,3.9161683463267947,9.405788733338272e-74,3.6834652109736537e-73,301.9492989346191,14.360156095653382,0.7716129677558585,55.28209357178718,0.11770427941147657
2597.0,3.9172584063900993,-4.192866757329646e-81,-1.6424542552023152e-80,301.94853288438026,14.360156095653382,0.7716129677558585,55.28209357178718,0.11734595535541156
2598.0,3.9183021328152803,4.247299840510898e-89,1.6642204023779854e-88,301.94776698862074,14.360156095653382,0.7716129677558585,55.28209357178718,0.1169904796057909
2599.0,3.919303554769332,-8.609268586317998e-100,-3.374233697432007e-99,301.94700124731077,14.360156095653382,0.7716129677558585,55.28209357178718,0.1166389715091199
2600.0,3.91360249581593,6.861133145394049,26.851747801939556,301.94625905851757,14.361221585968476,0.7715997318513232,55.28626525184008,0.11941071630337344
2601.0,3.9043761383324735,16.865874548040168,65.85071813747702,301.9456359998134,14.36474183127249,0.7715560020959938,55.30002122491653,0.12374936393594474
2602.0,3.883894894363701,37.95432815454717,147.41062133845023,301.9454567120939,14.372351709089582,0.7714614694523033,55.3296409518271,0.13326372020210459
2603.0,3.8665218462238315,54.44721915287042,210.5213623207101,301.9462631280872,14.385455860943768,0.7712986849572202,55.38040286153981,0.14108794563921745
2604.0,3.8676740175714777,50.67631865479878,195.999480967338,301.947427132327,14.399952531643638,0.7711186020913834,55.436464011489186,0.1401820097929997
2605.0,3.8846518817245976,30.823066012116264,119.73688138448894,301.94792840365966,14.41126810433777,0.7709780359709593,55.4803131838313,0.1320203811598688
2606.0,3.896581069187014,17.696540728176565,68.95600559150978,301.9476707884581,14.41800565244009,0.7708943397212411,55.506520481207914,0.12646328643878324
2607.0,3.9076081088890118,6.42757189566454,25.116432059965874,301.94705562714614,14.421236466962016,0.7708542053793538,55.51912570386415,0.12142804944847266
2608.0,3.9146398914335023,0.0,0.0,301.9463087678334,14.421946793839318,0.7708453814429899,55.5219031735896,0.1183239079361799
2609.0,3.915756905360541,2.5878866887517037e-68,1.0133535171770109e-67,301.9455433202392,14.421946793839318,0.7708453814429899,55.5219031735896,0.11799665897806785
2610.0,3.9168137986125418,6.819375934453452e-73,2.6710225757993577e-72,301.9447780272653,14.421946793839318,0.7708453814429899,55.5219031735896,0.11765016450501613
2611.0,3.9178210382055116,-1.340581909816545e-82,-5.2521600097169845e-82,301.9440128886238,14.421946793839318,0.7708453814429899,55.5219031735896,0.11730171569853066
2612.0,3.918784862042856,1.6243382656109502e-90,6.365432206113139e-90,301.9432479042838,14.421946793839318,0.7708453814429899,55.5219031735896,0.11695571352422167
2613.0,3.9197096806582774,-2.590810524827917e-97,-1.0155225094919338e-96,301.9424830742088,14.421946793839318,0.7708453814429899,55.5219031735896,0.11661387860821898
2614.0,3.920598832863682,-2.1290961360740408e-111,-8.34733182614646e-111,301.9417183983803,14.421946793839318,0.7708453814429899,55.5219031735896,0.11627696953031039
2615.0,3.9214550199426736,-8.707656350032964e-126,-3.4146682705772464e-125,301.94095387676316,14.421946793839318,0.7708453814429899,55.5219031735896,0.11594533616246797
2616.0,3.9222804790768393,-1.6978255661251451e-140,-6.65934807489024e-140,301.94018950932804,14.421946793839318,0.7708453814429899,55.5219031735896,0.1156191345691947
2617.0,3.923077120705753,-1.4475680705055062e-155,-5.678921178064324e-155,301.9394252960457,14.421946793839318,0.7708453814429899,55.5219031735896,0.11529842907089541
2618.0,3.9238466107892926,-4.599276320138407e-171,-1.8046854800858537e-170,301.9386612368873,14.421946793839318,0.7708453814429899,55.5219031735896,0.11498324055109249
2619.0,3.918328262770613,6.456604781605338,25.29909699730408,301.93790981872854,14.422986759369364,0.7708324626165296,55.52597970823841,0.1176179997693021
2620.0,3.9070216223872007,18.5141857914059,72.33532420791674,301.9372593154925,14.426453709206523,0.7707893949166891,55.53954006957553,0.12291279358557171
2621.0,3.903014219568616,22.207073163953087,86.67452233390951,301.936764983481,14.432109296350047,0.7707191391757757,55.56162478485121,0.12465328020810754
2622.0,3.9006660808199562,23.95311421870509,93.43310016290914,301.93635771741754,14.438586907277312,0.770638671959288,55.58689721080031,0.1256170896092263
2623.0,3.898213414109585,25.725390660012017,100.28306295406827,301.93601096142106,14.445550134412013,0.770552172243329,55.61404760839167,0.12663806449093887
2624.0,3.9001384062482787,22.87914512494287,89.23183260391775,301.9356456479455,14.452300583942929,0.770468315727417,55.64036851919359,0.12560379310997732
2625.0,3.898554109803602,23.895815488887898,93.15912968131248,301.93525659179767,14.458797106163225,0.7703876135880344,55.66570067290488,0.12626958773763808
2626.0,3.89705847863218,24.772127949405895,96.53843125899344,301.9349021445,14.465556634023201,0.7703036442978484,55.69204796625896,0.12688591111674846
2627.0,3.8966406348559235,24.493519065891217,95.44244168277002,301.93456253775395,14.472399045332132,0.7702186453996008,55.718711798284666,0.12699617657510612
2628.0,3.887354182143209,33.40955842664072,129.8747866733597,301.93441708134094,14.48065060718277,0.7701161415256799,55.750818745097966,0.1312723565013076
2629.0,3.882490081080496,37.21528683904979,144.48798201717634,301.9345207690603,14.490459427561742,0.76999429282532,55.78892475649788,0.13338982533553687
2630.0,3.8817357629008593,36.54018465641383,141.8393415638028,301.9347147485861,14.500703243965415,0.7698670404476345,55.828692370394215,0.13357358854401963
2631.0,3.8890118171548993,27.665038470522884,107.5896615339084,301.93468920275166,14.50950888803927,0.7697576535647295,55.86290653568592,0.1300426228022955
2632.0,3.8984335890312036,17.196145292593016,67.03803041050543,301.9343277158031,14.515738778707782,0.7696802636185368,55.887160239070965,0.12561047466426278
2633.0,3.8980910768565287,17.525679555724963,68.31669509201836,301.93381463115537,14.520572893735242,0.7696202125001833,55.906004689062456,0.12584466763823404
2634.0,3.8964618687229584,19.15035709951946,74.61863621070557,301.933325581293,14.525667627524356,0.769556923881685,55.92586020792595,0.12665010298758267
2635.0,3.8971778213669745,18.23285273652805,71.05666930504727,301.932845734108,14.530859702914261,0.7694924260507545,55.946092749225286,0.12632584326688626
2636.0,3.8980637815409103,17.197779240034194,67.03804037851346,301.93234015340687,14.535780515258102,0.7694312979471043,55.96527215806863,0.12593049664063877
2637.0,3.8937601989731774,21.556168049424823,83.93454919322765,301.9318946136888,14.54130607584286,0.7693626574429457,55.98679598801256,0.12796738050530793
2638.0,3.890272134710127,24.815341472623153,96.53843144426241,301.9315506623006,14.547746487131072,0.7692826523337755,56.01186178674524,0.12957648031805807
2639.0,3.8917402392252,22.740770687808098,88.50117235673571,301.93122855493124,14.554351456016844,0.7692006030308466,56.03756159329772,0.12883871692558002
2640.0,3.889476739708723,24.67952451901608,95.99043656378416,301.93090698091,14.560937628497136,0.769118787223638,56.06318568552911,0.12988517426846055
2641.0,3.882723352630122,31.144171331749998,120.92420132809929,301.930744464781,14.568690767725583,0.7690224749350859,56.093313816973485,0.13301036388125514
2642.0,3.8807239364227075,32.26635860749147,125.216830189291,301.9307522366031,14.577544500264528,0.7689124906799437,56.12767885876277,0.1338487064342993
2643.0,3.884571925991979,27.343984448321933,106.21967433271266,301.9306564742871,14.585664290543482,0.7688116237199567,56.15920805591944,0.13197145239224856
2644.0,3.890735743808566,20.352251431962507,79.1852321133156,301.93036327861404,14.592288384030239,0.7687293368443449,56.18495847542247,0.12907013367289977
2645.0,3.891880314804744,19.032092579981363,74.0706264615709,301.92992883971556,14.59770770661303,0.7686620160669189,56.20604750805939,0.12858573798255007
2646.0,3.891670905019421,19.173932728626774,74.61863613479646,301.9294824899187,14.603018998221913,0.7685960372891687,56.22671773183699,0.12872705479977417
2647.0,3.8869164843081894,23.967360774898076,93.15912968131283,301.9291226300206,14.609111476910167,0.7685203543240973,56.25041060276144,0.13097833880669707
2648.0,3.8785160497528763,32.23762996600241,125.03416522913462,301.92899267026206,14.616917221034655,0.7684233885585756,56.280715501285385,0.1348809314780689
2649.0,3.8704401836282614,39.64369603205636,153.4385541500152,301.9292218929365,14.626900147767278,0.7682993770463692,56.31939241888593,0.13854673651232113
2650.0,3.8739715632762817,34.60946110997931,134.07606816037622,301.9294977391914,14.637069284282328,0.7681730523691636,56.35877231912793,0.13675301943160736
2651.0,3.878502210531042,28.940970489379996,112.24761801797396,301.9295238418227,14.645734715508363,0.7680654072607657,56.392364618197846,0.1345804329553701
2652.0,3.877365131513686,29.491229528637973,114.34826505980767,301.9294665253891,14.6538502958393,0.7679645925982695,56.42383628725226,0.13511104779237415
2653.0,3.8761775005681343,30.065765704149136,116.54024455977593,301.92943833326086,14.662122366950378,0.7678618339509269,56.455905188039054,0.13564711598446183
2654.0,3.878319998711736,27.19966528353972,105.48900582741742,301.9293543587567,14.669994704582326,0.7677640409368655,56.4864296327739,0.1346276450712814
2655.0,3.8825764034455506,22.371018501717522,86.85718855581229,301.92911591247577,14.676753763895709,0.767680077467134,56.51265982120876,0.13265593633264
2656.0,3.8823389735848273,22.4664871021277,87.22251847613121,301.92880795191815,14.682981194102567,0.7676027180856824,56.536837561035235,0.13282147371861475
2657.0,3.866917638641638,38.168200515558745,147.59328780882498,301.9288578742699,14.691601335799882,0.7674956355801257,56.57022632347707,0.1400400399513531
2658.0,3.8595202017076327,44.60702780467293,172.16172495026925,301.92944768162573,14.703097464150261,0.7673528265322949,56.614636796919505,0.14334160369468818
2659.0,3.8616968899884707,40.750444081996015,157.3658631770931,301.93013131669113,14.714952602206505,0.7672055577365651,56.66040431101856,0.1421617724131084
2660.0,3.8664510551391644,34.55867317369128,133.6194183566282,301.9305431704439,14.725411855338795,0.7670756291262262,56.700818200343974,0.1398664304970509
2661.0,3.8506648525680984,50.0462600792551,192.71137468966955,301.9312538072702,14.737160432950903,0.7669296840627217,56.74614252274114,0.14719264263359283
2662.0,3.830477056563907,69.12268520115249,264.77285975110414,301.93331787532304,14.75396662464905,0.7667209114950428,56.81066377134119,0.15632981093871862
2663.0,3.8447985572285175,51.12036135602268,196.54749158663645,301.93540409483586,14.770664998483461,0.7665134782797085,56.87473574497797,0.14934013005444766
2664.0,3.8551228291999764,38.75880048337973,149.41993657588426,301.936330354844,14.783012440293609,0.7663600939093961,56.92227408498984,0.14449630703005018
2665.0,3.851760183349419,41.35352070749523,159.28384450244582,301.9369832644415,14.794139052414897,0.7662218751252807,56.96514964530453,0.14610396926139668
2666.0,3.838234994529792,54.27738168937751,208.32934581161933,301.93817164055423,14.80742011047882,0.7660568930375302,57.01621010996355,0.15233714602687232
2667.0,3.8307058793981095,60.15388521063106,230.4318417450034,301.9401396518619,14.823435592531252,0.7658579429499223,57.077611334742905,0.15563481911189325
2668.0,3.8428613158460965,45.37080319636595,174.35370447218114,301.9417606866958,14.838090197541636,0.7656758981671846,57.1338300335125,0.14983238468418753
2669.0,3.8553888019105735,31.36497425006484,120.92417049591347,301.94239885808656,14.848746524574452,0.7655435214338577,57.174840672821084,0.1440694052587591
2670.0,3.8594316211796498,27.04880795354268,104.39302473111823,301.94250395529735,14.856756939941294,0.765444013168431,57.20574232017242,0.1423535180576356
2671.0,3.8618395186396777,24.643293285111085,95.16844387786979,301.9424658978392,14.863936332081918,0.7653548281728954,57.23345907827397,0.1413909686578732
2672.0,3.8623946037409227,24.26140624550144,93.70712456179109,301.9423621436431,14.870728637550801,0.7652704517074435,57.25969175160945,0.1412759502483011
2673.0,3.8670428780322412,19.72117281134753,76.26262086656453,301.9421321118915,14.876681318895134,0.7651965053553399,57.282699821603764,0.13924854483723034
2674.0,3.87399602785223,13.060982406895931,50.5981939641627,301.9417222535531,14.881233975732108,0.7651399506120234,57.30031920817926,0.13617997327205567
2675.0,3.881426822533038,6.306213094538121,24.477104653749336,301.94112360722966,14.883923415234788,0.7651065414256548,57.310746290898905,0.1329326311215856
2676.0,3.887294737440603,1.5271831970965573,5.936611205181162,301.9404103125991,14.88501113666207,0.7650930293582351,57.31497040934431,0.13044074065422598
2677.0,3.880124860112334,10.333415831487807,40.094943657634204,301.9397295738281,14.886657845010768,0.7650725733539034,57.32136368683911,0.1340143366492792
2678.0,3.872192161181859,19.246767715674242,74.52718307672187,301.939262872162,14.890975656748275,0.7650189359410151,57.33809566691622,0.13779766109078623
2679.0,3.8652299077680055,26.58290516773328,102.74904008968335,301.93906005229184,14.897507540553793,0.7649377945272821,57.36336094885618,0.14103792118239838
2680.0,3.8835903194781745,7.502090187598129,29.135044828408294,301.9386577726743,14.902238357714435,0.7648790266122429,57.38167784315788,0.13244499525700798
2681.0,3.885202922909785,6.840762818309074,26.577751696626994,301.93798491857115,14.904206671946836,0.7648545755037659,57.389323937254446,0.13187446090856034
2682.0,3.8687273241589533,24.69385019101286,95.53377297265924,301.9375405378846,14.908770417836884,0.7647978830082374,57.40700815536801,0.13968283023527772
2683.0,3.8685247395550233,24.69514365167901,95.53377416338543,301.9373594999533,14.915630057634543,0.7647126700914963,57.43354531485785,0.13970209914817766
2684.0,3.8664965075665805,26.574197051156634,102.74904008968325,301.9372246211471,14.92280623112191,0.7646235250792308,57.46129765825612,0.14060292887751144
2685.0,3.8624700881913197,30.408926493137482,117.45356899375209,301.93720468970236,14.930720584378935,0.7645252101319386,57.491882134248115,0.14242686817499794
2686.0,3.863486978606179,28.81704890780781,111.33429321717288,301.93723719615167,14.938946387535447,0.7644230262417957,57.52365811344333,0.14187197768629928
2687.0,3.86471862568742,27.129966573664124,104.84968713151686,301.9371991900855,14.946716662989257,0.7643265010808787,57.55368312718837,0.1412538947404408
2688.0,3.869814955837144,21.595146079757953,83.5692192729352,301.93701468754796,14.953483451543713,0.7642424415957303,57.579850991888605,0.13885947859205067
2689.0,3.8736878832547785,17.683241947165666,68.49936006739827,301.93665689815805,14.95893864477166,0.7641746752202278,57.60097154613781,0.1370941450777651
2690.0,3.8815163458474733,9.953233645472979,38.6336390889424,301.93612955103464,14.962776508118562,0.7641269998991482,57.615850912308666,0.13350914148465215
2691.0,3.888126184557714,3.9463371107484044,15.343856653392708,301.93545312806503,14.9647066978889,0.7641030223864732,57.62334776830411,0.1305541924044895
2692.0,3.8930566751621414,-3.311459430416219e-07,-1.2891699240110485e-06,301.93470791062407,14.965254631835847,0.7640962157535919,57.62547885523517,0.12840940089266842
2693.0,3.8935457901884996,0.7975517664479593,3.1053043227108534,301.9339481741362,14.965391142443316,0.7640945199696482,57.62601035162372,0.1283392352694919
2694.0,3.8919335202736156,3.66087108389884,14.2478668848263,301.9332023755016,14.966010327899935,0.7640868282248454,57.6284205310219,0.12921688238784335
2695.0,3.885128948728424,11.636567509977313,45.2095652968455,301.93252475794077,14.968134493718248,0.764060441071823,57.636678538744086,0.13247790832706746
2696.0,3.8809074421386707,16.37952130609271,63.56740613548411,301.9319755185084,14.97216941574786,0.7640103178167967,57.652343926490076,0.1344344021818199
2697.0,3.8778783393435012,19.618964039542423,76.07995568930063,301.9315146742404,14.97716911352007,0.7639482097699369,57.67173944854916,0.13580279271631823
2698.0,3.8794478168980513,17.915956120436125,69.5040168590672,301.93107465883065,14.982382263653756,0.763883450140947,57.69195936791965,0.13500119313389353
2699.0,3.88280670685674,14.489726623406778,56.260807713884496,301.9305643085099,14.986882866076494,0.7638275420363168,57.709426272666654,0.13339709644639447
2700.0,3.888114548337649,9.278617999285075,36.076329631487866,301.9299542828506,14.990183765720202,0.7637865370717987,57.72225074346919,0.13091791318067228
2701.0,3.8976872136195784,-2.3812098643768292e-06,-9.281211241326379e-06,301.9292351556257,14.991471646141946,0.7637705385572429,57.72726129423171,0.1264825225503524
2702.0,3.898794167359237,1.4824581324635112e-65,5.779799120203004e-65,301.9284731505738,14.991471646141946,0.7637705385572429,57.72726129423171,0.12609580675171972
2703.0,3.8998515630187294,4.49968485370636e-73,1.754810300981845e-72,301.9277112994633,14.991471646141946,0.7637705385572429,57.72726129423171,0.1256910788833976
2704.0,3.9008676304819514,-1.8152422026053738e-81,-7.081019549628063e-81,301.92694960198884,14.991471646141946,0.7637705385572429,57.72726129423171,0.12528674248144572
2705.0,3.9018468341801182,2.0051827579660998e-88,7.823915996122585e-88,301.92618805811543,14.991471646141946,0.7637705385572429,57.72726129423171,0.12488632505327499
2706.0,3.9027923178130703,-3.603186222805071e-95,-1.4062487510013526e-94,301.92542666781526,14.991471646141946,0.7637705385572429,57.72726129423171,0.1244911587068845
2707.0,3.8970039336690516,6.8903570087353225,26.85174836742567,301.9246863822125,14.992543306767017,0.7637572260028942,57.731439371389584,0.12725541077633945
2708.0,3.8876831895575426,16.938293303928273,65.85071813747703,301.92406068667185,14.99607846421507,0.7637133110035395,57.745194720202534,0.13160318390737016
2709.0,3.8670535236396684,38.11962272949146,147.41062139589474,301.92387475146603,15.003721296547733,0.7636183689869847,57.77481444706886,0.14118118436822158
2710.0,3.849582641451491,54.68680164221494,210.5213623183715,301.92467444431026,15.01688275096579,0.76345487265881,57.82557589692162,0.14903890433615194
2711.0,3.850773775754777,50.898726474785725,195.99948112842026,301.9258343449056,15.031443088242163,0.763273998903824,57.881636947203134,0.14806200368496458
2712.0,3.8678859529282565,30.956673190902713,119.73688138448335,301.9263316440024,15.042808048650203,0.763132819271426,57.925486162001924,0.1397520117733877
2713.0,3.8659330608449283,32.17718355096186,124.39483769453905,301.92634700456426,15.051576609676047,0.7630238930475025,57.95939334985089,0.14062866650953806
2714.0,3.8394359745440774,58.780133273034636,225.68255827698448,301.92718571569355,15.06432336471386,0.762865548264424,58.00848082940553,0.15290884075371367
2715.0,3.8615139176912208,33.27834683786309,128.50479947216394,301.9280683036007,15.077104292055903,0.762706778980672,58.0576733488948,0.14221386257795535
2716.0,3.859684489447946,34.35896416878341,132.61476107575106,301.92823593386447,15.086498339601146,0.762590082737874,58.09393995759116,0.1430597031021897
2717.0,3.878246746135975,14.412562568113055,55.89547388326561,301.9280059637234,15.093135187627956,0.7625076374207707,58.1196115765244,0.134326426457903
2718.0,3.874057457326763,19.119652861875505,74.0706337510478,301.9275401195225,15.097927450944525,0.7624481061994468,58.13818460585871,0.13642855450454466
2719.0,3.8693534071962947,24.028939912153522,92.97646052040626,301.92721759796456,15.104022873916813,0.7623723866594184,58.161781753852466,0.13866820897375043
2720.0,3.8592500641813823,34.149793191562864,131.7925915663199,301.92721313050845,15.112340739873103,0.7622690591320112,58.19391513924974,0.14335962720037887
2721.0,3.8444532373426794,48.51169016993839,186.50092432278467,301.92785497979605,15.12403718526282,0.7621237616737537,58.2389542967711,0.15012488214730374
2722.0,3.8438291971638026,47.35528647114059,182.02563277782622,301.92887859166706,15.13735207972214,0.7619583592581101,58.29013852313974,0.15015275368779912
2723.0,3.847118226848696,42.305556198990296,162.7544763501074,301.92972579397207,15.149803972354734,0.7618036773620529,58.33802109782869,0.14843395286361044
2724.0,3.8827299832040585,4.492844919802742,17.44450368000414,301.92955025895407,15.156156128591332,0.7617247685889275,58.36254183974907,0.1317428145932545
2725.0,3.888279202011396,8.057530337390872e-14,3.1329927630452797e-13,301.92881008619986,15.156779920646253,0.7617170196193012,58.3649646872777,0.1294746194114696
2726.0,3.8815499232217068,8.306043124926065,32.24032105383295,301.92809288272025,15.157933057174152,0.761702694941936,58.36944251345275,0.1328771620858033
2727.0,3.8827184856040975,7.903666828526155,30.687713299174412,301.9274239239901,15.160169841082947,0.761674908806423,58.378126337903375,0.13243582885541688
2728.0,3.878975678628517,12.502668474345464,48.497546929941564,301.9268015094268,15.163143882851385,0.7616379641881815,58.38966649688962,0.1342852817309469
2729.0,3.879680945888883,12.241442093544299,47.49288964052593,301.92620983175243,15.16658056251022,0.7615952725154009,58.40299849900961,0.1339979159651244
2730.0,3.8787614950596097,13.633605995397486,52.88150597376161,301.925632177813,15.170231301693114,0.7615499217180979,58.41716001436588,0.13447467255152118
2731.0,3.8808759268609117,11.81406101717457,45.848905000018725,301.92504357288277,15.173765622495246,0.7615060171118603,58.43087236458823,0.13351280347295513
2732.0,3.8815738455895437,11.553109510593307,44.84424771155079,301.92443053942054,15.177011057408036,0.7614657011502107,58.44346862192056,0.13323391467986964
2733.0,3.888537173948751,4.8854247732619775,18.997155841359348,301.923745816929,15.179100734246626,0.7614397424317189,58.451587390566345,0.13001589532341506
2734.0,3.8941155505415765,-2.1625559031013264e-08,-8.421242571182357e-08,301.92300227369265,15.179779023852902,0.761431316473877,58.454225878366145,0.12750108149926734
2735.0,3.8928426917456824,2.4165490240409455,9.407245207482957,301.9222492961517,15.180184232959306,0.7614262828203813,58.45580342157779,0.1282233466313708
2736.0,3.8896094680908355,6.645162928072692,25.84708864203776,301.9215244046508,15.181564045669846,0.7614091422898155,58.46117179145042,0.1298140104513833
2737.0,3.8890223550029765,7.867370763778529,30.59638077543154,301.92082531156916,15.183623383398018,0.761383560454683,58.46918104376165,0.13011106118563887
2738.0,3.8897693803542794,7.631058073391561,29.683056033583814,301.92012914829536,15.185775937982232,0.7613568206461834,58.4775531746606,0.12977182248784033
2739.0,3.891986828698114,5.89016699458708,22.92445236176527,301.9194166214632,15.1875916263168,0.7613342655115924,58.48461818869427,0.12874612687842998
2740.0,3.888558465082511,10.052645349931415,39.090299171948146,301.9187211618828,15.189805784888994,0.7613067604361615,58.493231428542835,0.13039159339928724
2741.0,3.8861989822999368,12.808454187419146,49.77620162798365,301.9180805270855,15.193060652986246,0.7612663272920963,58.50588340312248,0.1314783398395184
2742.0,3.886398508354437,12.760795518384379,49.593536668065035,301.9174579989239,15.196611937440272,0.7612222119572637,58.51968475422302,0.13134091745540405
2743.0,3.885172912199134,14.175298427496234,55.073485472847345,301.916851171325,15.20040081041403,0.761175145212248,58.534406915557604,0.13188425430065454
2744.0,3.8838217447363985,15.638230395856294,60.73609926062437,301.916270046142,15.204541603398248,0.7611237067900838,58.55049175377883,0.13247635436142374
2745.0,3.882310626943466,17.17346108152253,66.67271045819494,301.91572225796807,15.209098810373298,0.761067095523313,58.568187622683006,0.13313381865058377
2746.0,3.873433819543717,26.172914682825223,101.37905288848754,301.91534565908785,15.215348044682347,0.760989465283449,58.59241442264728,0.13724019604667265
2747.0,3.8721180784031306,26.842250214525976,103.93636232068634,301.91510355498286,15.222711255741864,0.7608979968230825,58.62093046053974,0.1377068372314934
2748.0,3.8767321791860048,21.415259180967222,83.02122439246416,301.9147667388177,15.229250472116071,0.7608167643215394,58.64626859042926,0.13541901004209211
2749.0,3.883542204580025,14.063661524170945,54.61682308004611,301.914265235028,15.23417764233864,0.7607555572380292,58.66538482845439,0.13216382282844602
2750.0,3.8969912918077783,0.35154997365625973,1.369987185973698,301.91357554310014,15.236178086977167,0.7607307069940724,58.67316069301752,0.1258548259443718
2751.0,3.8983117423248945,0.0,0.0,301.9128172140695,15.236226909805943,0.760730100499305,58.6733509690093,0.12537984863240345
2752.0,3.8992628102062565,4.4521483708416167e-41,1.736009656794309e-40,301.9120585193591,15.236226909805943,0.760730100499305,58.6733509690093,0.1250288013706193
2753.0,3.9001732936980265,3.420946955616048e-55,1.3342285955451277e-54,301.9112999780488,15.236226909805943,0.760730100499305,58.6733509690093,0.12467360465303712
2754.0,3.9010489565074593,8.779051658554974e-70,3.424751031173096e-69,301.91054158971934,15.236226909805943,0.760730100499305,58.6733509690093,0.12431991398274092
2755.0,3.901893497732244,7.247677683196022e-85,2.8279666425721656e-84,301.9097833543407,15.236226909805943,0.760730100499305,58.6733509690093,0.12396969500573066
2756.0,3.902709633521273,1.6048549862457252e-100,6.263283015225842e-100,301.90902527188337,15.236226909805943,0.760730100499305,58.6733509690093,0.12362377733607748
2757.0,3.9034994886474665,5.699236734572051e-117,2.2246967679082857e-116,301.90826734231865,15.236226909805943,0.760730100499305,58.6733509690093,0.12328253091142233
2758.0,3.8951326378182562,9.402585113736608,36.62431615637954,301.907533513862,15.237700969845902,0.7607117891944608,58.67909620136004,0.12726011449465802
2759.0,3.878492748017319,26.774583755871134,103.8450289283285,301.9070110744351,15.24282778251095,0.7606481020806093,58.699015109798665,0.13504661511005112
2760.0,3.858439088511241,46.60787669615737,179.83365327696575,301.9071867175887,15.253269510863868,0.7605183911693929,58.73939064894193,0.14425561853546948
2761.0,3.84286021403447,60.676633719840595,233.17182164351777,301.9083253680182,15.268168135398481,0.7603333150882176,58.79675263065694,0.15117419898389423
2762.0,3.8387002436034336,61.97960129971199,237.9211106076481,301.91007351353534,15.285203696222872,0.7601216932146226,58.86218223309909,0.15265034424141227
2763.0,3.8418576721163866,55.676364561644036,213.90066834670105,301.9116936378357,15.301544112296142,0.759918706679551,58.924932720997475,0.1507733961495868
2764.0,3.8549617377696164,39.61333914085545,152.7079066932893,301.91258690123215,15.31477681747722,0.7597543252487301,58.975849333833466,0.14436946894100733
2765.0,3.866368213842198,26.527834250840403,102.56637512952369,301.91269036192614,15.323962012605929,0.759640223445889,59.01130397830985,0.13895523157805956
2766.0,3.877576158791013,14.55638016580754,56.44347268923369,301.91230988519965,15.32966698812122,0.7595693541848295,59.03338860438665,0.1337452941792706
2767.0,3.8806032623550304,11.767819830395018,45.666240024637126,301.9117242334805,15.333323068096531,0.759523937042279,59.04757050145788,0.13245837082611467
2768.0,3.8852259864726615,7.475428396307693,29.043728665350304,301.9110694732375,15.335995550027214,0.7594907385089786,59.057946775662614,0.13039793497046204
2769.0,3.8915282524267294,1.6898079299541948,6.575935300591477,301.9103465399722,15.337268163208876,0.7594749296495791,59.062893920361375,0.12756215701973989
2770.0,3.894172247742852,-5.149418218219903e-16,-2.0052721517413394e-15,301.90959124003723,15.337442825152628,0.7594727599359922,59.06357378134815,0.126473274351446
2771.0,3.8952225517267705,-2.0970744587832556e-44,-8.168571724502749e-44,301.9088331957774,15.337442825152628,0.7594727599359922,59.06357378134815,0.12611831893460435
2772.0,3.896226297981026,3.671006491717655e-52,1.4303072033089394e-51,301.908075304703,15.337442825152628,0.7594727599359922,59.06357378134815,0.12575822234546624
2773.0,3.8971897248405054,-1.717241871774242e-59,-6.692417377744453e-59,301.90731756647295,15.337442825152628,0.7594727599359922,59.06357378134815,0.1253993449066798
2774.0,3.8981169929132733,-1.3408831662124148e-73,-5.226919455723967e-73,301.90655998105524,15.337442825152628,0.7594727599359922,59.06357378134815,0.12504344745463442
2775.0,3.8990112455860677,-4.679652301267578e-88,-1.8246016948075008e-87,301.9058025484219,15.337442825152628,0.7594727599359922,59.06357378134815,0.12469124565021511
2776.0,3.8998749960759254,-6.908267297718153e-103,-2.6941378900580025e-102,301.9050452685436,15.337442825152628,0.7594727599359922,59.06357378134815,0.12434306944208331
2777.0,3.900710327103582,-3.8203978677953693e-118,-1.4902265416553902e-117,301.9042881413915,15.337442825152628,0.7594727599359922,59.06357378134815,0.12399908598202541
2778.0,3.9015190116505143,-6.156706480300769e-134,-2.402050738204537e-133,301.903531166937,15.337442825152628,0.7594727599359922,59.06357378134815,0.12365939103608542
2779.0,3.902302590656368,-1.6750877138789867e-150,-6.536699125446623e-150,301.90277434515184,15.337442825152628,0.7594727599359922,59.06357378134815,0.12332404928098384
2780.0,3.903062425275426,1.4217506378751538e-156,5.549181492801882e-156,301.90201767600524,15.337442825152628,0.7594727599359922,59.06357378134815,0.122993111837124
2781.0,3.9037997321618514,-6.6226881151208885e-164,-2.58536480900004e-163,301.90126115944736,15.337442825152628,0.7594727599359922,59.06357378134815,0.12266662266360767
2782.0,3.904515614490319,2.518253268107532e-171,9.832559206567134e-171,301.9005047954505,15.337442825152628,0.7594727599359922,59.06357378134815,0.12234462167471583
2783.0,3.9052110900878425,1.2379424220385375e-171,4.834426475435101e-171,301.899748583838,15.337442825152628,0.7594727599359922,59.06357378134815,0.12202713879250665
2784.0,3.9058870692705527,4.264228298845594e-172,1.6655594172878572e-171,301.89899252477056,15.337442825152628,0.7594727599359922,59.06357378134815,0.12171420923404355
2785.0,3.906544407290984,9.45238994071903e-173,3.692618105844948e-172,301.8982366182176,15.337442825152628,0.7594727599359922,59.06357378134815,0.12140585442306147
2786.0,3.9071838987182153,1.1422237652886364e-173,4.462878304469054e-173,301.89748086414835,15.337442825152628,0.7594727599359922,59.06357378134815,0.12110208760226648
2787.0,3.9078062847596335,4.516461603285708e-175,1.7649457038195462e-174,301.89672526253224,15.337442825152628,0.7594727599359922,59.06357378134815,0.12080291331690235
2788.0,3.908412259262521,-1.1006687328510597e-176,-4.301867168862027e-176,301.89596981333887,15.337442825152628,0.7594727599359922,59.06357378134815,0.12050832724427882
2789.0,3.9090024736883313,8.011006780688296e-178,3.131504532244455e-177,301.8952145165378,15.337442825152628,0.7594727599359922,59.06357378134815,0.12021831632207397
2790.0,3.9095775412882956,-8.601635134020974e-179,-3.3628759538324737e-178,301.8944593720994,15.337442825152628,0.7594727599359922,59.06357378134815,0.11993285910810172
2791.0,3.9101380406492634,1.115028055272293e-179,4.359913615311362e-179,301.89370437999384,15.337442825152628,0.7594727599359922,59.06357378134815,0.11965192630577118
2792.0,3.910684522927391,-2.1409583446519904e-188,-8.372612662662786e-188,301.8929495401341,15.337442825152628,0.7594727599359922,59.06357378134815,0.11937547968560533
2793.0,3.9112175018459974,2.5905263571088732e-197,1.0132112026917579e-196,301.89219485254887,15.337442825152628,0.7594727599359922,59.06357378134815,0.1191034779379925
2794.0,3.911737468397014,-1.848157231856693e-206,-7.229505891342734e-206,301.89144031721474,15.337442825152628,0.7594727599359922,59.06357378134815,0.11883587233593793
2795.0,3.912244888957141,7.080480485521605e-216,2.7700573590842677e-215,301.89068593410866,15.337442825152628,0.7594727599359922,59.06357378134815,0.11857260904496873
2796.0,3.9127402070759176,-1.2606735790226926e-225,-4.9326882006403884e-225,301.8899317032087,15.337442825152628,0.7594727599359922,59.06357378134815,0.11831362982147864
2797.0,3.913223845079431,8.05934007446197e-236,3.153800175498882e-235,301.8891776244931,15.337442825152628,0.7594727599359922,59.06357378134815,0.11805887267256479
2798.0,3.913696205508514,-9.932834379375942e-247,-3.887409622050814e-246,301.88842369794105,15.337442825152628,0.7594727599359922,59.06357378134815,0.11780827247283945
2799.0,3.9141576724087885,1.9734935370308125e-253,7.724564869418313e-253,301.8876699235317,15.337442825152628,0.7594727599359922,59.06357378134815,0.11756176152693507
2800.0,3.9146086125561554,-3.295326007932758e-260,-1.289991157183387e-259,301.8869163012198,15.337442825152628,0.7594727599359922,59.06357378134815,0.11731926986669956
2801.0,3.9150493767645114,4.569351507229847e-267,1.7889236770598193e-266,301.88616283098145,15.337442825152628,0.7594727599359922,59.06357378134815,0.11708072610134679
2802.0,3.915480300593946,-5.23499569081484e-274,-2.04975225010797e-273,301.88540951279265,15.337442825152628,0.7594727599359922,59.06357378134815,0.11684605766816414
2803.0,3.9159017052171947,4.9269329746588816e-281,1.929338523695754e-280,301.88465634662987,15.337442825152628,0.7594727599359922,59.06357378134815,0.11661519122099091
2804.0,3.9163138764778482,-4.0885415760369295e-281,-1.6012012108790038e-280,301.8839033327663,15.337442825152628,0.7594727599359922,59.06357378134815,0.11638806185499091
2805.0,3.9167171368070512,2.419253286742626e-281,9.475530806461626e-281,301.88315047082347,15.337442825152628,0.7594727599359922,59.06357378134815,0.11616458451885314
2806.0,3.917111768326711,-9.724469902347889e-282,-3.8091835495225817e-281,301.88239776077796,15.337442825152628,0.7594727599359922,59.06357378134815,0.11594468549617734
2807.0,3.917498041658439,2.3465560013500026e-282,9.192628539930493e-282,301.88164520260864,15.337442825152628,0.7594727599359922,59.06357378134815,0.11572829143953613
2808.0,3.917876216570179,-2.524499068628476e-283,-9.890674859733072e-283,301.88089279629537,15.337442825152628,0.7594727599359922,59.06357378134815,0.11551532954001524
2809.0,3.9182465425257993,-2.897867070962999e-286,-1.1354557631500135e-285,301.8801405418197,15.337442825152628,0.7594727599359922,59.06357378134815,0.11530572769423028
2810.0,3.918609259196022,-2.510338614335936e-287,-9.83703613785411e-287,301.8793884391648,15.337442825152628,0.7594727599359922,59.06357378134815,0.11509941464771936
2811.0,3.918964596933652,-3.775321958509972e-288,-1.47953530974268e-287,301.87863648831603,15.337442825152628,0.7594727599359922,59.06357378134815,0.1148963201172879
2812.0,3.919312777215948,-7.315638711271198e-289,-2.8672276274580817e-288,301.87788468926107,15.337442825152628,0.7594727599359922,59.06357378134815,0.11469637489477831
2813.0,3.919654004061247,4.4913955395276034e-297,1.7604716510332196e-296,301.87713304217243,15.337442825152628,0.7594727599359922,59.06357378134815,0.11449951497205044
2814.0,3.919988490825743,-2.1376916049772104e-305,-8.379726488445476e-305,301.87638154688847,15.337442825152628,0.7594727599359922,59.06357378134815,0.11430566981117776
2815.0,3.9203164355472433,6.283960456e-314,2.4635113456e-313,301.87563020339144,15.337442825152628,0.7594727599359922,59.06357378134815,0.11411477352310573
2816.0,3.9206380288726406,0.0,0.0,301.8748790116664,15.337442825152628,0.7594727599359922,59.06357378134815,0.11392676155771908
2817.0,3.9209534544659093,0.0,0.0,301.87412797169924,15.337442825152628,0.7594727599359922,59.06357378134815,0.11374157070022031
2818.0,3.9212628893187302,0.0,0.0,301.873377083477,15.337442825152628,0.7594727599359922,59.06357378134815,0.11355913909382223
2819.0,3.921566505723172,0.0,0.0,301.87262634694247,15.337442825152628,0.7594727599359922,59.06357378134815,0.11337940546873843
2820.0,3.921864483223022,0.0,0.0,301.87187576166434,15.337442825152628,0.7594727599359922,59.06357378134815,0.11320230365275111
2821.0,3.922156977781695,0.0,0.0,301.87112532766616,15.337442825152628,0.7594727599359922,59.06357378134815,0.11302777711057474
2822.0,3.922444140421355,0.0,0.0,301.87037504496186,15.337442825152628,0.7594727599359922,59.06357378134815,0.11285577040155226
2823.0,3.9227261349652918,0.0,0.0,301.869624913023,15.337442825152628,0.7594727599359922,59.06357378134815,0.1126862208571567
2824.0,3.9230030768110744,0.0,0.0,301.8688749326105,15.337442825152628,0.7594727599359922,59.06357378134815,0.11251908767333915
2825.0,3.923275104277308,0.0,0.0,301.8681251036913,15.337442825152628,0.7594727599359922,59.06357378134815,0.11235431826434743
2826.0,3.9235423509577037,0.0,0.0,301.8673754262311,15.337442825152628,0.7594727599359922,59.06357378134815,0.11219186136448421
2827.0,3.9231505770414583,0.6751313424837673,2.648641915843966,301.8666233564972,15.337561047208188,0.7594712913390287,59.06403759385938,0.11234351745694725
2828.0,3.9190152313301114,5.17370037840525,20.275810585308538,301.8658608911563,15.338509946958917,0.7594595037644855,59.0677573658183,0.1142737547990095
2829.0,3.9097641501449485,14.740222866938348,57.63079493030234,301.8651196943966,15.341275100978685,0.7594251540251095,59.078577755038665,0.11860962382524462
2830.0,3.901352756848232,22.82520165621108,89.04916340707592,301.86448356805107,15.346491895639149,0.759360349122495,59.09895000404043,0.1224567775808261
2831.0,3.8970621292393504,26.10797042352144,101.74438280880645,301.8639825623132,15.353382914779498,0.7592747464002546,59.1258161630507,0.12428995322264269
2832.0,3.893779269159029,28.194110006531268,109.78164105582059,301.86355689617636,15.360924836250959,0.7591810579347706,59.15519492434303,0.12564695974816517
2833.0,3.8900492091851335,30.66290744765358,119.28021886806175,301.8632163057314,15.369099438207703,0.7590795100843764,59.18700950289374,0.12722530463254342
2834.0,3.886185399598863,33.161086010483906,128.87012828878466,301.86297794262765,15.377963881196271,0.7589693927801705,59.2214752045953,0.128865012953071
2835.0,3.8872367153112055,30.42664225213886,118.2755608861534,301.86275382693935,15.38679540103419,0.7588596844592026,59.25580053954512,0.12817054518263823
2836.0,3.8882239938613585,27.999497052356894,108.86831625502445,301.8624554958142,15.394910066516513,0.7587588811612855,59.28734798727132,0.12756056410354089
2837.0,3.8883172720114665,26.706932969525322,103.8450287478578,301.8621087973708,15.402508148269206,0.7586644950525564,59.31689132784843,0.12740818474153962
2838.0,3.8824610338638306,31.687336870693358,123.02485066738362,301.8618557127259,15.410758167565598,0.7585620103408,59.34894039927207,0.130083965467228
2839.0,3.8756935340134113,37.351244917080464,144.76197841248006,301.86180366879483,15.420346541280704,0.7584429001083142,59.38613328048209,0.13314337028302548
2840.0,3.8714591076181732,40.03431636156932,154.9912186952648,301.86197545446385,15.431183018932305,0.7583082854791018,59.42810353427256,0.13496235891729186
2841.0,3.87087202938011,38.813458203289706,150.2419297226281,301.86218897646853,15.442134069302357,0.7581722475863061,59.470496787487484,0.13505969183205063
2842.0,3.876333553454874,31.454686056449138,121.92885497400297,301.8622277252711,15.451892249128415,0.7580510279611377,59.508294380315625,0.13234499306737008
2843.0,3.883569768666211,22.859167190390316,88.77517063748637,301.86194111604436,15.459246861619595,0.7579596663152846,59.53683232445331,0.12889025697938788
2844.0,3.8894439551975286,16.226160978807673,63.11074373508552,301.8614527255606,15.464675092414959,0.7578922348768328,59.55792752018518,0.1261471498051835
2845.0,3.8905765441908042,14.930295464160425,58.08745733070091,301.86087069327834,15.4690023676947,0.7578384799044137,59.57476059149347,0.1256832601459503
2846.0,3.8890855211407693,16.415530725222702,63.84140286530504,301.86029078516333,15.473355985542138,0.7577843976951286,59.59169537736606,0.12644122639088856
2847.0,3.888789001889703,16.55769917126193,64.38939843380165,301.859728392628,15.477935604612203,0.7577275080172396,59.609505230484736,0.12660417801488622
2848.0,3.8941287949983714,10.906060242282221,42.46960322945811,301.8591017498622,15.481568154713154,0.7576823831712651,59.62364248376892,0.1241079946175912
2849.0,3.9027614068480507,2.176387375390371,8.49392065502486,301.85839212921263,15.483384484271491,0.7576598200711615,59.630720696697146,0.1201012601365063
2850.0,3.9055757283472006,0.0,0.0,301.8576462595141,15.483686713721646,0.757656065668054,59.631900407384926,0.11890879856617131
2851.0,3.9063797216938223,-3.175369689238384e-45,-1.240419976292204e-44,301.85689868889114,15.483686713721646,0.757656065668054,59.631900407384926,0.11864933264666533
2852.0,3.907146025766024,3.109313052337709e-64,1.2148540135303704e-63,301.8561512695945,15.483686713721646,0.757656065668054,59.631900407384926,0.11838225076115544
2853.0,3.9078802766144305,2.360016075604296e-68,9.222660274347019e-68,301.8554040010392,15.483686713721646,0.757656065668054,59.631900407384926,0.11811458945635545
2854.0,3.9085860313583294,-2.3804273747010354e-76,-9.304105185419447e-76,301.85465688318493,15.483686713721646,0.757656065668054,59.631900407384926,0.11784828976063823
2855.0,3.90926592184184,-1.1343394159664923e-76,-4.4344344226397844e-76,301.853909915861,15.483686713721646,0.757656065668054,59.631900407384926,0.11758416523793086
2856.0,3.9099220016260317,-3.546672162171296e-77,-1.3867211519428117e-76,301.8531630992275,15.483686713721646,0.757656065668054,59.631900407384926,0.11732262609169448
2857.0,3.910555954899749,-6.469661022938801e-78,-2.529997143943613e-77,301.85241643325287,15.483686713721646,0.757656065668054,59.631900407384926,0.11706389597869749
2858.0,3.911169203731567,-5.1856748981986996e-79,-2.0282051962398583e-78,301.8516699179053,15.483686713721646,0.757656065668054,59.631900407384926,0.11680811732885685
2859.0,3.9117629762581707,-7.348602276805861e-82,-2.8745990313655667e-81,301.850923553154,15.483686713721646,0.757656065668054,59.631900407384926,0.1165553925180692
2860.0,3.9123383522149657,4.211642394962189e-83,1.6477370067625065e-82,301.850177338968,15.483686713721646,0.757656065668054,59.631900407384926,0.11630580299048354
2861.0,3.9128962945239882,-4.165019901795529e-84,-1.6297290940354391e-83,301.84943127531716,15.483686713721646,0.757656065668054,59.631900407384926,0.11605941784941592
2862.0,3.9119114183828447,1.5642675711409195,6.119276172952162,301.8486836359294,15.483970622905195,0.7576525388458981,59.63301108139409,0.11653835227120928
2863.0,3.91044781616993,3.5267580537209535,13.791203329332815,301.84793552750995,15.484677685744305,0.7576437554565925,59.63577643282749,0.11722885587946717
2864.0,3.9035025738560116,10.996858541799707,42.92626562224562,301.8472102920987,15.486860004958322,0.7576166459011389,59.644300354913796,0.12049850464932657
2865.0,3.8948303828202655,19.81496670986768,77.17593437616475,301.84657949282666,15.491138735060765,0.7575634939744004,59.6609812507176,0.12452279645145135
2866.0,3.8928142042195053,21.1625555986234,82.38189703190618,301.846053632636,15.496881960441831,0.7574921495597288,59.68334268193039,0.12532352271826028
2867.0,3.902366920153733,10.531934469098038,41.09947267743505,301.8454229525559,15.501032177486394,0.757440594068492,59.69951900432883,0.1206685741651779
2868.0,3.9055625867216937,7.1558804336666695,27.947738896782354,301.8447092289513,15.503488734161127,0.7574100778365077,59.70910890836653,0.11914347531009094
2869.0,3.9015445374522124,11.47056372404932,44.75291523906213,301.8440004273664,15.506075593570854,0.757377942937008,59.71920625584875,0.12105631006316389
2870.0,3.8925146064187066,20.694912049264286,80.55524743031172,301.84339218396144,15.510542349230548,0.7573224552890615,59.73661027031162,0.12528685158678854
2871.0,3.8852465423315268,27.503789149283936,106.85900169327077,301.84297182927685,15.517236164773555,0.7572393023009496,59.76264007942481,0.1285919692708007
2872.0,3.876826892733288,35.10226251625055,136.08539531878378,301.84280209679,15.525930847687222,0.75713129381755,59.79638252191983,0.13239837763422002
2873.0,3.8645532423423803,46.27417059150048,178.8289959960876,301.8430720121791,15.537231931521731,0.7569909076829598,59.84012093753324,0.13796988025472218
2874.0,3.8479070559111,61.380327033454115,236.18579348615893,301.8441584354234,15.5521815116175,0.7568051986134472,59.89776220786719,0.14549906401971646
2875.0,3.838549859392081,67.95419433446239,260.84556310765277,301.84610191645993,15.570144010694023,0.7565820619789562,59.966794473201816,0.14947581316467162
2876.0,3.8371813983521625,65.81244960920247,252.5343074204208,301.84830835511355,15.588722767214401,0.7563512699724919,60.038097035385825,0.1497136406488951
2877.0,3.8403377434025483,59.218196573773106,227.41787539849233,301.8502280691415,15.606087595301396,0.7561355578223429,60.104755101331925,0.14792510142962548
2878.0,3.8422666391716085,54.48191497398087,209.33404434271083,301.851760691668,15.621879201793318,0.7559393887975985,60.16541471791493,0.14681629126307377
2879.0,3.839815286978093,54.706981582093746,210.06470418335255,301.8531702963617,15.637044338194752,0.755751002010003,60.223664567721315,0.14780973976437095
2880.0,3.8493050915789464,42.637427029293356,164.12446495568472,301.8541767204474,15.650429009311829,0.7555847328035797,60.27512424212388,0.1432393329461621
2881.0,3.863077705723647,27.046920109190264,104.48435408230151,301.854432809879,15.660105525331986,0.7554645276356274,60.312430763250475,0.1368027172270101
2882.0,3.8775241261624553,11.918488139744644,46.21422530924094,301.85403454738076,15.665270178189578,0.7554003704572723,60.33241822130733,0.13019148772996575
2883.0,3.8897642120447777,1.385280778976039e-13,5.388415597694509e-13,301.85334574819166,15.666749693972413,0.7553819913792246,60.33816149968178,0.12470251305594465
2884.0,3.8910348468640246,2.563124135083959e-60,9.973205326449897e-60,301.85259904467836,15.666749693972413,0.7553819913792246,60.33816149968178,0.12439680298324521
2885.0,3.8859415362030814,6.4399062100379565,25.02509903083866,301.85187928136367,15.667715155237376,0.7553699980715853,60.34191476177434,0.1270008133313193
2886.0,3.876127209240584,17.22441997556208,66.76404293066321,301.8513010612613,15.671252646370524,0.7553260540823536,60.35563840350283,0.13171481054127882
2887.0,3.8745922180134222,18.834150129494144,72.9746515246345,301.85084235937285,15.676260752839012,0.7552638415796395,60.37504656215449,0.1324396382167424
2888.0,3.8744513624867065,18.90555389113613,73.24864903207823,301.85040642694975,15.681502380932963,0.7551987281871682,60.395355364552266,0.13251659281866124
2889.0,3.8758842244212373,17.366885574714193,67.3120378263635,301.8499442270575,15.686484831872171,0.7551368343866811,60.414664026338116,0.13186502607903605
2890.0,3.875904592451887,17.366794311120962,67.31203782664105,301.84946585994385,15.69130895359578,0.755076907408748,60.43336181462321,0.13189052299036708
2891.0,3.8712135208241802,22.177162487451056,85.85253127493534,301.8490703208446,15.696940566216705,0.7550069494879912,60.45517299538913,0.1341149905097374
2892.0,3.859702955753709,33.74355956577613,130.24011659367747,301.84895537725953,15.704706222779617,0.754910481704601,60.48518619159605,0.13948622794612872
2893.0,3.8480988134311898,44.6919435643682,171.97901499997897,301.84937935502455,15.715598870130352,0.7547751693151509,60.52716120667924,0.14477575087212577
2894.0,3.8495271709301018,41.519862840944675,159.83184013950762,301.85001605863533,15.727463916002588,0.7546277774409615,60.57282925310831,0.1438992193023919
2895.0,3.8567839883122526,32.58504647405619,125.67348549955054,301.85035772438323,15.73775541297036,0.7544999327581321,60.61248130179708,0.1403735598140598
2896.0,3.863828158134524,24.559696384876712,94.89444644712131,301.850283280293,15.74555349775566,0.7544030621396812,60.64258603496591,0.13706717630408088
2897.0,3.8736069051804303,14.241198663826387,55.164805482244205,301.8499016588904,15.750941648822666,0.7543361285860538,60.66342746193296,0.1325451406126001
2898.0,3.887706532406484,0.18794086319998735,0.7306589215687042,301.8492331812414,15.752787305160828,0.7543132011781263,60.670586151323405,0.12608097354909764
2899.0,3.8890866696546067,0.0,0.0,301.84848770570943,15.752806383517044,0.7543129641799124,60.670660331732286,0.12566279478332046
2900.0,3.8902369884937666,-1.3504575023566188e-37,-5.253599727056627e-37,301.84774198172374,15.752806383517044,0.7543129641799124,60.670660331732286,0.1253003405268117
2901.0,3.882129114460701,9.434081750351819,36.62432343124316,301.8470395794293,15.754220145070619,0.7542954019245885,60.676152307225045,0.12924721342741152
2902.0,3.868893084857167,23.465234941376448,90.78448519924011,301.8465728346679,15.759085527285482,0.7542349623939691,60.694998906575094,0.1354780808285187
2903.0,3.8525033147833074,39.94681279497453,153.8952287076676,301.8466211556982,15.767890185591956,0.7541255877566216,60.72898227180559,0.14305355363067374
2904.0,3.8382974200224385,53.18193736455579,204.12809297816943,301.8474831866467,15.780823090820814,0.7539649305488098,60.77870784461057,0.1494471462333812
2905.0,3.841673933738283,47.38185383207476,182.02563279887897,301.8486121664137,15.794790189406918,0.7537914262185476,60.83234018782177,0.14754314746682295
2906.0,3.8550732846076987,31.74661394777532,122.38552330682278,301.8491152140136,15.805778242371746,0.7536549286661894,60.874618409825246,0.14109995289303925
2907.0,3.865840458789508,19.963561996422072,77.17594566732109,301.84896734090205,15.812959128374013,0.7535657251133663,60.902335207394145,0.1360736507713899
2908.0,3.8796350732898937,5.861836668168677,22.74178713172397,301.8484238370947,15.816544259097224,0.7535211893279847,60.916212605770056,0.12971961453828867
2909.0,3.8862665127237,-1.0028337462525405e-08,-3.897279205890504e-08,301.8476993284391,15.817254833223775,0.7535123623202016,60.9189710945527,0.1268184281729327
2910.0,3.8813563495440215,6.235734379704604,24.203107228736414,301.84698324596803,15.818258404563185,0.7534998955954884,60.92286770198099,0.12931735119364585
2911.0,3.8679380611628384,20.80279303284475,80.46391495023333,301.8464388555004,15.82201200353774,0.7534532670367982,60.937404818596555,0.13570726236752917
2912.0,3.8480848676418167,41.08442203985667,158.09634274738238,301.8464905247966,15.830603847826664,0.7533465360518427,60.97053827953488,0.14493575127000707
2913.0,3.821702985381607,66.96323868240607,255.9136091833724,301.8479589586343,15.845740563703844,0.753158502314238,61.028564829625786,0.15697316705501138
2914.0,3.8145425403208337,71.27900405442945,271.8967931973223,301.85068039341166,15.864940613050317,0.752919992384468,61.101871869032514,0.15980869234801415
2915.0,3.830867321973288,51.09168418698003,195.72546337648117,301.85268691945373,15.881596212255072,0.7527130905309929,61.16554774552395,0.1518289239983658
2916.0,3.8478733215439545,31.80601674738027,122.38552330682477,301.85335440942873,15.892940217752766,0.7525721712080401,61.209098808844765,0.14380751047001078
2917.0,3.8601271681328,18.739103577770443,72.33532282700624,301.85323903937785,15.899959011165349,0.7524849812277596,61.23614331573095,0.1381817738266226
2918.0,3.875586154831737,3.275688284437979,12.695212162712357,301.8526581809832,15.902834261661447,0.7524492638302925,61.247260507323524,0.1311462687208393
2919.0,3.8774877937931365,2.56744594709339,9.955240321078278,301.85193833454406,15.903620697437248,0.7524394944417733,61.25030931030805,0.1305280592984942
2920.0,3.8704111693991696,10.996489486407022,42.560935732370275,301.8512802275491,15.90562651951348,0.7524145773973481,61.258077677215304,0.1340433057662634
2921.0,3.8679473491834147,14.143976278291145,54.708155552529334,301.85072092435547,15.909118181289703,0.7523712027168981,61.271587282864445,0.1352800800756606
2922.0,3.873941617235525,8.39309574613106,32.51436290837957,301.8501324862469,15.912248016026274,0.7523323227822822,61.2837013592906,0.13252601117009102
2923.0,3.88284805451066,-1.4026274224102075e-06,-5.446189158308776e-06,301.84942992766304,15.9134130706797,0.7523178500536682,61.28821721069909,0.12846948564005264
2924.0,3.8840389633207453,-4.551164428030455e-59,-1.767689996694966e-58,301.84868403439634,15.9134130706797,0.7523178500536682,61.28821721069909,0.12808655246006934
2925.0,3.8851833464442516,4.277641803486243e-66,1.6619422696958505e-65,301.84793827106085,15.9134130706797,0.7523178500536682,61.28821721069909,0.1276910753367171
2926.0,3.8862805173595487,-1.4243107306843078e-73,-5.535271043324569e-73,301.8471926581127,15.9134130706797,0.7523178500536682,61.28821721069909,0.12729371693916908
2927.0,3.8873355444958246,9.118889832499237e-82,3.544818457221586e-81,301.84644719552233,15.9134130706797,0.7523178500536682,61.28821721069909,0.12689904514816377
2928.0,3.888352040082239,4.41150247231019e-89,1.715347463803517e-88,301.84570188326046,15.9134130706797,0.7523178500536682,61.28821721069909,0.12650846349261918
2929.0,3.889332852299531,-2.7374253198622667e-96,-1.0646758227256866e-95,301.84495672129594,15.9134130706797,0.7523178500536682,61.28821721069909,0.12612258999924875
2930.0,3.8902803383689983,3.885988722794182e-103,1.5117585523409863e-102,301.8442117096,15.9134130706797,0.7523178500536682,61.28821721069909,0.12574174534679872
2931.0,3.891196516285919,-7.647647507778433e-110,-2.9758499340050126e-109,301.8434668481438,15.9134130706797,0.7523178500536682,61.28821721069909,0.12536611844898013
2932.0,3.8920831470589325,-2.864184430153349e-124,-1.1147643950668442e-123,301.84272213690775,15.9134130706797,0.7523178500536682,61.28821721069909,0.12499583324351966
2933.0,3.8929418080327296,-5.83792762657255e-139,-2.2726712529753566e-138,301.84197757585656,15.9134130706797,0.7523178500536682,61.28821721069909,0.12463097711064225
2934.0,3.8937739146737713,-6.029694587425271e-154,-2.347826749796615e-153,301.8412331649615,15.9134130706797,0.7523178500536682,61.28821721069909,0.12427161538495574
2935.0,3.894580754521068,-2.803682775552844e-169,-1.0919168979450315e-168,301.8404889041946,15.9134130706797,0.7523178500536682,61.28821721069909,0.12391779720410215
2936.0,3.895363507930933,-4.775739875570321e-185,-1.8603242834667241e-184,301.8397447935277,15.9134130706797,0.7523178500536682,61.28821721069909,0.12356955806001502
2937.0,3.89612326385691,-2.0371921472305812e-201,-7.937151717771678e-201,301.83900083293275,15.9134130706797,0.7523178500536682,61.28821721069909,0.12322692079040531
2938.0,3.8950036485991393,1.8993386300752129,7.397930894068245,301.83825853591026,15.913743770459307,0.752313741981872,61.289505369461224,0.12376642205060343
2939.0,3.894832635202686,2.6967102827082323,10.503235216778686,301.8375185732604,15.91438210958657,0.7523058123032724,61.29199164507077,0.12383713922322176
2940.0,3.8945524084319936,3.5411526250275855,13.79120448442646,301.8367810249773,15.915248481777464,0.7522950499158079,61.295365893542325,0.12395362320407685
2941.0,3.891728354821332,6.946634409902906,27.03441410359669,301.8360547080568,15.916705071711677,0.7522769556309108,61.301036231524584,0.12526867733047276
2942.0,3.8853497254229348,13.798543143647251,53.61216581440637,301.83537957082495,15.91958596291946,0.7522411681624912,61.31223719604961,0.12823505306369876
2943.0,3.8793499304032197,19.823411037098918,76.90194822712411,301.8348125753968,15.924255336633403,0.752183163520082,61.330364195365355,0.13096093641864995
2944.0,3.8840757612934342,14.390933929386303,55.89547765750462,301.8342538133972,15.92900710699048,0.7521241353168884,61.34880819893461,0.12857264341098296
2945.0,3.892233940834819,5.795931831906792,22.559122594912544,301.83358087638095,15.931810286371292,0.7520893132127789,61.35970457768589,0.12464571052861054
2946.0,3.898220484623272,-1.5541857741746545e-06,-6.058558821797717e-06,301.8328457490099,15.932614981730762,0.7520793169971334,61.362837783198714,0.12183138080398104
2947.0,3.898928511150257,1.41087552848997e-78,5.50090282371373e-78,301.8321031986689,15.932614981730762,0.7520793169971334,61.362837783198714,0.12154847848976229
2948.0,3.8996107839689924,-1.0360790077076496e-79,-4.040304871500643e-79,301.8313607789434,15.932614981730762,0.7520793169971334,61.362837783198714,0.12125620289350125
2949.0,3.900268011965464,4.834343094803116e-81,1.8855233731526716e-80,301.8306185089647,15.932614981730762,0.7520793169971334,61.362837783198714,0.12096316490134432
2950.0,3.899689398530726,1.2412806630651727,4.840609042356444,301.82987589631256,15.932835553967488,0.7520765769693479,61.36369797061628,0.12124692530940846
2951.0,3.9002276604582153,1.2411125344514478,4.840621436608936,301.8291331142593,15.933180324788736,0.7520722941020033,61.36504258768201,0.12098577159008135
2952.0,3.8947615509916176,7.410225918232773,28.86106299049456,301.8283997840445,15.934496663572187,0.7520559420674262,61.37017178404161,0.12357099958542674
2953.0,3.8827757223270756,19.923532539279506,77.35860844650797,301.8277687110678,15.93840988133521,0.7520073306666433,61.385384460574834,0.12918742839677838
2954.0,3.868151620587453,34.378200246418075,132.98009099606205,301.82748946040437,15.946151279324637,0.751911164231992,61.41537580093416,0.13593224694464434
2955.0,3.865642867647942,35.416460425067584,136.90738763949813,301.827483760971,15.95584496474692,0.7517907457795413,61.452860181418146,0.13683292993114432
2956.0,3.862769687300797,36.83781728710488,142.29600396295402,301.8275530959614,15.965880459343987,0.7516660812503853,61.49163926419386,0.13795908196331502
2957.0,3.8522853521989853,46.08961305881,177.55034127497285,301.8279586622186,15.97763070516213,0.7515201154638245,61.53695291739429,0.14268345879121624
2958.0,3.835540473706083,61.411544928372564,235.5464661255925,301.82911362255845,15.992559312778974,0.7513346669220002,61.59432794276525,0.15026647163487927
2959.0,3.8199026212295046,74.71760113990821,285.413960446316,301.8314403206715,16.011464017714438,0.7510998258669014,61.666683824969816,0.15716770352663592
2960.0,3.813365175379301,77.69582524821966,296.2825542739167,301.8346478513897,16.032717445595505,0.7508358081292483,61.74778566087342,0.15972363924502286
2961.0,3.8133906424859254,73.7195316288861,281.1213720820395,301.8378720156659,16.05374728777281,0.7505745678537539,61.82797981468856,0.15925472260693022
2962.0,3.8078197695830354,76.0340508322272,289.52396192043614,301.8411133105189,16.074546372635663,0.7503161941287495,61.9072365111782,0.16148427541188082
2963.0,3.8013622208811206,79.23857340519439,301.21451937902145,301.8447351890506,16.096112012949703,0.7500482979757801,61.98928434686856,0.1641098752833836
2964.0,3.793513079178304,83.8084263351523,317.9283614477517,301.84888136621805,16.118757279253508,0.7497669903198322,62.0752773758906,0.1673566441083692
2965.0,3.787387542406442,86.3795795650828,327.1529435631007,301.85354674740614,16.142394452198683,0.7494733608422524,62.16487240051327,0.16977069364188943
2966.0,3.8127316284019375,56.14959408946393,214.08333330682962,301.85681864023377,16.162068689733466,0.7492289603759817,62.23961880349948,0.15770648606928772
2967.0,3.8110939836988456,56.12579203544799,213.90066835662842,301.8587405759844,16.177662495798366,0.7490352484993992,62.29906102570578,0.15848065681232737
2968.0,3.7954453740501957,70.55478480196757,267.78683159373486,301.8614426016982,16.195542926529534,0.7488131313474592,62.367040789361795,0.16561216372191703
2969.0,3.7939849527064453,69.45051398847112,263.4942050299879,301.86473670453984,16.21498816062494,0.7485715756444107,62.440829789566074,0.16602533312922735
2970.0,3.7909791576520413,70.10788137003713,265.7775170609526,301.86806981076967,16.234371355552046,0.7483307906142602,62.51434007421577,0.16719800375059599
2971.0,3.788192183817571,70.56932600676016,267.33016919608286,301.87152049598984,16.253909931927996,0.7480880753797764,62.588383055810844,0.16826993352481828
2972.0,3.7878450480473393,68.550386155755,259.6582407418095,301.87494829513,16.273231849239778,0.7478480515622388,62.66157459658915,0.16822958423211137
2973.0,3.785849045854216,68.44177960134098,259.11024600030134,301.8783190043072,16.292258548543316,0.7476116950491514,62.73362571018219,0.1689787923273554
2974.0,3.784112113934616,68.13529396119272,257.83159126504546,301.8817180094644,16.311227549820515,0.7473760552817327,62.80542290624459,0.16961045620717266
2975.0,3.7849601416387277,65.24851435519557,246.96302613555758,301.8849987236404,16.32975245956286,0.7471459321793433,62.87553072928537,0.1690717455257485
2976.0,3.784121244691488,64.34582196173294,243.49239189252972,301.88812637221037,16.347751621342958,0.7469223401075409,62.94364920832764,0.16934470386108216
2977.0,3.7811870074330565,65.70009505704992,248.42434581683395,301.89131377128433,16.36581386934897,0.7466979643559134,63.011972302836455,0.17057558312831225
2978.0,3.7733959792103713,72.00784667605937,271.7141191190393,301.8949442378808,16.384940651023044,0.7464603645835646,63.08421843982557,0.17398345466350504
2979.0,3.76961298285389,73.82457248126452,278.2900668790127,301.8991094768203,16.405275619386735,0.7462077562809101,63.16089942070174,0.17547845522324274
2980.0,3.76576171840006,75.67057054142325,284.95733775438293,301.90349869943424,16.426039005413152,0.7459498260197124,63.23912914601975,0.17699436505165117
2981.0,3.76430624078484,74.99620852095835,282.3086957706447,301.9080131982607,16.446964905797348,0.7456898769466167,63.31791574028469,0.1774128677910422
2982.0,3.765685850454709,71.52468220963117,269.3394837550777,301.9123398639328,16.467314377947257,0.7454370884727048,63.39453088590903,0.1765767383222488
2983.0,3.765237893754297,70.22332646481101,264.4075298307854,301.9164374205264,16.487001541982,0.7451925274287949,63.46866201006213,0.17662512430964594
2984.0,3.7651410381213073,68.69691758341746,258.6535835857623,301.9204138013004,16.506295721903307,0.7449528481751142,63.5413080792787,0.17652899792065413
2985.0,3.7679434086658032,64.35546087394906,242.48773461164635,301.9240984555433,16.52477426697666,0.7447233010313458,63.61090753716247,0.1751474334339415
2986.0,3.77404300522265,56.99139846835823,215.08798874736422,301.9271888541481,16.541627327249238,0.744513946245351,63.67445825417854,0.1723447713997211
2987.0,3.773370330359592,57.00155875214404,215.08799057958947,301.92991798706805,16.557459680701804,0.7443172710471825,63.734204918230674,0.17269054203203374
2988.0,3.7726951848757433,57.011759510812645,215.08799058773673,301.9326555865493,16.57329488553623,0.7441205604281214,63.793951582282794,0.17300416671530733
2989.0,3.7720233363485836,57.021914078598435,215.08799058773712,301.93540175832754,16.58913292037146,0.7439238146537707,63.85369824633493,0.17330112778555046
2990.0,3.7713573767144926,57.03198321001234,215.08799058773712,301.9381565201589,16.604973766136077,0.7437270339610424,63.913444910387064,0.17358505582970218
2991.0,3.7706987681096313,57.04194469386573,215.08799058773724,301.94091981545097,16.620817395637207,0.7435302186877365,63.97319157443923,0.17385754573738493
2992.0,3.7700483846164494,57.0517851880618,215.08799058773707,301.9436915425286,16.636663776940548,0.7433333692305522,64.0329382384914,0.17411950032751666
2993.0,3.769406756253608,57.06149654210091,215.08799058773707,301.9464715709256,16.652512875226208,0.7431364860220346,64.09268490254354,0.17437153413051126
2994.0,3.768774197078884,57.07107386652356,215.087990587737,301.9492597513288,16.668364653917052,0.7429395695165584,64.15243156659572,0.1746141276024796
2995.0,3.765533264413703,59.71546095683314,224.86055463275292,301.95222323005015,16.68467626921697,0.7427369407550687,64.21387329843611,0.17601848540276896
2996.0,3.767209790946812,57.24023811639635,215.6359854682152,301.95517082010645,16.700919843948515,0.7425351572180308,64.27505232296296,0.17517172091316052
2997.0,3.7639812968207305,59.909938998591876,225.4998898843707,301.95813714972087,16.71719089423362,0.7423330323697687,64.33632233957975,0.17657474331630052
2998.0,3.75522380804914,68.05141113435018,255.5482792630521,301.9616889318561,16.734963517798167,0.7421122544372898,64.40313798724735,0.18040423949034157
2999.0,3.7506392179367793,71.4707049806379,268.06082903397004,301.9659096120592,16.75434145300182,0.741871534745319,64.47586171757202,0.18222471600616819
3000.0,3.740388177914954,80.53028323571769,301.2145193790213,301.970924934387,16.775452569331637,0.7416092848530231,64.5549307439652,0.18654751515172222
3001.0,3.7369005880245636,82.14520516160955,306.9684654718172,301.976670682743,16.798046358937995,0.7413286166591553,64.63940072252792,0.1877049391269106
3002.0,3.738719508504528,78.29434596206613,292.7205986539794,301.9823289820258,16.82032908502218,0.74105181260842,64.7226886211742,0.18650889012420843
3003.0,3.7413315623119168,73.9676262401451,276.73741464154597,301.9875088175564,16.841476248537653,0.7407891149249981,64.80177871828025,0.18505614403034393
3004.0,3.7446971214613316,69.21830259134016,259.20157846623096,301.9921595749753,16.861362838052905,0.7405420765459266,64.87621353042518,0.1833495529018931
3005.0,3.7460777381972226,66.82785175793558,250.3423277619466,301.99640457955934,16.880258036405966,0.740307353585019,64.94698305160257,0.182605146575552
3006.0,3.745054787465479,67.04120553292528,251.07298773853898,302.0005377013812,16.898850990290345,0.7400763852137845,65.01662417882267,0.18295850161115285
3007.0,3.74405492513523,67.22986711550539,251.71231508999497,302.0047090082108,16.91749998983708,0.7398447206231418,65.08645628583736,0.18328463560679614
3008.0,3.7430336893671385,67.44341512380817,252.44297493438714,302.0089186103209,16.936204894788776,0.7396123615554189,65.15647882459504,0.18361250761113496
3009.0,3.744813436792188,64.85051088152461,242.85306453197137,302.01296620682547,16.954487510944976,0.7393852483112425,65.22493129458812,0.18269417645027666
3010.0,3.744170885403698,64.86164012237401,242.85306452572513,302.0169108415318,16.972503090598696,0.7391614522906994,65.29239047918034,0.18289328915049963
3011.0,3.743535492672794,64.87264913270005,242.8530645319716,302.02086547717454,16.990521776116775,0.7389376176879903,65.35984966377258,0.18307953276202385
3012.0,3.7456856223510075,62.10446543996154,232.62380328225896,302.0246330126494,17.00806355256252,0.7387197074215835,65.42554097530811,0.1820278544605432
3013.0,3.7426814380243765,64.69222900764463,242.12240469133368,302.0284326119682,17.025674395923485,0.7385009391810746,65.49147904733098,0.18331017814945755
3014.0,3.7420744167518754,64.70272306808356,242.12240468725687,302.03238650937493,17.043645921735575,0.7382776904132227,65.55873527085635,0.18346647837181895
3015.0,3.74147814083718,64.71303468237109,242.12240469132973,302.03634955621465,17.061620373580457,0.7380544052971372,65.62599149438172,0.18362145796444324
3016.0,3.7436719519959722,61.94269410964541,231.89312656934564,302.04012423804636,17.079118489142683,0.7378370374019542,65.69148372107907,0.18254096700665196
3017.0,3.743440597042974,61.77574708799169,231.25383956184737,302.0437705290893,17.096294466270717,0.7376236712264507,65.75578233629763,0.1825808035755266
3018.0,3.7432184714423333,61.608616744876095,230.61451219943163,302.04740204180445,17.11343008883211,0.7374108063499116,65.81992651376521,0.18261026387076312
3019.0,3.7430074815973526,61.4412837644412,229.97518480924938,302.0510163534244,17.13051924067714,0.7371985187493523,65.88389303850606,0.18263159093561537
3020.0,3.7455883196816826,58.49725090179298,219.10661971124458,302.05442555182094,17.147089981103264,0.7369926710421955,65.94594296206053,0.1814140987656793
3021.0,3.748504481467953,55.3817471067561,207.5987272212001,302.0575400498734,17.16290617793332,0.7367961965474121,66.00520648355085,0.18008969295733018
3022.0,3.7489889195421946,54.88735283985137,205.7720776196056,302.06045804949844,17.17822129272877,0.7366059466741767,66.0626189534586,0.17989075876172098
3023.0,3.7522647163921383,51.62647224829704,193.7161902490829,302.06314126901196,17.19292082134349,0.7364233438342423,66.11775591163838,0.1784418135538267
3024.0,3.7476691968077085,56.41764925821579,211.43468628131657,302.0659267277755,17.207926953575324,0.7362369322537227,66.17402796997379,0.1805430629829027
3025.0,3.747881306098715,56.07329033405968,210.15603661446804,302.0689320505043,17.223550686539127,0.7360428486144207,66.23258219004586,0.18039253176498252
3026.0,3.7453829099193983,58.4516883897925,218.92395475106295,302.0720689870375,17.239534760004968,0.7358442886955904,66.29246394213293,0.18145766207456338
3027.0,3.747973513886887,55.5845404539346,208.32938540292108,302.0751488571889,17.25537273177905,0.735647543704608,66.35180330177977,0.180211879685228
3028.0,3.745519490082965,57.961867699340715,217.09730514949092,302.07819896481664,17.27114319821268,0.7354516372892834,66.4108911481675,0.18127467593751706
3029.0,3.7481573461935165,55.07010085369839,206.41140307040746,302.08121901401944,17.286841689055247,0.7352566249806801,66.46971042732144,0.1800102256836531
3030.0,3.748410270070653,54.749631964715284,205.22408273912728,302.08406778642143,17.302094402516683,0.7350671502792958,66.52688191738258,0.17986691728846027
3031.0,3.745994881955316,57.101164066462445,213.9006683466591,302.0870432390306,17.31770496670112,0.7348732302273153,66.5853735126295,0.1809042538504309
3032.0,3.7432736695322437,59.63138138428677,223.21657981363586,302.09024461176983,17.333918040609017,0.7346718255824967,66.64608543195816,0.18203512099498426
3033.0,3.7455937359292673,56.93659087634344,213.26133813159944,302.0934374264097,17.350107701541692,0.7344707117820908,66.70670615908962,0.18087085815509657
3034.0,3.742889738022094,59.46668738147053,222.577253954274,302.096620700535,17.366275003859204,0.734269875728457,66.76724029387692,0.18201024236285374
3035.0,3.747885279447468,54.09933322339931,202.75809461590163,302.09965545134787,17.38204726501022,0.7340739470185066,66.82631225777888,0.17965501805582282
3036.0,3.7482133834492886,53.7534634355443,201.4794510558591,302.1023835886266,17.397011455865712,0.7338880564488731,66.88239955941431,0.17948980376566498
3037.0,3.756540639251129,45.44085148058542,170.700405268994,302.10462528471066,17.410599279758593,0.7337192636054832,66.93339326180309,0.17574726347677538
3038.0,3.7604291464472346,42.017861362231116,158.005190537913,302.1063805858922,17.422746211317094,0.7335683700457504,66.97904669444144,0.17411479962837795
3039.0,3.7671996410572093,35.88131129721341,135.17206303952435,302.1077202421273,17.433564987170215,0.7334339753146557,67.01976486889149,0.17121066244451583
3040.0,3.7666779177358514,37.31688504101721,140.56068684268683,302.10886131623516,17.44377323453676,0.7333071647883632,67.05821824991723,0.17164996099033886
3041.0,3.768454950197539,36.32984589223917,136.90738759252244,302.10999108358385,17.454001819817734,0.733180101617171,67.0967550638539,0.17099714572894256
3042.0,3.767669752993751,37.9130890179956,142.8439987356616,302.1111252934219,17.464313574568315,0.7330520052848656,67.13561044539034,0.1714942803441356
3043.0,3.7717111514789954,34.53077697707784,130.24011659367866,302.11217558252235,17.474374755071114,0.7329270216761352,67.17353737658539,0.1697667117522828
3044.0,3.7709728460043053,36.087609451490934,136.08539531878063,302.11314024655866,17.484182880494902,0.732805181608759,67.21052719847297,0.1702443416731589
3045.0,3.7724666818417094,35.27438005395046,133.07142347614987,302.11411579915233,17.494094171540677,0.7326820599808611,67.24790976300274,0.16966217474891282
3046.0,3.776430393522593,31.99658369255826,120.83287114546638,302.11493030470035,17.503436522925355,0.7325660059263931,67.28317148307862,0.16796602680442577
3047.0,3.7781775828187554,31.087360720321225,117.45356938251797,302.1155850257577,17.512198145083712,0.7324571658995812,67.31626673280478,0.16731437931316473
3048.0,3.7799044539476427,30.20330314764785,114.16560009172497,302.11616482751526,17.520710582827558,0.7323514213313347,67.34843553825174,0.16666305201005888
3049.0,3.7816351989427432,29.320022947423375,110.8776308117852,302.1166725887785,17.52897755715321,0.7322487259980968,67.37969101875147,0.16600559276249963
3050.0,3.7809704042854615,30.846995501628335,116.6315770527835,302.11718586498364,17.53733429559472,0.7321449155826742,67.41129040837711,0.16643421192151514
3051.0,3.782431239433016,30.110686870405907,113.89160265940886,302.11771022824814,17.545800566551133,0.7320397445148927,67.44330727252421,0.1658535583558473
3052.0,3.783873696431254,29.39922673476536,111.24296073709715,302.11817590475005,17.554065672942567,0.7319370723858065,67.47457540241773,0.16528615399944016
3053.0,3.7853437548923825,28.663971718412714,108.50298633470544,302.118584294897,17.562129839035702,0.7318368964094943,67.50509508574405,0.1647063252229684
3054.0,3.78676997490859,27.977848561030857,105.94567689345115,302.1189374779133,17.569996608779018,0.7317391725617512,67.53487909635746,0.1641464349800919
3055.0,3.788221929778942,27.267947043479932,103.29703497016155,302.11923750431185,17.5776694761099,0.7316438574396286,67.56394002228873,0.1635736852360798
3056.0,3.789652771064801,26.58283795739556,100.73972552801067,302.1194856870792,17.585148603914377,0.7315509490196972,67.59227794152008,0.16301003669907088
3057.0,3.7910611966652548,25.922490690703796,98.27374857844346,302.119684673001,17.59244086608732,0.7314603619119587,67.61991819303269,0.16245573595364135
3058.0,3.7924700604533887,25.26263097042639,95.80777160362462,302.1198363727766,17.5995497668328,0.7313720525859279,67.64687345417755,0.16190010684242762
3059.0,3.791669216004845,26.83366517583038,101.74438219977728,302.1200017040546,17.606785648514656,0.7312821658569608,67.6743124331689,0.16235705217062718
3060.0,3.7906520854794334,28.503360766922384,108.046323934307,302.1202455943142,17.614471431919107,0.7311866902867191,67.70345047091496,0.16287655227549014
3061.0,3.789420423635667,30.272068589862933,114.71359498012636,302.1205775915374,17.62263477488701,0.7310852822995402,67.73438982047142,0.16346439039695435
3062.0,3.783625177940841,36.54626669863463,138.2773748406949,302.1211458173875,17.631915160259574,0.7309699980091978,67.76952915252564,0.16611949549097144
3063.0,3.7815015294360115,38.74050966835358,146.49729656200967,302.12198275495945,17.642371619824324,0.7308401041015611,67.80908127702178,0.16698751490072727
3064.0,3.776925580984907,43.30942411105711,163.57647182277614,302.12305623545933,17.653767565929538,0.7306985395536703,67.85214841167472,0.1689661419416258
3065.0,3.7762130003502494,43.70457691045075,165.03779150405146,302.1243131273143,17.665852851502088,0.7305484117825827,67.89778931895837,0.1691105620814026
3066.0,3.7777001498816127,41.87411631995985,158.18785549807242,302.12550542636694,17.677685226783396,0.7304014257542435,67.94248135860799,0.16826928315563294
3067.0,3.7772467341570723,42.12093926629524,159.1011802832421,302.126654512545,17.68935123309699,0.7302565064211554,67.98654938644268,0.16835768250152736
3068.0,3.7812173744621065,37.898022529176444,143.30066124507832,302.1276287204294,17.700337465437144,0.7301200314852528,68.02807300165856,0.16642433884994332
3069.0,3.7856652129080266,33.41433481204216,126.49548491040969,302.1283362967916,17.710241718377816,0.729996997287232,68.06554429841707,0.16433820082035364
3070.0,3.788356797790616,30.955612215142832,117.27090396500658,302.12881788331345,17.719181903769513,0.7298859390836085,68.099400590357,0.16312404044177486
3071.0,3.7912816509652667,28.37817681970197,107.58966106438395,302.1291434786678,17.727422546835708,0.7297835708467614,68.13063081476263,0.1618249752147809
3072.0,3.792211612461194,27.93770172116355,105.9456768924735,302.12937543256294,17.73524417767441,0.7296864077307527,68.160288445175,0.16147025560361639
3073.0,3.790955323938845,29.70569100050871,112.61294744966074,302.12963595365557,17.74325098991307,0.7295869442246823,68.19064690987516,0.1621120974469079
3074.0,3.7916607091139567,29.362936654528266,111.33429321717684,302.1299284930922,17.751454939794932,0.7294850318037897,68.22175060338763,0.1618101033487786
3075.0,3.7901959250161417,31.20565903271393,118.27556170323548,302.13026907452405,17.759931267715558,0.7293797358047757,68.25388220090557,0.16250836600216317
3076.0,3.786374170010062,35.33778684012948,133.80208331678776,302.1307682266832,17.769173528141298,0.7292649251162571,68.28889410326,0.16426297816518665
3077.0,3.784252562941349,37.505602938289464,141.9306740438825,302.1314602360958,17.779290649622343,0.7291392465885422,68.32719049142275,0.16516694373335572
3078.0,3.7840260019506804,37.6285301345392,142.38733644428106,302.13222557732826,17.789725955049914,0.7290096154652184,68.36667913847093,0.16517513692030916
3079.0,3.7816267725178605,39.946808711543035,151.06392130022084,302.1330887955117,17.80056690093232,0.7288749453300333,68.40768582108831,0.16619147873617796
3080.0,3.7811544553624423,40.193345351739616,151.97724685265155,302.1340243877965,17.811697494780603,0.7287366770834707,68.44977494061173,0.16629121967987048
3081.0,3.7850220398476413,36.05017984111714,136.4507252390995,302.1348004184364,17.822164889621895,0.7286066473338895,68.48937769741555,0.16440751610388174
3082.0,3.7828645631989453,38.243676459813344,144.6706484462736,302.13553912374283,17.832483463948083,0.7284784662863591,68.52842251291185,0.1653673803211182
3083.0,3.784776678202667,36.17317460974018,136.9073876394975,302.13628073870655,17.84281896380345,0.7283500749838081,68.56752997865753,0.16440606565834054
3084.0,3.784767507496714,36.173262259390455,136.90738763949815,302.13695321430424,17.85286707909935,0.7282252536757844,68.60555980855739,0.16437113902734177
3085.0,3.789113914900898,31.76896009161484,120.3762087450691,302.1374613455599,17.862192092701395,0.7281094149974981,68.64087611589264,0.1623294506103648
3086.0,3.7895534545778533,31.54836522518005,119.55421642536487,302.13785025669006,17.870986160262333,0.728000171922207,68.67419977331511,0.1621541004981582
3087.0,3.792158809646198,29.14231878035978,110.51230089645918,302.13813885365687,17.879319408784912,0.7278966533070197,68.70579277852612,0.1609717402748556
3088.0,3.7949566139302826,26.6419526832802,101.10505454343183,302.1383076141642,17.88706707704677,0.7278004089807855,68.7351837028226,0.15972681067213435
3089.0,3.7958370601606575,26.202671302915142,99.46107080681344,302.13839272131656,17.89440659060074,0.7277092348993697,68.76304005630395,0.15939614123148463
3090.0,3.7945505193278586,27.944550657797766,106.03700921093017,302.1385149496082,17.901989157739948,0.7276150415187583,68.79181611641229,0.16005390188156404
3091.0,3.79731603299456,25.47091039144981,96.72109640442011,302.1386021310866,17.909407761323404,0.7275228849525043,68.81997635521479,0.15880334835296214
3092.0,3.8002442485944825,22.951819085941747,87.2225184761312,302.13856095596753,17.916133017973436,0.7274393413916342,68.84552378933112,0.15751496693024747
3093.0,3.8013056788342223,22.440851539363198,85.30453639445703,302.13844239274187,17.922437538205255,0.727361024370121,68.86948583383422,0.15711959003527293
3094.0,3.802341469735977,21.95433720440134,83.47788679286263,302.1382946575301,17.92860338777864,0.7272844299654827,68.89292729457613,0.1567276838582284
3095.0,3.799254599531058,25.6261892610192,97.36041741838059,302.13823290647304,17.935340964236268,0.7272007333635246,68.91853260993189,0.15823628123326577
3096.0,3.79577618792658,29.475468538485373,111.88228160636186,302.1383500525574,17.943129993825014,0.7271039752319873,68.9481078600788,0.15985968310770454
3097.0,3.7918865389451692,33.52811614092615,127.13481227096813,302.13867395071827,17.95200838872954,0.7269936846120554,68.98178674780465,0.16161666529408042
3098.0,3.7896339957147167,35.71709975981861,135.35473547814254,302.13915000736887,17.961625759949598,0.7268742141621167,69.01824379312498,0.1625656167573299
3099.0,3.7871253058569576,38.05595060266523,144.12265356579582,302.1397652267933,17.971872100677448,0.7267469304263671,69.05706069188041,0.1636138629164633
3100.0,3.7885094421880643,36.3062880267266,137.54671500005318,302.1404017578333,17.982200069894702,0.7266186326721155,69.09618099632213,0.1628337818799811
3101.0,3.788048684324615,36.55181106140497,138.460039800837,302.14099377502265,17.992319274497792,0.7264929282671081,69.13451536432574,0.16295374715068422
3102.0,3.787605495116977,36.77310963381343,139.28203212157078,302.14160234681236,18.00250381882266,0.7263664121885384,69.17309261843745,0.16306398604164046
3103.0,3.785042242450552,39.13860749765164,148.14128268930335,302.1423112418377,18.013116221593034,0.7262345810982231,69.21327169342706,0.16415364948804806
3104.0,3.788508628184107,35.24555411677799,133.5280858765433,302.14295957727217,18.02344700199453,0.7261062484224281,69.25239142930484,0.16241972652446748
3105.0,3.788261512351204,35.368399948130424,133.98474827694682,302.1434916114259,18.03325449685704,0.7259844161881113,69.28954600043393,0.16248260811562723
3106.0,3.7901264022771484,33.35090680732588,126.40415243033048,302.14394767441564,18.04270810325764,0.7258669800837559,69.32537020194333,0.16156284794427156
3107.0,3.790101990020492,33.35112162236214,126.40415243033023,302.14436250030917,18.051972272954792,0.7257518972303751,69.36048246650729,0.16154589096103295
3108.0,3.792163027384959,31.237634175998576,118.45820138519862,302.1447005378672,18.060870870516062,0.7256413556457632,69.39422028157819,0.1605602191427969
3109.0,3.790273248322553,33.22912867543622,125.94747748357375,302.14506137769536,18.069893096626863,0.7255292783027718,69.42842337231241,0.16142970058010048
3110.0,3.7923284438587994,31.115860878053706,118.00156426299631,302.145387938624,18.078754742269076,0.7254191957482101,69.46202267320223,0.16043990299699884
3111.0,3.792525094673698,30.993836277586535,117.54490186295497,302.1456650499842,18.087381081581775,0.7253120362536425,69.4947374342928,0.1603437762296569
3112.0,3.7947851369401406,28.78519922301104,109.23364617534318,302.14586117748826,18.095605185272493,0.7252098734748758,69.52593901935987,0.15929002187972846
3113.0,3.79726011411081,26.45742587304318,100.46572798975025,302.1459516321725,18.103277627958338,0.7251145636278467,69.55506353268021,0.15816403077044933
3114.0,3.795798034747867,28.24816522718257,107.22433005457263,302.14602381303035,18.110875654294592,0.7250201782075205,69.58390961799167,0.15889495905077658
3115.0,3.798244447925892,25.94560391178306,98.54774600601431,302.14607935946896,18.118402381351725,0.7249266784925251,69.6124885169741,0.15776755964556086
3116.0,3.804984739282583,19.39472367922722,73.79662762206212,302.14592860127425,18.12469906717327,0.7248484587928785,69.63642435741563,0.15467940695734458
3117.0,3.8020788365067157,22.964766042682395,87.31385095621081,302.1457209238577,18.13068962817288,0.7247740418860511,69.65920759819092,0.15616410187344762
3118.0,3.802842965294275,22.59989816541376,85.9438637547107,302.1455591290868,18.137018046589198,0.7246954279926807,69.68327115210165,0.15586620325263095
3119.0,3.791566201602655,34.47039351148144,130.69677899407648,302.1456996250134,18.14511992044551,0.7245947835969502,69.71402790866453,0.16116221571087394
3120.0,3.7850475693391834,40.87589516410993,154.71720763547756,302.14631658907234,18.155584281832397,0.7244647915300323,69.75366881595505,0.16405232876064235
3121.0,3.7757043563420747,49.83041340304534,188.1449089642048,302.14748870696013,18.168301946524878,0.7243068081177033,69.80173910756041,0.1681696677515211
3122.0,3.767289136241385,57.408737425593756,216.2753128287736,302.1492894342735,18.183195746601093,0.7241217919676882,69.85790885807197,0.17173694881132662
3123.0,3.7557362421650637,67.8718970710255,254.90894365414732,302.151928281611,18.200594695213727,0.7239056559600778,69.92335173587459,0.1766586053319658
3124.0,3.753386061650156,68.30373091731947,256.37027158376975,302.1551581023658,18.219521485961256,0.7236705405470651,69.99440840485752,0.17720237335589412
3125.0,3.7578305747376386,61.78223230689216,232.16716153838289,302.1581260094985,18.237587698131343,0.7234461155511633,70.06225653118001,0.17466491097676592
3126.0,3.7680288857611983,49.85920151353122,187.8709115239741,302.16027459587633,18.253092294538273,0.7232535118690897,70.12059408656816,0.16963037686740468
3127.0,3.7733372780752235,43.713680190312914,164.94645902396616,302.1616835961603,18.266088269469893,0.7230920711867094,70.16959636286167,0.16705908505449574
3128.0,3.7771744222810018,39.43775373567176,148.96327468259642,302.16271072370586,18.277636908756403,0.7229486098291129,70.21319469810216,0.1652428760551813
3129.0,3.777039983413042,39.439157558351674,148.96327501002096,302.1635888001002,18.288592032600384,0.7228125213341567,70.25457338560491,0.16530659635045164
3130.0,3.7768929052545026,39.440693381265746,148.96327501002082,302.1644670498102,18.29954758094387,0.7226764275659147,70.2959520731077,0.165352867802187
3131.0,3.7767390754309957,39.442299834547754,148.963275010002,302.16534570857374,18.31050356739831,0.7225403283553005,70.33733076061047,0.16539347981758273
3132.0,3.7788318164389882,37.17269038041306,140.4693451121404,302.16612918015795,18.321065591878604,0.7224091230822534,70.3772343554274,0.16439667856049076
3133.0,3.7834085456402664,32.492794976888675,122.93351818729774,302.16670698470296,18.33074087644726,0.7222889332118353,70.41381688883085,0.16228239919432008
3134.0,3.7839596757967904,32.150147963855844,121.65486346613079,302.167126499225,18.339719055431743,0.722177403038115,70.44778747887833,0.16209588160308663
3135.0,3.784531912977714,31.783290253813107,120.28487626498925,302.16751999007585,18.348598300443822,0.7220671018578406,70.48138873592615,0.16188345510039004
3136.0,3.7806406418157357,35.922852962114625,135.81139787854133,302.16804878421704,18.358125195631835,0.721948755333766,70.51742078238999,0.1637197103362476
3137.0,3.7807310680128725,35.80120697378355,135.35473547814257,302.1686718495708,18.36808686888297,0.7218250078399631,70.5550827354229,0.16364622313739424
3138.0,3.7785989777955304,37.92428412942504,143.30066124507272,302.1693790216545,18.3784182229946,0.7216966680373341,70.59412829901262,0.1646028504930067
3139.0,3.7784538230794698,37.92574104512598,143.30066124507823,302.1701337553353,18.388952949494232,0.7215658018696368,70.63393403824735,0.16461102727873428
3140.0,3.7760842443153475,40.17475236173342,151.70324941241236,302.1709864225994,18.3998901045326,0.7214299365896572,70.67524281314935,0.16564728199610368
3141.0,3.7756991450760484,40.29979772388517,152.15991181281092,302.1718996111292,18.41106713533898,0.7212910914864723,70.71744606646855,0.16573571883839586
3142.0,3.7686178656981886,47.209736276820344,177.91545556772502,302.1731207709786,18.423411167548597,0.7211377494714459,70.76400007489241,0.16890887875713412
3143.0,3.7674442816974394,47.75783589433912,179.9249857463726,302.1745871141878,18.4366209056327,0.7209736533461776,70.81377274561441,0.16925496773668486
3144.0,3.7662665697278626,48.3062727904426,181.93430031879862,302.1761013175434,18.449963549992273,0.7208079062112761,70.86403249884182,0.16961517109217022
3145.0,3.7672982845960625,46.595998896869546,175.54102671321667,302.1775805775877,18.463143138985394,0.720644184608877,70.91367701506262,0.16896240542263918
3146.0,3.770883523271146,42.41000058462633,159.9231724264871,302.17884268730296,18.475504366335667,0.720490628989619,70.96026690678288,0.16717363665435492
3147.0,3.772743846411591,40.234531702137716,151.79458189249215,302.17987495413854,18.486982698688326,0.7203480410100829,71.00356080088775,0.16625375515075672
3148.0,3.777110593798273,35.64207938696507,134.62407563750483,302.1806750383437,18.497520592997756,0.7202171354907111,71.04333970103882,0.16420398636820363
3149.0,3.788691896481666,24.010168259456908,90.96712991776569,302.18097980219414,18.50580423663148,0.7201142330853232,71.07467104667263,0.15888911256316732
3150.0,3.7990903960131193,14.256086336905918,54.16016068727312,302.18071147126705,18.510911704846762,0.7200507862751955,71.0940497165518,0.15429552020830078
3151.0,3.8078278490585773,6.619983635809177,25.20775804874624,302.18015053628767,18.513810578357315,0.7200147754241327,71.10507301243807,0.1505627814319498
3152.0,3.810479661074792,5.464873068379863,20.823787677416863,302.1794551587189,18.51544964151583,0.7199944143911077,71.11131690833295,0.14970846256703046
3153.0,3.8151297495014265,2.274255811661957,8.676581005048044,302.1787057413048,18.516432931918747,0.7199821996034939,71.11506607449802,0.14789048529903154
3154.0,3.8177462135628084,1.2200765925065513,4.6579427912985,302.177918717362,18.51688220758302,0.7199766185393414,71.11678077628781,0.14702218063097633
3155.0,3.8205041490233818,-3.8619557032317994e-06,-1.4754617787541601e-05,302.17711321589775,18.517009840661988,0.7199750330352548,71.11726817291502,0.14606435472684376
3156.0,3.8220513896563055,-5.129755953846496e-55,-1.9606190871996708e-54,302.1763012313324,18.517009840661988,0.7199750330352548,71.11726817291502,0.1456580027172241
3157.0,3.8235290930637085,-1.1858512052155679e-66,-4.5341365831863863e-66,302.1754894106138,18.517009840661988,0.7199750330352548,71.11726817291502,0.14525325475725168
3158.0,3.824943712848208,1.218538608804578e-82,4.660841590609873e-82,302.17467775359347,18.517009840661988,0.7199750330352548,71.11726817291502,0.14485378180712027
3159.0,3.8263001816804314,-3.928996479638712e-99,-1.503351994386338e-98,302.1738662602395,18.517009840661988,0.7199750330352548,71.11726817291502,0.14446058880751617
3160.0,3.8276026344895913,2.0162534246179872e-116,7.717416919866469e-116,302.17305493051964,18.517009840661988,0.7199750330352548,71.11726817291502,0.14407414939931762
3161.0,3.828854643323961,1.7326505453017655e-134,6.634067085636458e-134,302.1722437644021,18.517009840661988,0.7199750330352548,71.11726817291502,0.14369471616043178
3162.0,3.8182942524519037,12.007691604333125,45.84889983804015,302.1715230123756,18.518759131487574,0.71995330271444,71.12395347912793,0.14884782213894776
3163.0,3.8028660463982766,28.33976312978489,107.77232296922872,302.17117794162994,18.524455815873644,0.7198825364487745,71.14565388066183,0.1560858121540916
3164.0,3.788814420956435,42.40213559456422,160.6538228200351,302.1715410233492,18.534503435985872,0.7197577212921009,71.18378070609475,0.16242682254576335
3165.0,3.7963011098848103,33.657535567668155,127.7741396315261,302.1719931983299,18.544961216894468,0.719627810970255,71.22344385737809,0.1585290997993875
3166.0,3.8069375033899964,22.239710975535704,84.66518977732099,302.1719597907802,18.55272360733617,0.7195313837597991,71.25294909972519,0.15335527696933052
3167.0,3.8223146524217237,6.71434721659846,25.664347747451313,302.17140281355216,18.556417203738675,0.7194855005746748,71.26703672296853,0.14615867935829563
3168.0,3.8298108700455105,-9.565550328112515e-07,-3.663424862457271e-06,302.17063360568415,18.55734928853484,0.7194739218815547,71.27060122381047,0.14285378928074785
3169.0,3.831025507379244,3.1026821815548926e-65,1.1886454578827871e-64,302.1698229477398,18.55734928853484,0.7194739218815547,71.27060122381047,0.1425414833144945
3170.0,3.82466057110677,7.6893250986855355,29.40905852336424,302.16905904973527,18.558494134591143,0.7194597001914144,71.27498214009327,0.14575397845391003
3171.0,3.816344607056341,16.943804230069357,64.66339589644362,302.168446190889,18.561914688974447,0.7194172088326155,71.28804777690675,0.1497486847364955
3172.0,3.816553721365478,16.942875855399617,64.66339589655871,302.1679457934669,18.566621172997785,0.7193587431925741,71.30600983132241,0.1495920908758271
3173.0,3.824594904507942,8.95511312372305,34.24968002228338,302.16732443810474,18.57001772527498,0.7193165499965841,71.3189872784635,0.1457870767020031
3174.0,3.833955500597355,-2.8697096782215326e-14,-1.1002339205934911e-13,302.1665661488983,18.571260809813715,0.7193011079526246,71.32374415691714,0.14147364283082553
3175.0,3.835018417878198,-1.6799283878616155e-54,-6.442556308165724e-54,302.1657562909323,18.571260809813715,0.7193011079526246,71.32374415691714,0.14118800691826555
3176.0,3.836032512622996,5.079684063282745e-62,1.9485833220605496e-61,302.16494659654046,18.571260809813715,0.7193011079526246,71.32374415691714,0.1408854313073309
3177.0,3.837005655141742,-2.7724168173032397e-70,-1.0637779006402601e-69,302.16413706542824,18.571260809813715,0.7193011079526246,71.32374415691714,0.1405832253070393
3178.0,3.837942220282666,3.1767701473803923e-80,1.2192260272764794e-79,302.16332769756366,18.571260809813715,0.7193011079526246,71.32374415691714,0.1402846000110522
3179.0,3.8388453571331675,-1.7285703642397848e-87,-6.635714317239887e-87,302.16251849291257,18.571260809813715,0.7193011079526246,71.32374415691714,0.1399906380947061
3180.0,3.8397175463730155,2.2319107458659606e-94,8.569906852840013e-94,302.16170945144364,18.571260809813715,0.7193011079526246,71.32374415691714,0.1397017126523847
3181.0,3.840560858904622,-4.036339794142103e-101,-1.5501808626621299e-100,302.16090057312573,18.571260809813715,0.7193011079526246,71.32374415691714,0.13941791076027887
3182.0,3.8230438635589428,18.87309179259661,72.15265776407112,302.1602071556129,18.57398717733379,0.7192672400331206,71.33418268522828,0.1478188979683968
3183.0,3.8086885339943817,33.45214109510589,127.40878622649205,302.1599809104996,18.581548116419075,0.7191733153239865,71.36302192296364,0.15441346084120083
3184.0,3.8113042120045386,29.810689175979768,113.6176052191698,302.1599221699003,18.590246052473756,0.7190652664288975,71.3961626028891,0.15283685389367063
3185.0,3.8231773404429665,16.865744166918304,64.4807309286702,302.15957266549407,18.596727305011427,0.7189847539750133,71.42089752497222,0.14699653490416226
3186.0,3.8245032404531396,15.546448989925054,59.457444539507804,302.15900168004435,18.601228987742154,0.718928832450408,71.43811115659541,0.14636251671218808
3187.0,3.8149966861902396,25.424685509668947,96.99509096681604,302.1585746027391,18.607105688209444,0.7188558299601311,71.46055294586397,0.15082975889011477
3188.0,3.7992493415504005,41.251973258445325,156.72653223980313,302.15866168566856,18.616512177832764,0.718738979157357,71.49635429405114,0.1580760984296652
3189.0,3.7838443989292116,55.950684876213366,211.7086855851133,302.1596417182258,18.630147386548842,0.7185695976826231,71.54804115968737,0.1649176824598208
3190.0,3.779534493952268,58.38264764646086,220.65923062806002,302.16126867978915,18.646110429216048,0.7183712990159496,71.60839967872667,0.16637763418106755
3191.0,3.786889025137712,48.64616076624607,184.217612320782,302.16264166801216,18.660974280184206,0.7181866549045439,71.66462962338237,0.16240671358417713
3192.0,3.797965305782883,35.75898854888203,135.81139787854136,302.16328791035306,18.672696114725117,0.718041042053104,71.70907769822549,0.15689976408975811
3193.0,3.809050128672717,23.690024355286003,90.23649031876195,302.1632804999729,18.680951881315213,0.7179384859463949,71.74047310707473,0.15159170786753012
3194.0,3.817503621743258,15.024687116406374,57.356797482440605,302.16286376718483,18.68632827221141,0.7178716984818458,71.76097212418429,0.14767447970490286
3195.0,3.8209055547825934,11.999486552072176,45.8489048213516,302.16227225319335,18.690081537816713,0.7178250740643886,71.77530623498367,0.14621792553568083
3196.0,3.8274783067349296,5.846266347259192,22.376457619529013,302.16158092701727,18.692559720932802,0.717794289180959,71.7847818415877,0.14327064432052433
3197.0,3.8329462976195554,1.119928699865272,4.292626563746476,302.1608053228987,18.69352701580766,0.717782273095557,71.78848587207598,0.14090311078642798
3198.0,3.835101645374457,1.4039135036794659e-09,5.3841509879245384e-09,302.16000050128997,18.693682539871705,0.7177803411196061,71.78908206985896,0.14012623402379193
3199.0,3.8361673967002243,1.837040888976843e-49,7.047196364698163e-49,302.1591919899487,18.693682539871705,0.7177803411196061,71.78908206985896,0.13983793376129902
3200.0,3.837193963167821,-2.1755489929602446e-57,-8.348003462362883e-57,302.15838361912733,18.693682539871705,0.7177803411196061,71.78908206985896,0.1395452045731722
3201.0,3.8381798853612636,2.532198044774898e-69,9.719031601206133e-69,302.15757541132285,18.693682539871705,0.7177803411196061,71.78908206985896,0.1392512603632931
3202.0,3.8391296064969813,-1.8095023578764088e-77,-6.946914075149416e-77,302.156767366503,18.693682539871705,0.7177803411196061,71.78908206985896,0.13895759581173794
3203.0,3.840046608144144,2.422987232460288e-84,9.304383903585694e-84,302.1559594846307,18.693682539871705,0.7177803411196061,71.78908206985896,0.13866465168835487
3204.0,3.8409337544531414,-4.668651645843847e-91,-1.7931981694304845e-90,302.15515176567783,18.693682539871705,0.7177803411196061,71.78908206985896,0.13837250265189532
3205.0,3.8417934971898147,-1.9624425064446497e-105,-7.539298859867937e-105,302.15434420962276,18.693682539871705,0.7177803411196061,71.78908206985896,0.13808106550758106
3206.0,3.8426280034838673,-4.209070422360768e-120,-1.6173891873599156e-119,302.1535368164274,18.693682539871705,0.7177803411196061,71.78908206985896,0.13779017995244058
3207.0,3.8434392100433272,-4.2750368032201446e-135,-1.6430844073874583e-134,302.15272958606056,18.693682539871705,0.7177803411196061,71.78908206985896,0.13749964509216267
3208.0,3.8377318539281693,6.6873930948769615,25.6644214999486,302.1519423416851,18.694748460434383,0.7177670998703802,71.79317452775663,0.14028004606235767
3209.0,3.839475520506545,5.328455780217291,20.45847553024589,302.1511684312588,18.696367232015277,0.7177469909066425,71.79938864888902,0.13943856250640851
3210.0,3.8421073087095716,3.11406057778319,11.964554905665146,302.1503808877222,18.697539739938343,0.717732425590828,71.80389179107854,0.13820186595835593
3211.0,3.8441796648487014,1.5918288686799373,6.119276166898529,302.14958163077364,18.698193305812747,0.71772430676009,71.80640342732478,0.13725906211877487
3212.0,3.8456092166066203,0.8074919800388282,3.1052986007732466,302.1487773821296,18.698496815449325,0.7177205364540457,71.80757041341253,0.13663147425250008
3213.0,3.842788326468657,4.42070544171044,16.987835266161348,302.14798085834695,18.699350444887507,0.7177099323616458,71.8108513454083,0.13801144594258685
3214.0,3.8340057622532053,14.007150993827858,53.70349762308672,302.14724552390555,18.702013335800935,0.7176768529714169,71.82106981719673,0.14216062399519172
3215.0,3.8218637580383605,26.549974513128316,101.47038536856728,302.14674010964416,18.70779808804045,0.7176049926951497,71.84320714759014,0.14776312426044497
3216.0,3.81157638702518,36.54184462777543,139.28203212157177,302.1466073967232,18.716559854471495,0.7174961508761304,71.87664504932293,0.1523322372735506
3217.0,3.806625101187391,40.47624581003553,154.0778933023122,302.1468029374984,18.727256620214288,0.7173632717985803,71.91738955184157,0.1542771377420462
3218.0,3.811969056012146,33.543155842238406,127.86547211160584,302.1469482629213,18.73753667566813,0.7172355692463586,71.95654760985472,0.1513624391801894
3219.0,3.827088918394391,16.967829788272738,64.93739335190084,302.14663541433333,18.744550030402564,0.7171484468272973,71.98332528746396,0.14397795803789765
3220.0,3.843566552958848,0.0,0.0,302.1459209107151,18.74690417399918,0.7171192028074636,71.99234433797537,0.13618426138350717
3221.0,3.8445402767920016,-5.090364532732823e-60,-1.9570111469644835e-59,302.14511521543676,18.74690417399918,0.7171192028074636,71.99234433797537,0.13590396015981887
3222.0,3.8454683432850008,-5.426121483482923e-74,-2.0865978391552228e-73,302.14430968308864,18.74690417399918,0.7171192028074636,71.99234433797537,0.13557243104388714
3223.0,3.846365074944416,-4.9888995943446455e-89,-1.918912916209161e-88,302.14350431321856,18.74690417399918,0.7171192028074636,71.99234433797537,0.1352234562826246
3224.0,3.8390072383501845,8.493259859019078,32.60568607596331,302.14272374641786,18.748240928557152,0.7171025971607807,71.99747897110882,0.13875137675247862
3225.0,3.826384475235833,21.935733258505905,83.93454919326133,302.14211519726217,18.752752520713862,0.717046552537716,72.01476214956547,0.14463347199741192
3226.0,3.810219181926275,38.4005808477571,146.31462974323483,302.1419479760952,18.76113004685995,0.7169424838899385,72.04674127067379,0.15201830856006276
3227.0,3.814704670641524,32.51352821695614,124.02950794825756,302.14198035872505,18.770833179575813,0.7168219480798035,72.08373700549889,0.1494824373869353
3228.0,3.8294704129106587,16.361030269633712,62.654081342298,302.1416290392297,18.77761933217691,0.7167376480474917,72.10966467643757,0.14223078457778174
3229.0,3.8438766289414845,1.5919543636959252,6.119276172952179,302.1409129439253,18.780110899094783,0.7167066969056548,72.1192165043504,0.1353787144265351
3230.0,3.846365545953507,-2.727446090158847e-19,-1.0490754669632592e-18,302.14011057211445,18.780331974605478,0.7167039506260189,72.12006640372405,0.13430532535365464
3231.0,3.847371217634075,9.527077224644748e-51,3.665420270227533e-50,302.1393060483716,18.780331974605478,0.7167039506260189,72.12006640372405,0.133886981555132
3232.0,3.848351559575577,3.5297796110607015e-66,1.3583832871183525e-65,302.13850168740527,18.780331974605478,0.7167039506260189,72.12006640372405,0.1334445561412114
3233.0,3.849313560649927,1.4716151775552958e-82,5.66470825902185e-82,302.13769748867566,18.780331974605478,0.7167039506260189,72.12006640372405,0.13298615714324696
3234.0,3.850261479330993,-8.054766941002916e-91,-3.1012958877932265e-90,302.13689345214704,18.780331974605478,0.7167039506260189,72.12006640372405,0.1325143114059974
3235.0,3.851198213715217,3.200540065271738e-98,1.2325914182298502e-97,302.1360895777617,18.780331974605478,0.7167039506260189,72.12006640372405,0.1320301337679679
3236.0,3.8469023587680238,5.389394128618858,20.732472985714423,302.13529423191966,18.78123153672677,0.7166927759412823,72.12352788725232,0.13400147182358788
3237.0,3.8431922521130475,9.886133511086554,37.994311713163,302.1345282216356,18.783352987527607,0.716666422515185,72.13168439471879,0.13562416166263763
3238.0,3.8456049903248335,7.766195710062823,29.865720978456906,302.13377268969066,18.785804657821224,0.7166359669835872,72.14110938240569,0.13429561747263213
3239.0,3.8503699335156285,3.3445824482349753,12.877879698848039,302.13298894280047,18.787347610773704,0.7166167998661651,72.14704590169305,0.13188895257855987
3240.0,3.854354994681465,-1.6991229066613822e-07,-6.549022861867987e-07,302.1321878079063,18.787812013170104,0.7166110308922968,72.14883449120002,0.129896558111721
3241.0,3.8553013516491843,-1.9614254607594702e-58,-7.56188623002511e-58,302.1313849015538,18.787812013170104,0.7166110308922968,72.14883449120002,0.1293614548874355
3242.0,3.856237438158411,2.6871794770017196e-60,1.036240210226497e-59,302.130582138004,18.787812013170104,0.7166110308922968,72.14883449120002,0.12881151882240363
3243.0,3.856561021673956,0.6157414714258945,2.374644558129273,302.12977918177756,18.787920044648043,0.7166096888863597,72.14925111459813,0.1285373938383063
3244.0,3.8545916130035858,3.55415724231232,13.699824697513021,302.12897744254843,18.788587994185985,0.7166013913765716,72.15182614324826,0.12933284070911177
3245.0,3.8556998407361327,3.1267686506716292,12.055881388413333,302.1281767217451,18.78949938486294,0.7165900697532553,72.1553398110816,0.1286360506495784
3246.0,3.859440746923242,-4.619600759702379e-06,-1.7829075406512924e-05,302.1273741130489,18.78982451090033,0.7165860309204928,72.15659382135293,0.12670071374924316
3247.0,3.8603287389013414,-4.048673515585103e-53,-1.5629210726641901e-52,302.12657215735123,18.78982451090033,0.7165860309204928,72.15659382135293,0.12614688436254592
3248.0,3.8611974729796037,5.367511554073452e-54,2.072502204877724e-53,302.12577036456054,18.78982451090033,0.7165860309204928,72.15659382135293,0.12559259198818282
3249.0,3.8620470580189985,-2.306486604239531e-62,-8.907759804263512e-62,302.1249687334571,18.78982451090033,0.7165860309204928,72.15659382135293,0.12504416976962318
3250.0,3.8628767029358864,6.133211940848873e-71,2.3691841520473304e-70,302.1241672640722,18.78982451090033,0.7165860309204928,72.15659382135293,0.12450427551744984
3251.0,3.8636855191081105,-9.205187878065568e-80,-3.556595110515145e-79,302.12336595638135,18.78982451090033,0.7165860309204928,72.15659382135293,0.1239748783678909
3252.0,3.8644726684893547,6.948068156476045e-89,2.685061948950289e-88,302.1225648103604,18.78982451090033,0.7165860309204928,72.15659382135293,0.12345759268323774
3253.0,3.865237438416591,-2.2068554784761268e-98,-8.530020416580685e-98,302.1217638259863,18.78982451090033,0.7165860309204928,72.15659382135293,0.12295375249205612
3254.0,3.865979280196588,2.0899963471870983e-108,8.079882573911877e-108,302.12096300323645,18.78982451090033,0.7165860309204928,72.15659382135293,0.12246443365763904
3255.0,3.866697826707079,-2.0156575288505285e-119,-7.7939385861921e-119,302.12016234208915,18.78982451090033,0.7165860309204928,72.15659382135293,0.12199046615168638
3256.0,3.867392896033702,9.344982804328486e-126,3.614072011101709e-125,302.119361842512,18.78982451090033,0.7165860309204928,72.15659382135293,0.1215324468974075
3257.0,3.868064484819679,-3.799689778837353e-132,-1.4697445086853106e-131,302.1185615044651,18.78982451090033,0.7165860309204928,72.15659382135293,0.12109075714645198
3258.0,3.86871275465392,1.3143334980450656e-138,5.084778767755849e-138,302.1177613279232,18.78982451090033,0.7165860309204928,72.15659382135293,0.12066558294037447
3259.0,3.869338014730441,-3.8170117427148554e-145,-1.4769308638759078e-144,302.1169613128609,18.78982451090033,0.7165860309204928,72.15659382135293,0.12025693669702359
3260.0,3.8699407015208402,9.182822967370226e-152,3.553698035628642e-151,302.1161614592534,18.78982451090033,0.7165860309204928,72.15659382135293,0.1198646809115228
3261.0,3.870521304062895,-6.621665923617588e-152,-2.562929902574918e-151,302.1153617673614,18.78982451090033,0.7165860309204928,72.15659382135293,0.11948859284461846
3262.0,3.8710805199700955,3.3006978491186875e-152,1.2777267146030544e-151,302.1145622368119,18.78982451090033,0.7165860309204928,72.15659382135293,0.11912825231474275
3263.0,3.871619041088465,-1.063026497893597e-152,-4.115633630426437e-152,302.11376286758065,18.78982451090033,0.7165860309204928,72.15659382135293,0.11878321143911941
3264.0,3.87213760647833,1.851410853510087e-153,7.168917590918551e-153,302.1129636596455,18.78982451090033,0.7165860309204928,72.15659382135293,0.11845296022052736
3265.0,3.8726369866483834,-9.731718795220685e-155,-3.768741415003287e-154,302.11216461298574,18.78982451090033,0.7165860309204928,72.15659382135293,0.11813694356803342
3266.0,3.8731179697876432,-4.352373016016608e-156,-1.6857254139552766e-155,302.1113657275822,18.78982451090033,0.7165860309204928,72.15659382135293,0.11783457614604745
3267.0,3.8735813501178873,-5.199323658584094e-157,-2.014000315711805e-156,302.1105670034179,18.78982451090033,0.7165860309204928,72.15659382135293,0.11754525498833385
3268.0,3.8740279182593067,-9.004770975218821e-158,-3.4884734155528795e-157,302.10976844047775,18.78982451090033,0.7165860309204928,72.15659382135293,0.11726837000274132
3269.0,3.874458453443691,-1.8662899125222523e-158,-7.230862728148527e-158,302.1089700387495,18.78982451090033,0.7165860309204928,72.15659382135293,0.1170033125456486
3270.0,3.874873694681365,2.327800040493851e-166,9.019931143387839e-166,302.10817179843013,18.78982451090033,0.7165860309204928,72.15659382135293,0.1167494994828768
3271.0,3.8752744046100926,-2.1546320364699922e-174,-8.349790382285081e-174,302.1073737193297,18.78982451090033,0.7165860309204928,72.15659382135293,0.11650632639638223
3272.0,3.8756612990172217,1.1535930602299037e-182,4.470935978347881e-182,302.1065758014286,18.78982451090033,0.7165860309204928,72.15659382135293,0.1162732227902466
3273.0,3.876035065364925,-3.1777927209927974e-191,-1.23172360170295e-190,302.1057780447103,18.78982451090033,0.7165860309204928,72.15659382135293,0.11604963903193638
3274.0,3.8763963614738413,3.398578262500353e-200,1.3174236410940458e-199,302.10498044915886,18.78982451090033,0.7165860309204928,72.15659382135293,0.11583504822569224
3275.0,3.876745814702562,-5.3580849858551976e-210,-2.0771933543734772e-209,302.10418301475966,18.78982451090033,0.7165860309204928,72.15659382135293,0.11562894749494695
3276.0,3.8770840368905515,4.907703234020084e-215,1.90275778664154e-214,302.10338574127445,18.78982451090033,0.7165860309204928,72.15659382135293,0.1154308477555053
3277.0,3.877411607800295,-2.4682205545126485e-220,-9.570307028678624e-220,302.1025886284418,18.78982451090033,0.7165860309204928,72.15659382135293,0.11524028622871779
3278.0,3.8777290570324787,9.5340473051203e-226,3.697045226618719e-225,302.101791676283,18.78982451090033,0.7165860309204928,72.15659382135293,0.11505683940035225
3279.0,3.8765578342480462,1.53141303677474,5.93661120517871,302.10098975439524,18.790101916845412,0.7165825848839079,72.1576692582381,0.1155838693590551
3280.0,3.8756610410715218,2.6864842658078656,10.411902406443176,302.1001834162056,18.790687727396854,0.7165753077342005,72.15993988925158,0.11596989531933172
3281.0,3.8751579586652642,3.3467561651760276,12.969208789193923,302.0993744612963,18.79155106273488,0.7165645830716163,72.16328559914281,0.11616323560160996
3282.0,3.8750239813921197,3.5825679696478634,13.882536797352746,302.0985649613393,18.79252241120463,0.7165525166309983,72.16704964504636,0.11618120076169058
3283.0,3.8747879755511505,3.912779691819855,15.161191700844311,302.09775529796144,18.79356345828779,0.7165395843690957,72.17108360290781,0.11625069372252922
3284.0,3.874600259828479,4.17226239346937,16.165848953809014,302.0969455570205,18.79468639339846,0.7165256348646154,72.17543463227334,0.11629838304874189
3285.0,3.8733017167621315,5.56488155971267,21.55446529881301,302.0961360998362,18.796099660933955,0.716508078746162,72.18090921957157,0.11687595377155012
3286.0,3.8712550049924284,7.6675538023818826,29.683056033519588,302.09532949339086,18.797937472812674,0.7164852487849357,72.18802559740983,0.117802344737818
3287.0,3.868110679313168,10.790524584632932,41.73894338120993,302.09453494018277,18.800501014017186,0.7164534035525815,72.19794538422738,0.11923794829802586
3288.0,3.863875271759461,14.868008173987834,57.44812912378912,302.09377206760144,18.804064545146193,0.7164091360851403,72.21172143900482,0.12117232513355665
3289.0,3.858209791765031,20.168751111981834,77.81527302792017,302.09308746515836,18.809092709685018,0.7163466744138507,72.23113150782439,0.12375688248767532
3290.0,3.8521084685300973,25.653934448195145,98.8217381390085,302.0925085441857,18.815456656367587,0.7162676191755579,72.25566453528329,0.12651648735660104
3291.0,3.845416637723188,31.422569393419703,120.83287114546755,302.0921130848011,18.82352933778871,0.7161673374187738,72.2867287023485,0.12951954138527516
3292.0,3.8408582994269667,34.670051737159014,133.16275595622952,302.0918708184909,18.83270876476623,0.7160533072699846,72.32200599079285,0.13147865943468767
3293.0,3.836659275408845,37.397985045192165,143.4833262052378,302.0917682252744,18.84271819692551,0.7159289664978197,72.36042937129608,0.1332621239190221
3294.0,3.8338202535410724,38.59299808993403,147.958617722061,302.09177457804407,18.853272521521703,0.7157978568755068,72.40090761624704,0.1343969074059596
3295.0,3.832766058239882,37.91256063379797,145.3099755781824,302.09181821154755,18.863898231204686,0.7156658604819293,72.44163902279416,0.1346973193921484
3296.0,3.8316158601753294,37.44721063939636,143.48332620523743,302.0918601883145,18.87436479018653,0.7155358411156952,72.48174882319114,0.135066571864143
3297.0,3.8323737494488936,35.08045390841084,134.44141067734554,302.0918607085244,18.88443745676895,0.715410714822746,72.52034704449919,0.13455035677767502
3298.0,3.8341195530871843,31.896290377375536,122.29419060684215,302.0917604723985,18.893739603284303,0.7152951602076484,72.55600413079496,0.1336009149781316
3299.0,3.836823470755067,27.969924837993666,107.31566409366921,302.09153362541315,18.902054195643835,0.7151918733460393,72.58789396677206,0.13223365353721622
3300.0,3.8403794594669085,23.449199669942935,90.05382475338706,302.0911675960221,18.90919556049653,0.7151031607391735,72.61530613447378,0.13050061302700855
3301.0,3.83928518832111,24.07439544263016,92.4284698406752,302.0907482386961,18.91582422579063,0.7150208170709238,72.64075791183511,0.13098992069736712
3302.0,3.840948154416005,21.82878116092015,83.84321671318712,302.0902960188965,18.922104397791987,0.7149428025119007,72.66487591547838,0.1301668780181477
3303.0,3.8387577693929082,23.720820147992832,91.05848263947932,302.08985196964073,18.92843074082922,0.714864214399637,72.68916801915258,0.13117305472692978
3304.0,3.839147688223774,22.814399294052222,87.5878483079747,302.08942663736934,18.934893931320328,0.7147839263190021,72.71397986125932,0.1309372994425335
3305.0,3.8397225481152155,21.78817625094142,83.66055163304821,302.0889763639199,18.94108859472927,0.7147069739785183,72.73776382175735,0.13062690580129993
3306.0,3.8390125869827494,22.172855520953693,85.12187143429118,302.0885199925441,18.947194332094778,0.7146311263093816,72.76120598535489,0.13092910996322588
3307.0,3.8368332346548506,24.065976213352005,92.33713735980207,302.0881015492171,18.95361738956237,0.7145513367756227,72.78585706392008,0.1319138827848992
3308.0,3.8344277309202663,26.081875182361536,100.00906547364815,302.087750150297,18.960582401139344,0.7144648148926789,72.81257215035798,0.13298453930380305
3309.0,3.830292163382978,29.782132085120793,114.07426713447492,302.0875065037241,18.9683412919906,0.7143684311553962,72.84230657634633,0.13485074616450637
3310.0,3.822605778506123,36.96205020088321,141.29134668332958,302.08749699372373,18.97761087625259,0.7142532810403405,72.87777453525811,0.13834813125829326
3311.0,3.813830355398684,44.85404940656575,171.0657351893128,302.0878773035203,18.98897370561601,0.7141121278805465,72.92115772549737,0.14228608894472827
3312.0,3.803747195631655,53.66498830930827,204.12804878513688,302.0887845643931,19.0026561188195,0.7139421600146646,72.97326830358344,0.1467658382868357
3313.0,3.7938014683696353,61.798298703645976,234.45047636463744,302.0904044841429,19.018932015546458,0.7137399749621558,73.03507802032837,0.15109993905366148
3314.0,3.787765375173017,65.44131592464672,247.8763505651354,302.0924829502292,19.03660399425349,0.7135204472763541,73.10206806346237,0.15355900601471595
3315.0,3.7868765422844968,63.55134163057058,240.6610848515159,302.0947013220763,19.05451963148499,0.713297892776584,73.16992010327512,0.15362772032845456
3316.0,3.792504353629438,55.10045472259308,208.96871442239598,302.0965486352132,19.070997971860557,0.7130931928961421,73.23236541700818,0.1507319076394668
3317.0,3.7943572128047705,51.27039190932818,194.53818134448673,302.097954805261,19.08577166568281,0.7129096687492819,73.28840786294619,0.1496974306592788
3318.0,3.7990322533011094,44.836437306146735,170.33507144916456,302.0990240837617,19.099119394038773,0.7127438584591457,73.33908366482785,0.14738748044568212
3319.0,3.7989471790118703,43.827698398109014,166.4991111920793,302.0998557740841,19.11139781154855,0.7125913315335584,73.38572903384097,0.14734359838423283
3320.0,3.8030737499528526,38.54477724229365,146.5886305279471,302.10051222092227,19.12283696137953,0.712449230293422,73.4292083711878,0.1453446750750025
3321.0,3.8039928649455006,36.950828165102045,140.56068669387543,302.1009734993481,19.133322442769824,0.7123189758662133,73.46909012655574,0.14488060517704815
3322.0,3.81114489280867,29.04506086334531,110.69493537065546,302.10118748339374,19.142487210263763,0.7122051278228103,73.50398329543141,0.1415312694498716
3323.0,3.81724348285356,22.777829435910917,86.94852096778094,302.101049925225,19.14957480575528,0.7121170831583195,73.53101837366737,0.13874779229139114
3324.0,3.831807956133404,8.175521506726781,31.327028355015436,302.1005673187527,19.15387189321321,0.712063703189898,73.54744527130951,0.13207321972963817
3325.0,3.841025453935065,0.0,0.0,302.09981136827537,19.154790040608372,0.7120522976321941,73.55096653293066,0.12799741567365636
3326.0,3.842664775608589,3.6629022839171596e-56,1.407530558290472e-55,302.099014970038,19.154790040608372,0.7120522976321941,73.55096653293066,0.12745996985340424
3327.0,3.8442101092981487,-1.4184497023797582e-74,-5.452818685419217e-74,302.09821873254947,19.154790040608372,0.7120522976321941,73.55096653293066,0.12691036264206534
3328.0,3.845674928065327,1.457729474665649e-92,5.6059536926235266e-92,302.0974226556256,19.154790040608372,0.7120522976321941,73.55096653293066,0.12636910128862386
3329.0,3.847067720667045,-5.687321449650088e-112,-2.187951076600616e-111,302.09662673923185,19.154790040608372,0.7120522976321941,73.55096653293066,0.12584084048652164
3330.0,3.848394878998004,6.294243452852461e-117,2.4222734271124125e-116,302.0958309833378,19.154790040608372,0.7120522976321941,73.55096653293066,0.12532717540964797
3331.0,3.8425039899585967,7.368389892890439,28.31306756300211,302.0950697995658,19.155897969415612,0.7120385345414209,73.55522578480992,0.12816973166034035
3332.0,3.8356073341687895,15.239512848540095,58.452787251019885,302.09442873076995,19.159212997993293,0.7119973540621951,73.56794938996813,0.13139708988046309
3333.0,3.826388362597539,25.03869511525571,95.8077716036423,302.0939980373604,19.164806316827264,0.7119278718406551,73.5893745250822,0.1356459957011141
3334.0,3.8159912740391175,35.4464654880855,135.263402998063,302.0939450019087,19.173206175134336,0.7118235257747287,73.62146784353256,0.14035987673636716
3335.0,3.8008269165713733,50.19790563373894,190.79355088822476,302.09455684026636,19.185099055808053,0.711675788126608,73.6667537580145,0.1472053631567649
3336.0,3.7864835174532447,63.24436939924263,239.47376230195658,302.096146983889,19.200853063369554,0.7114800861693222,73.72651330136996,0.1535255035730202
3337.0,3.7732775363324054,74.3822071550793,280.66471136108424,302.09882419566424,19.21996652337968,0.7112426518834822,73.79875506457907,0.15920573833277732
3338.0,3.758081200407573,87.05318217339959,327.15292736150866,302.1027955150535,19.24238626338589,0.7109641457964485,73.8831747419704,0.16570715999203195
3339.0,3.7463443477560885,95.34663564218756,357.2013295156686,302.1082297295946,19.267977989342448,0.7106462361572367,73.97916468253364,0.17049397398901148
3340.0,3.73161310508426,106.51665707722935,397.47895345915515,302.1149600183041,19.2960130947046,0.7102979739788249,74.08398233814194,0.17658066547634
3341.0,3.721564247759189,112.10521629633783,417.2067649557617,302.1230682837601,19.32637669750626,0.7099207863663819,74.1971334694144,0.1804149837970495
3342.0,3.7158126380963576,112.89322734661472,419.4900809300363,302.13187431025864,19.35762653850205,0.7095325895838254,74.31334143808198,0.18226768394850773
3343.0,3.7180206055501204,105.33391567609665,391.6336689470062,302.14038059657,19.387935777679015,0.7091560772959128,74.42599630059446,0.1805533423483885
3344.0,3.730133888941043,88.14614653321192,328.7969283630968,302.1472783775925,19.414806463211985,0.7088222799600995,74.52605428873879,0.17450845130714449
3345.0,3.7388756115491097,76.04372011896754,284.3180105642741,302.15235699313075,19.437609991897133,0.7085390063118369,74.61120877590342,0.17023083002992512
3346.0,3.745037056492323,67.62682125383715,253.26495160840275,302.1562918641754,19.457563883510073,0.7082911318818624,74.68587272299507,0.16724750462434484
3347.0,3.7476590999970214,63.53400044372617,238.1037749221452,302.1595596075126,19.475702646207708,0.7080658056371713,74.75382941869621,0.16593633285220746
3348.0,3.743377310818628,66.82726350084846,250.15966193317396,302.16283991776487,19.493808360229863,0.7078408899350327,74.82164446708259,0.16775352131159782
3349.0,3.741198224888385,67.74504235973225,253.44763222121875,302.16637088377854,19.512499009005463,0.707608707962665,74.89159020498063,0.16854946409389787
3350.0,3.733892623720742,73.91930690440545,276.0067548009092,302.17032860704944,19.532176012448396,0.707364273137287,74.96513244346133,0.17163341790456765
3351.0,3.730880510023582,75.27643271713563,280.8473756884629,302.17475752272713,19.55289764234804,0.7071068615857385,75.04247346456094,0.1726985917095155
3352.0,3.725242190723058,79.31311747682706,295.4605715024505,302.1795599846832,19.57436884924842,0.7068401385186531,75.12251891580945,0.17493793985876038
3353.0,3.7243641697337617,78.20375925239527,291.2592788981061,302.1845960415769,19.596246182103094,0.7065683704086572,75.20400749245337,0.17499821645695934
3354.0,3.718540544628387,82.3542998186594,306.2378029001672,302.1898810513909,19.618546378250915,0.7062913493384979,75.28699605886665,0.17730149061912676
3355.0,3.7122372662443035,86.77507233883746,322.12965731727763,302.1957845243808,19.642036509912995,0.7059995464607081,75.37427040873297,0.1797564603730703
3356.0,3.7027026338758304,94.32444974351328,349.255388504195,302.20258576235074,19.66718880268652,0.7056870956188009,75.46752005588185,0.18359119989494666
3357.0,3.6948896386694674,99.64065593415668,368.1612272013449,302.2104167727321,19.694128124310843,0.7053524456607349,75.56716187323458,0.18655589093305047
3358.0,3.680941721446005,111.13410892180818,409.07817820600843,302.2196818424438,19.723401078846422,0.7049888064739575,75.67511379560912,0.19217070390932814
3359.0,3.670893673747178,117.83251276139498,432.55062565753843,302.23061828622633,19.75520128998034,0.7045937727952752,75.79200714308627,0.19588771734504765
3360.0,3.6629041559237283,122.00423393454633,446.88981551914054,302.2427072630199,19.7885117039905,0.7041799788324161,75.91415215092238,0.19862434207912497
3361.0,3.6546640432134128,126.27782330714231,461.50302029586965,302.25578696226955,19.82299507072074,0.7037516140283138,76.04031845120568,0.2014316065144279
3362.0,3.646134942210849,130.6812699295898,476.48154458276525,302.2699261788406,19.8586835453031,0.7033082789403341,76.17059468916398,0.20431291097779497
3363.0,3.634306659759471,138.41960005023117,503.05927430379757,302.2855311245903,19.896057836882914,0.7028440020262992,76.30664302931841,0.2085686641992393
3364.0,3.6245697632768414,143.45308819300655,519.9557259130576,302.30289817416343,19.935355066287737,0.7023558376858665,76.44922850281334,0.2117840106728674
3365.0,3.6144744914287945,148.6295307415487,537.2176475383596,302.3217016729626,19.97607098311557,0.7018500498991854,76.59655730763117,0.21508227901267896
3366.0,3.6008461817517303,157.3846841241514,566.7180388946528,302.34228927685166,20.018571816755298,0.7013220892328534,76.74988251750443,0.2198181111202716
3367.0,3.5956956571236014,156.39089997416798,562.3340798507674,302.36417579206847,20.062151988016474,0.700780720645758,76.90669522417546,0.22075033036366065
3368.0,3.588212506951209,158.16789839395312,567.5400312153706,302.38655852361114,20.105840632241765,0.7002380045684252,77.06362232444006,0.22274615201507422
3369.0,3.580978975324285,159.66062054954483,571.7413253751486,302.40974115035044,20.14998342685557,0.6996896468713594,77.22185595698693,0.22461058635366798
3370.0,3.574037339629508,160.8395702103488,574.8466296217485,302.4336613655668,20.19449731505249,0.699136679316118,77.38110436561506,0.2263339477686237
3371.0,3.5674093316431676,161.70164134035883,576.8559442596127,302.458247615924,20.239294707307852,0.698580189971331,77.54106310934758,0.22791349972498026
3372.0,3.5611187701653875,162.24375154931056,577.7692689842995,302.4834223373286,20.284287153734553,0.6980212775933595,77.70142774660206,0.22934596499640791
3373.0,3.562278594217679,154.90951368525614,551.8308446416586,302.5081181860581,20.328336554606192,0.6974740800670038,77.85831594792661,0.22765911293968966
3374.0,3.5617780085632544,150.21308653839944,535.0256682308801,302.53161948975867,20.3707149535099,0.6969476403290695,78.00926776956128,0.2268945418613575
3375.0,3.562518733786135,144.79807000808987,515.8458370198964,302.55413634305086,20.411688930443013,0.6964386468267949,78.15522142243717,0.22574404316045438
3376.0,3.5682587585575387,134.86433094992717,481.2308301290802,302.574998071601,20.450530712806394,0.6959561402135852,78.29370276317951,0.22267756186023144
3377.0,3.5723628444562023,127.72975386165864,456.29702682692545,302.59398127258254,20.487002072345323,0.695503079846642,78.42391410580112,0.220569130703664
3378.0,3.577839121360637,119.97818556337288,429.26264601850147,302.61135000450827,20.521405588679997,0.6950757069729192,78.54690694329865,0.2180723486939335
3379.0,3.5772371313584217,119.1303054108755,426.1573519858529,302.6278060822944,20.55461509880719,0.6946631664744448,78.66571510858655,0.2182578334703245
3380.0,3.584147144678774,110.82271799828672,397.20492827910033,302.64329421176086,20.586549360327915,0.6942664675735662,78.78005851897163,0.2153431799535208
3381.0,3.5812305208079573,113.10624840656493,405.0595488876767,302.658139341537,20.617650502352426,0.6938801179831997,78.89148449815862,0.21665876468951262
3382.0,3.588905651189969,104.61902860425127,375.4678229798024,302.6722569822115,20.64779136711675,0.6935056973028975,78.99954773419883,0.21353290161320282
3383.0,3.5941604109931697,99.28215452142571,356.83598929901484,302.68500491966586,20.676110718731724,0.6931539041151338,79.10125587187547,0.211598270707468
3384.0,3.600056802159488,93.74116370728969,337.47351404677437,302.6966337298531,20.70291899308891,0.6928208820734296,79.19768632731532,0.20948704510354027
3385.0,3.6065541179290017,88.02632258750847,317.47169621412536,302.70713268434145,20.728163963411642,0.6925072799576193,79.28864977853257,0.20721331986188657
3386.0,3.6136320853401336,82.1418873891876,296.83055981996444,302.71650314327934,20.751797923717927,0.6922136903885971,79.373968575442,0.20477779242173783
3387.0,3.6176220446219247,79.62762215717454,288.06264127661984,302.72505493796365,20.77426574490134,0.6919345870198591,79.45520341053177,0.2036720945737075
3388.0,3.6180348178775024,80.65352837756441,291.80727385469925,302.73339418771036,20.796527014365694,0.6916580495109852,79.53574120155436,0.20400860168112192
3389.0,3.6144714287592796,85.3571847223806,308.52110541837277,302.7421448668316,20.819584281265097,0.6913716238352161,79.6191221703691,0.2058841503946337
3390.0,3.6134700132807556,87.07430581792929,314.6403930003255,302.75138702517313,20.843533095965064,0.6910741230314899,79.7056727693583,0.20654281119521545
3391.0,3.608549076138064,92.4575320324397,333.63754179766573,302.7612077689169,20.868468637671512,0.6907643647494222,79.79571509087995,0.20875591349091116
3392.0,3.6096011879969327,91.44378172799419,330.0755831603,302.7713835870616,20.894010434087242,0.6904470753529535,79.88789722669289,0.2083492865383174
3393.0,3.6037990722539206,97.2932680948045,350.62538929660843,302.7819748791619,20.920226303170217,0.6901214123829786,79.98244940400953,0.2108046243368387
3394.0,3.60388319353722,96.78414165198983,348.7987415005318,302.7930414141907,20.94718148614919,0.689786565389451,80.07959152095651,0.21066315418108
3395.0,3.610891850726303,89.48877259968876,323.1342797117154,302.8032637077653,20.972880568636192,0.6894673221287428,80.17231068030623,0.20769649712538646
3396.0,3.612066488510083,88.52411849028468,319.7550018236531,302.81279747139786,20.997567542891492,0.6891606516410994,80.2614710843867,0.20730407896580233
3397.0,3.6235623044912955,77.4554670873274,280.6647108144058,302.821222855833,21.02051125854132,0.6888756365398594,80.34448178646628,0.20263830848856573
3398.0,3.6296820939272387,72.49364221514762,263.12887507188907,302.8283472185876,21.04133727048018,0.6886169283170163,80.42000843323197,0.2004259422309538
3399.0,3.6362152993482435,67.41525282129332,245.13637371821662,302.83463322335473,21.060768629662768,0.6883755449731332,80.49060007240531,0.19808556242376918
3400.0,3.643171007040861,62.19742896432818,226.5958699153239,302.840096991369,21.078769957542654,0.6881519259932589,80.55611778988805,0.1956168100118889
3401.0,3.6471921433150296,60.10046731239379,219.1979521913244,302.8449186676,21.095660654343217,0.6879421036727551,80.61769822778105,0.19441208772646906
3402.0,3.644670808478872,64.4021054682962,234.72447380487668,302.84987757100293,21.112952719017922,0.6877272954159264,80.68074403204207,0.19591544980016184
3403.0,3.6413736743718803,69.05040169240388,251.438314927523,302.8553938847671,21.131487707199128,0.6874970471155387,80.74826735350946,0.19759157784452777
3404.0,3.640469854253052,70.92406515276443,258.19692112971825,302.8613215195497,21.15092860759217,0.6872555452473021,80.81905033989472,0.19813455632025462
3405.0,3.632830689930899,79.29426458273477,288.0626379116596,302.86796417883056,21.171792624885555,0.686996364908254,80.89492400411535,0.2014614902297721
3406.0,3.6333966333277616,78.85458676824322,286.5099900861868,302.8751769640693,21.193757740399626,0.6867235063304393,80.97472572037687,0.2011350241286866
3407.0,3.627647862640713,84.71985353663253,307.33379560539925,302.8828506164411,21.216578578981967,0.6864400176523979,81.05756902190072,0.20349588536962815
3408.0,3.627340329810013,84.72703623066982,307.3337955447828,302.89092334721704,21.24011287535467,0.6861476661446624,81.14293952066303,0.20343763734032033
3409.0,3.620720862881893,91.06204638614028,329.7102511670168,302.89957230717425,21.264630248790965,0.6858431024994911,81.23178161684541,0.20605852356322166
3410.0,3.6226426381580406,88.36652535071015,320.120342521356,302.9084683641608,21.28955080506253,0.685533530371894,81.3220353672115,0.2049422231154527
3411.0,3.6155873162554832,94.9551932887635,343.3187924674411,302.9177039197124,21.31501286771482,0.6852172314569587,81.41418458013779,0.20771232685334956
3412.0,3.610712177898982,98.87763045823236,357.0186644173349,302.9278694265337,21.34193398434201,0.6848828076479253,81.51145437796485,0.20940832504653278
3413.0,3.6021486025625107,106.3135099705144,382.957061373804,302.9391027347996,21.37043281114482,0.6845287849547227,81.61423189119934,0.21260010717876704
3414.0,3.5956645283654045,111.1281647017755,399.5795999205226,302.95154920599896,21.400632807750437,0.6841536297173858,81.72291831450895,0.21476209936398633
3415.0,3.5854058989849493,119.54666814367809,428.62332916633954,302.96538962020526,21.43267060600529,0.683755644645897,81.83794898066809,0.21844484532766828
3416.0,3.5738997460881365,128.72260174343168,460.0416736866548,302.98117465158316,21.46715145443903,0.6833273111249809,81.96137590516378,0.22248174931368891
3417.0,3.5643113230284653,135.29555953916395,482.23549482091397,302.9988437614399,21.503820087701683,0.682871800152774,82.09224848340676,0.22552718469823202
3418.0,3.5538841252027047,142.34864722369073,505.89059761235455,303.01827916676757,21.54238106573088,0.6823927817921629,82.2294892018113,0.2288164324239204
3419.0,3.5524751641507484,139.44850997714298,495.38736837162827,303.03844327391425,21.581519777996416,0.6819065866087402,82.36855521738515,0.2281910613014546
3420.0,3.5487745272450795,139.36229988631547,494.56537989484616,303.0584909480381,21.62024359356535,0.6814255454215484,82.50604861048144,0.2286844220433147
3421.0,3.5489045902641383,135.41967497551727,480.5915061326909,303.0782801626309,21.65840785293343,0.6809514552430629,82.64148618198774,0.22762118144512572
3422.0,3.5501801476567265,130.79176534402941,464.3343288013503,303.09725082278754,21.695381670522956,0.6804921531612055,82.77272481737926,0.22623774735376723
3423.0,3.5596199931223076,118.38568835382056,421.4080631638064,303.1144213252463,21.72998840325655,0.680062255860167,82.89574134798414,0.2216250445579055
3424.0,3.568058373831073,108.32755949518292,386.51905577347117,303.12920978651977,21.76147586286377,0.6796711072936177,83.00795259790752,0.21780763801000486
3425.0,3.5783026648265444,97.47603100462247,348.7987415005554,303.14186148781977,21.790058874630148,0.6793160388244701,83.11007887222364,0.21350216094554558
3426.0,3.6009892080047683,75.50613942206296,271.8967931969521,303.1513993323005,21.814079831012947,0.6790176418507707,83.19628487738616,0.20431914892673947
3427.0,3.619630789505762,59.42263233921807,215.08798960851453,303.15767654913714,21.83281736294455,0.6787848774789497,83.26392142523368,0.19730962647879496
3428.0,3.6398317533692657,42.983452158561754,156.45253403616178,303.16155322506216,21.847037363215314,0.6786082315128532,83.31552401793411,0.18988105324112867
3429.0,3.6509189369157897,36.17356848433229,132.06676619526897,303.16382064132466,21.857835459996352,0.6784740936646416,83.35489737747449,0.1864146319303782
3430.0,3.655337547596884,35.830008782751115,130.9707764343163,303.1656999517307,21.86783588921743,0.6783498647302182,83.3914303613109,0.18567708789064802
3431.0,3.6461249246197913,48.34493885922947,176.27168655385648,303.16816753632946,21.879526132574252,0.6782046443158478,83.43410437915932,0.19052136669405173
3432.0,3.6384463865494663,58.387375731623806,212.43933625083264,303.171879605452,21.894349134933297,0.6780205076405801,83.48809219623956,0.19434904351972088
3433.0,3.622967478676815,75.3758119678441,273.08411543835786,303.1773322741853,21.912924944613803,0.6777897522408223,83.55552661163891,0.2012388997608108
3434.0,3.6177727304677227,80.98756281190347,292.9945962479462,303.1843908885889,21.934641686809748,0.6775199790458416,83.63414878334476,0.2033694867609041
3435.0,3.6148459097275167,83.93345289553909,303.4064988887467,303.19210028183926,21.9575473640334,0.6772354364716348,83.71698280210244,0.2044532848647625
3436.0,3.6178077281323087,80.78481731713278,292.2639364056797,303.19978220028867,21.98042441932465,0.6769512494493832,83.79971304915242,0.2029931477582313
3437.0,3.624387614580876,74.28789888905143,269.24814064671443,303.20669674256914,22.001961234489205,0.6766837113728048,83.87769784146529,0.2000902509883533
3438.0,3.6286933636720615,70.52500267600432,255.91360918337125,303.21281277334003,22.022073946071526,0.6764338640239562,83.95063652052781,0.19830483588418527
3439.0,3.6334106093902645,66.58750296646849,241.93973973117232,303.2183392999933,22.041116963539135,0.676197304800756,84.01978180676912,0.19639975065891688
3440.0,3.6322931120205317,68.64469967971175,249.33766982333498,303.2236915691989,22.059899237951065,0.6759639846217258,84.08801521572936,0.19704758235409087
3441.0,3.627682044720833,73.96867227414735,268.33482428076405,303.22952756602194,22.07970702776771,0.675717925120898,84.15991686823332,0.19911059356083813
3442.0,3.6191960588346115,82.77267363004728,299.5705341810707,303.2363804309348,22.101476115576435,0.6754475016698579,84.23879409462359,0.20270157503517341
3443.0,3.6063493216532607,95.40103346127157,344.04945230807675,303.24493103328507,22.126220961630274,0.6751401122778847,84.32818685478951,0.20796857239279415
3444.0,3.5977797923362678,102.86321714198087,370.07920400811633,303.25522373162846,22.15375690819069,0.6747980508299293,84.42737180771024,0.2111303045476956
3445.0,3.5850436301836957,114.15783926355674,409.2608344873483,303.2673095725628,22.18389745311725,0.674423634122767,84.53561520181205,0.21595953460297862
3446.0,3.576875501137334,120.01051087351611,429.2626562224554,303.2811689625112,22.21642035696309,0.6740196228948684,84.65207728736941,0.2186057028280049
3447.0,3.564846272832187,129.56192443557143,461.86834342511224,303.29676200440866,22.251082183066284,0.6735890412041454,84.7758472967416,0.22283132974940675
3448.0,3.554603758281449,136.64142677182087,485.70612914005386,303.3143421581595,22.28805425587672,0.6731297607965625,84.90745560485041,0.2261072840490046
3449.0,3.546696112977364,140.8345426885639,499.4973251264742,303.33342301237013,22.32659229350792,0.6726510274098394,85.04428993261516,0.22827685704811274
3450.0,3.5384912394078887,145.13601962731855,513.562533973798,303.3537528406559,22.366310114057452,0.67215763833469,85.18499330972338,0.23053512606315674
3451.0,3.536572112853487,142.58061366401768,504.24662211770175,303.3745601243859,22.406270970928173,0.6716612301748053,85.32635531881193,0.230075393398689
3452.0,3.5323434904350703,142.8288673894497,504.52061996933656,303.3953486357389,22.445911251825184,0.6711688043251529,85.4664618939809,0.2307378589369617
3453.0,3.5284993984181448,142.7773972870272,503.789960434984,303.41640677404666,22.485578878953714,0.6706760387707613,85.60650498952332,0.23127382507324998
3454.0,3.528554799907372,138.78904642733886,489.72475594575366,303.4372081198933,22.524685457385175,0.6701902427654015,85.74449231434511,0.23021223625443582
3455.0,3.522749263627684,141.3770820601091,498.03601172107994,303.4580495579968,22.563597319971397,0.6697068655904174,85.88168182580657,0.23177585751869176
3456.0,3.516794646336929,143.97976584773798,506.3472697141695,303.47973926192475,22.60323012488548,0.6692145326101182,86.02118004666504,0.23334408010380855
3457.0,3.51064050886669,146.65163999701048,514.8411880652395,303.50231406577177,22.643595480430434,0.6687130996219821,86.16301229618796,0.23495232695848506
3458.0,3.504331684768826,149.33949086504805,523.3351096256325,303.52581248517447,22.684705222564,0.6682024195954782,86.3072039307978,0.23658200499496373
3459.0,3.4978125733682544,152.0983987033848,532.011691373877,303.5502749767907,22.726571440998885,0.66768234234784,86.45378033346765,0.23825593044131982
3460.0,3.491099087642771,154.90239638480745,540.7796146926802,303.57574763829473,22.769210256467794,0.667152667621518,86.60277955599732,0.23996405457440811
3461.0,3.4878486718044246,153.92075994839323,536.852318149131,303.60175033700915,22.812102520812438,0.6666198444619573,86.75245047928838,0.2401813253178568
3462.0,3.4777819586723755,160.2751784833835,557.4021241525061,303.62877828438707,22.855740085583914,0.666077762912001,86.90443133784778,0.24330969253394225
3463.0,3.47415780964077,159.3382315998771,553.5661616870627,303.6568709065825,22.900130998240126,0.6655263230032282,87.05873235793311,0.24357466615552076
3464.0,3.4711300100522067,158.00374561108902,548.4515430913057,303.68495909514303,22.94420646106809,0.6649788017258622,87.21179014375508,0.2436809768181914
3465.0,3.464889923712193,160.26525842137013,555.301479025336,303.7134780599396,22.988410334249792,0.6644296852888224,87.36508951500728,0.24519623809314067
3466.0,3.4661633223602126,154.59388661567365,535.8476596483614,303.741805313248,23.03214107056171,0.663886446328426,87.51663711742354,0.2435593980837177
3467.0,3.461198216812408,156.10864162717013,540.3229520289685,303.7697971851016,23.075294125403765,0.6633503835353569,87.66610548808609,0.24473770848725923
3468.0,3.4600088293169553,153.65462715453964,531.646366620112,303.79789498851716,23.11831698183048,0.662815938113907,87.81498955295258,0.24431797135817002
3469.0,3.455615914399376,154.85430498255067,535.1170007109567,303.8260366928218,23.161165434682566,0.6622836591964898,87.96315140060126,0.24533068307258415
3470.0,3.455135092211737,151.99456647647477,525.1617604583777,303.85415359104303,23.203783447605595,0.661754242886887,88.11041154174461,0.2447101738526674
3471.0,3.455419423287065,148.78382835495938,514.1105303687355,303.88158926131285,23.24555822392677,0.661235301566127,88.25475385660997,0.24391432134075341
3472.0,3.452509024258714,149.2531516515238,515.2978529759404,303.9087878996482,23.286952285062625,0.6607210896265512,88.39772737967594,0.24455782164252618
3473.0,3.4496212437863143,149.69580886819057,516.393842377486,303.9362601197886,23.32847302747189,0.6602053040065603,88.54101805674846,0.24517433619022588
3474.0,3.4507416540648466,146.10056056900018,504.15529003767296,303.9634200582333,23.369555659791367,0.6596949607479332,88.6827591290708,0.24415369585607097
3475.0,3.448680924661469,146.18786173900997,504.15529019637194,303.99019185243395,23.410151303127346,0.6591906670418963,88.82280226523537,0.24458535486596727
3476.0,3.450680462516249,142.23882895917836,490.8207481006272,304.01651003340623,23.450209758930967,0.6586930464729073,88.96098963607184,0.24336139099069215
3477.0,3.453556699460499,137.9419110568904,476.39021106690814,304.04173290831193,23.48912322541844,0.658209649373684,89.09532176081059,0.241947381284865
3478.0,3.4573267809383195,133.30058666016907,460.8636881749918,304.06574140041363,23.526795144643657,0.6577416752218179,89.22549297029587,0.24033064459227493
3479.0,3.457880978631348,132.35477466679257,457.66705775134017,304.08897275954905,23.563691618653824,0.6572833339297661,89.35306619144013,0.24017426050946072
3480.0,3.458506336404123,131.40656009234874,454.4704207244573,304.11191836724566,23.60032437264101,0.6568282686628446,89.47974923689561,0.23998746710616853
3481.0,3.45113439902703,138.40923466431983,477.66887089303856,304.13566493339073,23.637802781894322,0.6563626983615611,89.60923001612994,0.2430569347283712
3482.0,3.4462734119896323,142.1292021948531,489.81609059142073,304.1608992021935,23.676766346508177,0.6558786789253642,89.74360403317355,0.24481127214708925
3483.0,3.436671635154874,150.20672100475966,516.2111774866794,304.1878667257533,23.717368739893587,0.6553743013677815,89.88333552919897,0.24836941237254428
3484.0,3.4254589899931887,159.07052031954444,544.8895438714777,304.21743497256693,23.760322604074943,0.6548407129928577,90.03071237012625,0.2522849543317085
3485.0,3.4204502509423036,160.6385589535062,549.4561992835303,304.24878051763875,23.804726555481583,0.6542891111120299,90.18270503117601,0.2533531251588158
3486.0,3.415310523539111,162.2441511026737,554.1141566436312,304.28086157322116,23.849571315551472,0.6537320333471867,90.33597902602513,0.25447624433298294
3487.0,3.4100550824281313,163.8601428847644,558.7721130515906,304.313702694813,23.894863498780374,0.6531693975306785,90.49054687409766,0.2556260879411742
3488.0,3.4128248593752173,157.22409660639119,536.5783053911026,304.3460260618277,23.939458848139896,0.6526154180355292,90.64267749265262,0.2534966753656561
3489.0,3.4091865132638204,158.06164617208557,538.8616323941521,304.377654663521,23.983248525351254,0.6520714468900465,90.79204430781014,0.2543109683886604
3490.0,3.409618157478538,154.77365479219824,527.7190636787942,304.40907988975255,24.02669790992774,0.651531702982264,90.94017923199976,0.2534551983146285
3491.0,3.4068152961992424,155.249506121131,528.906392180847,304.4402164824929,24.06975672958911,0.6509968108125577,91.08693293503241,0.2540859865532787
3492.0,3.40403342338654,155.6983483691791,530.0023818147669,304.4716271338054,24.11294400331349,0.6504603229402051,91.23400381083012,0.2546992955217897
3493.0,3.4012203310025537,156.17621102320973,531.1897041510861,304.5033128066301,24.156259988526624,0.6499222361673711,91.38139183608094,0.25532620287709695
3494.0,3.3983991465416956,156.65523778361538,532.3770263851249,304.5352790872269,24.19970887936233,0.6493824983930145,91.52910968241956,0.2559575275104098
3495.0,3.395597404436578,157.10726350227702,533.4730161664654,304.5675229416114,24.243287081748957,0.648841154263988,91.67714463804415,0.2565827805973462
3496.0,3.39276223056783,157.58850816176977,534.6603384627826,304.60004558803115,24.286994903933106,0.6482981999511415,91.82549673582976,0.2572248231161558
3497.0,3.389945460414533,158.04275742123718,535.7563280715183,304.6328483680622,24.330832654599902,0.6477536316198769,91.97416594199751,0.25786141569620163
3498.0,3.3913027829386078,154.34376609552652,523.4264434889847,304.66526410013296,24.374219391479524,0.6472146659443536,92.12127211283409,0.25682524427371134
3499.0,3.3936794238497616,150.2526233401471,509.90923620890567,304.69654083879396,24.416524029878083,0.6466891424859865,92.2647881011091,0.2555890514875834
3500.0,3.3971087342991786,145.77240399758983,495.20470684000094,304.72651632296004,24.457637908250355,0.6461784110776353,92.40438367842397,0.25413589593582037
3501.0,3.39728253247991,145.1197310625509,493.0127274569864,304.7556814681691,24.498039522951203,0.6456765276652023,92.54163569189478,0.2541910046768831
3502.0,3.3975520515884137,144.43617282822254,490.72941531610616,304.78459962721126,24.538255031741333,0.6451769561274368,92.67826441855554,0.2542104196275765
3503.0,3.402104878279869,139.65223833390587,475.11156129848405,304.812638770243,24.577708408877353,0.6446868520636353,92.8123971225975,0.25252308923208455
3504.0,3.399174044478339,142.75510777557432,485.2494570674402,304.8403465802914,24.616931558168456,0.6441996079730625,92.94578176426667,0.25404162881468234
3505.0,3.399640559309047,142.06388770691385,482.9661546615502,304.8683434655868,24.656489611913504,0.6437082035787143,93.08025556480962,0.254006921154031
3506.0,3.400135250318929,141.39854439329713,480.7741751354355,304.896074925513,24.695859073641653,0.6432191419423396,93.21410722150128,0.25397971473915526
3507.0,3.3964836008777213,144.83118254991123,491.9167364265011,304.9241597304328,24.735614388810635,0.64272528709552,93.34920870765787,0.2556357962342164
3508.0,3.3961508934669102,144.52265623556582,490.820748100628,304.95267354972293,24.775802353153768,0.6422260577247978,93.4856996920078,0.2557789202631527
3509.0,3.395853449871835,144.21257142472558,489.7247581875428,304.9810657028852,24.815904019552022,0.6417279003782357,93.62188488700762,0.2559260588729927
3510.0,3.387206402661604,152.1306325381937,515.2978525743295,305.0106749319565,24.857140405836542,0.6412156471324653,93.76172829909606,0.2594507102500198
3511.0,3.385120697383016,152.54813300156198,516.3938423707245,305.0415135898325,24.89945692314483,0.640689976110002,93.90501890243192,0.2599745731440466
3512.0,3.3788466013014435,157.12926819349727,530.9156938005813,305.07320172932384,24.942469983309596,0.6401556523812473,94.05048847541026,0.26221698208671124
3513.0,3.3716271920215,162.0978588016627,546.5335485041477,305.1065036625212,24.98680686455186,0.6396048836701632,94.20013627162912,0.26465769181208026
3514.0,3.367514005657646,163.32647584057565,550.0041948878436,305.14096134531235,25.032004694541932,0.6390434199435784,94.3524335070091,0.26564838284944603
3515.0,3.3591503333662454,168.76310990286964,566.9006568901489,305.1767010047463,25.07812784339098,0.6384704615727828,94.50756116432918,0.26835466504305655
3516.0,3.353792593537532,170.44879914043827,571.6499201345683,305.2139634319033,25.125298016629365,0.6378844966878339,94.66585564679104,0.2696184366828888
3517.0,3.3441216289125753,176.37670567337622,589.8251562786847,305.2526940000103,25.173467253578135,0.6372861210735634,94.8271728650801,0.27259521058475916
3518.0,3.3373380485152064,178.54142485940895,595.8530904194242,305.2931618711635,25.22276115132391,0.6366737745177153,94.99185063100217,0.27414283097265885
3519.0,3.326056453844822,185.05083763122363,615.4895327927217,305.33556033858895,25.273258652012693,0.6360464763725131,95.16009344370285,0.27743318695485
3520.0,3.3217635889140715,183.39283508576298,609.1876420556105,305.3793083874965,25.324431788394694,0.635410785237333,95.33018734774183,0.277591679369739
3521.0,3.318299399470886,181.29980868544695,601.6070462851051,305.42287291300914,25.3750839607751,0.6347815657046572,95.4983530370747,0.2775712377956948
3522.0,3.320174983113063,174.37532137631604,578.956579705945,305.46524680502034,25.424484304431274,0.634167896839363,95.66231935086948,0.2756011079375961
3523.0,3.320013455583006,170.97260949291442,567.6313640526146,305.506079958425,25.472449892668806,0.6335720510227477,95.82156705495363,0.2749167657523346
3524.0,3.3255883893410063,162.74899703735002,541.236174924305,305.54505385448294,25.518800300977706,0.632996269553072,95.97557342888902,0.27221382128920346
3525.0,3.342922007307912,145.02067446596976,484.79280418692684,305.57962456662966,25.561544488199747,0.6324652858608726,96.11807232497337,0.26544113855761636
3526.0,3.3653447838612807,126.06118022422842,424.2393353150039,305.608035173181,25.5991926161231,0.6319976072531291,96.24432587923121,0.25771508880008887
3527.0,3.3969711466190335,101.92651540496574,346.2414319060891,305.62964364389137,25.630852732719212,0.6316043138792644,96.35133644428383,0.2472328892613755
3528.0,3.433127740597492,77.06972032006387,264.5901947909015,305.644271138036,25.65570493635103,0.6312955908527822,96.43617387096,0.2357497630714695
3529.0,3.472167925099981,51.97703121813208,180.47298063751862,305.6528336786398,25.673619784547952,0.6310730461546838,96.49798800928771,0.22348932071461836
3530.0,3.4944966740292376,42.15751532741692,147.31929709699503,305.65768789308936,25.686691522909396,0.6309106643116844,96.54351467198543,0.21775005575706455
3531.0,3.51561248480352,32.655740485334825,114.80492895074687,305.66065855995856,25.696978048114467,0.6307828813898824,96.57957401562392,0.21194909898988507
3532.0,3.52735190215754,30.682787512146696,108.22898889446627,305.6626321275885,25.705725642816756,0.6306742156171832,96.61038785359177,0.20952237098455143
3533.0,3.537692552326949,29.069901086261645,102.84037256974891,305.66425461157695,25.714024316112162,0.6305711265079235,96.6397030098976,0.20724245182221415
3534.0,3.5468172184026265,27.810589723741042,98.63907848609587,305.6655689020957,25.721924173162524,0.6304729916377325,96.66768623521845,0.20512932104281684
3535.0,3.5585966130474036,23.509422632024442,83.66055175302216,305.66645546649414,25.72905144314017,0.6303844541224823,96.69300549026268,0.2016100435195149
3536.0,3.573258936517286,16.20503674849555,57.904792378152756,305.66664710864416,25.734566220304046,0.6303159475738627,96.71266720105838,0.19666822396524838
3537.0,3.5806771177633983,15.482774228859961,55.43881540077571,305.6663870011938,25.738967211459485,0.6302612768762796,96.72840936446535,0.19475396223705668
3538.0,3.5906298409827295,11.929643966535023,42.83493561854023,305.6658942304273,25.742774094949258,0.6302139863981457,96.74205834544313,0.191529871823222
3539.0,3.593695937636203,14.613416648816774,52.5161760458381,305.6653302517709,25.746495960460738,0.6301677520439659,96.75542879717267,0.19122800181033286
3540.0,3.592873267627553,20.488888270883454,73.61397895186488,305.6650669586545,25.75137122061709,0.6301071898059989,96.77294702230508,0.19247801201318646
3541.0,3.5881138906085694,29.501388758155997,105.85434279538303,305.6654046453157,25.75831383797761,0.6300209461120794,96.79787330303289,0.19529294301423006
3542.0,3.591116911201643,30.239705779572624,108.59431881478531,305.6661386206172,25.766634473163148,0.6299175841843087,96.82774423169728,0.1944110698917135
3543.0,3.5908320157097773,33.9555984826291,121.92885014401091,305.667029145732,25.775550549182544,0.6298068254759932,96.85976181358473,0.19497355141584996
3544.0,3.5927824169388143,35.08111760839705,126.03882251001156,305.66810650173124,25.78517360136592,0.6296872844550817,96.8943282615012,0.194425696175098
3545.0,3.5972389480104803,33.56505932860536,120.7415387091417,305.66910723169616,25.794707651354337,0.6295688490514989,96.92860307074876,0.1927050496518387
3546.0,3.6015962552563687,32.10435369967226,115.62692006216555,305.6699181899888,25.80382827572109,0.6294555493699243,96.96143181383891,0.19103489088467818
3547.0,3.600386162776509,36.07245956316896,129.8747842685487,305.67079842464983,25.81329733758615,0.6293379212722217,96.99552987282422,0.19190166842256157
3548.0,3.604017519125948,34.89573077887623,125.76482506977248,305.6717442084303,25.82311282423543,0.6292159897610505,97.030891630038,0.19045918659824174
3549.0,3.60220729690408,39.07141837914141,140.74334838573537,305.6728067761549,25.833386145937588,0.6290883708579181,97.06790755126946,0.19152029235673754
3550.0,3.60248778392436,40.81770758099927,147.0452929283466,305.6741097382264,25.844481862268918,0.6289505358724358,97.10787832806,0.19153180459657787
3551.0,3.605102642508779,40.05340910503116,144.396651006033,305.67542095334267,25.855713886627452,0.6288110076195348,97.14835619946302,0.19044139693763804
3552.0,3.607665753248893,39.31609834865356,141.8393415638028,305.6766227127663,25.866737329965343,0.6286740704352132,97.18811092375886,0.1893901974804567
3553.0,3.6101735016192826,38.6057247772533,139.37336460164684,305.67772035109624,25.877559706653162,0.6285396309732526,97.22716797085839,0.18837159758188712
3554.0,3.612675097226159,37.87112083908856,136.81605515941789,305.67871676586986,25.888181386104446,0.6284076846446652,97.26552731979359,0.18736002804426843
3555.0,3.6151213391192467,37.163366203912204,134.35007819726604,305.6796147783406,25.898602740475738,0.6282782268263882,97.30318899631033,0.18637763616391276
3556.0,3.6175367182506957,36.45687949727032,131.88410021421635,305.6804182604517,25.908827676945545,0.6281512089820429,97.3401657074674,0.18541185592974962
3557.0,3.622435413315326,33.2307391544546,120.37620632374052,305.6810242105105,25.918506000859885,0.6280309813557778,97.37520048033726,0.1832920435905352
3558.0,3.6225403929605764,34.944211425903454,126.58681739048976,305.68153647555755,25.92797476242949,0.6279133569884535,97.40950106327908,0.18345190210813772
3559.0,3.6273163347954083,31.775996142090907,115.26158986060223,305.6819626727597,25.937241115984527,0.6277982470064034,97.44309034879414,0.18138002319383034
3560.0,3.6298408772906536,30.99904906636022,112.521615458213,305.6822063664901,25.94595983065622,0.6276899399918481,97.47472683548179,0.18040906373478238
3561.0,3.63230884683415,30.248797161525278,109.87297353589999,305.6823662422965,25.954466369649843,0.627584268700002,97.5056146677089,0.1794580230167507
3562.0,3.6347463323259857,29.49981119999938,107.22433056350678,305.6824459490162,25.962764687422265,0.6274811840071768,97.53576680114084,0.17851843418781677
3563.0,3.6371551502378625,28.752056054871876,104.57568875990496,305.68244811363184,25.97085512363769,0.6273806816939417,97.56518319448347,0.17759033879887887
3564.0,3.641861234148121,25.655322596845842,93.43312481501717,305.68229547093347,25.978411220939975,0.6272868171311804,97.5926831070357,0.17557828404603323
3565.0,3.6490905606448494,20.12318213431822,73.4313139764777,305.68184551630327,25.984768883567018,0.6272078399556892,97.61585835047094,0.17241226183020517
3566.0,3.6612278586511136,9.878559683417771,36.167657916276866,305.6809443596988,25.988934568335036,0.6271560923188193,97.63108025551175,0.1669896801427562
3567.0,3.6735338105503783,-1.5612908357207078e-06,-5.7354546731224765e-06,305.6795682534913,25.990102130311477,0.6271415884433356,97.6353603585817,0.1616214674542209
3568.0,3.6764835249490986,-2.5470364089945155e-68,-9.36413739511385e-68,305.6780501027492,25.990102130311477,0.6271415884433356,97.6353603585817,0.16078245303618344
3569.0,3.6793032191360044,-8.056990403527986e-85,-2.9644110728248417e-84,305.6765322263488,25.990102130311477,0.6271415884433356,97.6353603585817,0.15994356065076373
3570.0,3.6819943331378493,6.322669695790015e-103,2.3280033990201242e-102,305.6750146560065,25.990102130311477,0.6271415884433356,97.6353603585817,0.15912092458018706
3571.0,3.68456880766767,-5.7380799238691003e-123,-2.1142350303392168e-122,305.67349739166133,25.990102130311477,0.6271415884433356,97.6353603585817,0.15831966526275662
3572.0,3.687035868976455,8.151453157734054e-137,3.0054700176846845e-136,305.67198043324896,25.990102130311477,0.6271415884433356,97.6353603585817,0.15754105113102074
3573.0,3.689403205077138,7.201118689427829e-145,2.656783037291591e-144,305.67046378070404,25.990102130311477,0.6271415884433356,97.6353603585817,0.15678532058353156
3574.0,3.691677445685867,3.5180472385079197e-153,1.2987495643257136e-152,305.66894743397194,25.990102130311477,0.6271415884433356,97.6353603585817,0.15605230435087974
3575.0,3.6938643670933544,-5.7012359656680074e-161,-2.1059592381972124e-160,305.6674313929847,25.990102130311477,0.6271415884433356,97.6353603585817,0.15534166556097115
3576.0,3.695969150336164,4.5585905218364076e-169,1.6848409937722198e-168,305.6659156576912,25.990102130311477,0.6271415884433356,97.6353603585817,0.15465298748255224
3577.0,3.6979964317112364,-5.063616349450088e-178,-1.8725235191821103e-177,305.66440022802993,25.990102130311477,0.6271415884433356,97.6353603585817,0.15398582331826288
3578.0,3.6999504181090366,-2.2752224583159087e-186,-8.418210285937016e-186,305.66288510393974,25.990102130311477,0.6271415884433356,97.6353603585817,0.15333971105790253
3579.0,3.7018349514912963,-2.014237130357788e-194,-7.45637340974999e-194,305.66137028535957,25.990102130311477,0.6271415884433356,97.6353603585817,0.15271418063718903
3580.0,3.7036535591738744,-2.416105687671206e-202,-8.948418429483703e-202,305.65985577222864,25.990102130311477,0.6271415884433356,97.6353603585817,0.15210875656870881
3581.0,3.705409488945512,5.47306013393408e-218,2.0279928953848735e-217,305.65834156448057,25.990102130311477,0.6271415884433356,97.6353603585817,0.1515229599785704
3582.0,3.707105758912867,-5.7695834468518e-234,-2.138845602235266e-233,305.6568276620605,25.990102130311477,0.6271415884433356,97.6353603585817,0.15095630529542714
3583.0,3.708745166713479,2.2906905919894387e-250,8.495587661476869e-250,305.6553140649085,25.990102130311477,0.6271415884433356,97.6353603585817,0.15040830458076954
3584.0,3.7103303186736127,-2.1506920131365706e-267,-7.979777782469806e-267,305.6538007729649,25.990102130311477,0.6271415884433356,97.6353603585817,0.14987846705305613
3585.0,3.711863649490172,-7.276092270821718e-286,-2.7007862410399537e-285,305.65228778617046,25.990102130311477,0.6271415884433356,97.6353603585817,0.14936630009713076
3586.0,3.7133474388126704,-1.1699862390693765e-303,-4.344565404294338e-303,305.6507751044595,25.990102130311477,0.6271415884433356,97.6353603585817,0.14887131051539854
3587.0,3.71478382388566,7.16e-321,2.6596e-320,305.64926272770634,25.990102130311477,0.6271415884433356,97.6353603585817,0.14839300616680812
3588.0,3.7161748190037116,0.0,0.0,305.64775065585326,25.990102130311477,0.6271415884433356,97.6353603585817,0.14793089632803363
3589.0,3.7175223253889285,0.0,0.0,305.64623888884773,25.990102130311477,0.6271415884433356,97.6353603585817,0.14748449240547257
3590.0,3.718828129620917,0.0,0.0,305.64472742662457,25.990102130311477,0.6271415884433356,97.6353603585817,0.1470533131252065
3591.0,3.720093922265974,0.0,0.0,305.6432162691225,25.990102130311477,0.6271415884433356,97.6353603585817,0.14663688248435627
3592.0,3.7213213031828785,0.0,0.0,305.6417054162798,25.990102130311477,0.6271415884433356,97.6353603585817,0.14623473159556508
3593.0,3.722511810114515,0.0,0.0,305.6401948680613,25.990102130311477,0.6271415884433356,97.6353603585817,0.1458463911859908
3594.0,3.723666858595182,0.0,0.0,305.63868462438927,25.990102130311477,0.6271415884433356,97.6353603585817,0.14547141788889348
3595.0,3.7247878242937347,0.0,0.0,305.6371746852033,25.990102130311477,0.6271415884433356,97.6353603585817,0.14510936545213024
3596.0,3.7258760093273207,0.0,0.0,305.6356650504471,25.990102130311477,0.6271415884433356,97.6353603585817,0.14475980008192937
3597.0,3.7269326691771436,0.0,0.0,305.63415572006096,25.990102130311477,0.6271415884433356,97.6353603585817,0.14442229176972038
3598.0,3.7279589644246776,0.0,0.0,305.6326466939867,25.990102130311477,0.6271415884433356,97.6353603585817,0.14409643631413444
3599.0,3.728956040566061,0.0,0.0,305.6311379721659,25.990102130311477,0.6271415884433356,97.6353603585817,0.14378182396459827
3600.0,3.7299249650310013,0.0,0.0,305.62962955454066,25.990102130311477,0.6271415884433356,97.6353603585817,0.14347806730790721
